:020000040800F2
:10000000000002207D1E0008211C0008271C00089B
:100010002D1C0008331C0008391C000800000000DB
:100020000000000000000000000000003F1C00086D
:100030004D1C0008000000005B1C0008691C000843
:10004000CD1E0008CD1E0008CD1E0008CD1E0008E4
:10005000CD1E0008CD1E0008CD1E0008CD1E0008D4
:10006000CD1E0008CD1E0008CD1E0008CD1E0008C4
:10007000CD1E0008CD1E0008CD1E0008CD1E0008B4
:10008000CD1E0008CD1E0008CD1E0008CD1E0008A4
:10009000CD1E0008CD1E0008CD1E0008CD1E000894
:1000A000CD1E0008CD1E0008CD1E0008CD1E000884
:1000B000751C0008CD1E0008891C0008CD1E000814
:1000C000CD1E0008CD1E0008CD1E0008CD1E000864
:1000D000CD1E0008CD1E0008CD1E0008CD1E000854
:1000E000CD1E0008CD1E0008CD1E0008CD1E000844
:1000F000CD1E0008CD1E0008CD1E0008CD1E000834
:10010000CD1E0008CD1E0008CD1E0008CD1E000823
:10011000CD1E0008CD1E0008CD1E0008CD1E000813
:10012000CD1E0008CD1E0008CD1E0008CD1E000803
:10013000CD1E0008CD1E0008CD1E0008CD1E0008F3
:10014000CD1E0008CD1E0008CD1E0008CD1E0008E3
:10015000CD1E0008CD1E0008CD1E0008CD1E0008D3
:10016000CD1E0008CD1E0008CD1E0008CD1E0008C3
:10017000CD1E0008CD1E0008CD1E000800000000A6
:08018000CD1E0008CD1E000891
:1001880010B5054C237833B9044B13B10448AFF3C9
:1001980000800123237010BD14000020000000001F
:1001A8002845000808B5034B1BB103490348AFF3C2
:1001B800008008BD00000000180000202845000845
:1001C800034613F8012B002AFBD1181A013870478F
:1001D80053B94AB9002908BF00281CBF4FF0FF31A6
:1001E8004FF0FF3000F070B9ADF1080C6DE904CEA6
:1001F80000F006F8DDF804E0DDE9022304B07047FA
:100208002DE9F047089E0D4604460F46002B4AD1BB
:100218008A42944665D9B2FA82F343B102FA03FCE2
:10022800C3F120029F4020FA02F217439C404FEA94
:100238001C4E1FFA8CF5B7FBFEF1220C0EFB117752
:1002480042EA074201FB05F090420AD91CEB020280
:1002580001F1FF3780F01C81904240F21981023988
:100268006244121AA4B2B2FBFEF00EFB102244EA5A
:10027800024400FB05F5A5420AD91CEB040400F171
:10028800FF3280F00781A54240F2048164440238BD
:1002980040EA0140641B00211EB1DC400023C6E98E
:1002A8000043BDE8F0878B4208D9002E00F0ED80AE
:1002B8000021C6E900050846BDE8F087B3FA83F1D6
:1002C800002949D1AB4202D3824200F2F880841A55
:1002D80065EB030201201746002EE2D0C6E900476D
:1002E800DFE702B9FFDEB2FA82F3002B40F090801C
:1002F8008A1A4FEA1C471FFA8CFE0121B2FBF7F558
:1003080007FB1520220C42EA00420EFB05F0904242
:1003180008D91CEB020205F1FF3802D2904200F224
:10032800CB804546121AA4B2B2FBF7F007FB1022A5
:1003380044EA02440EFB00FEA64508D91CEB04045F
:1003480000F1FF3202D2A64500F2BB801046A4EBB2
:100358000E0440EA05409FE7C1F120078B4022FACE
:1003680007FC4CEA030C05FA01F420FA07F3FD40F8
:100378004FEA1C492343B5FBF9F81FFA8CFE09FB29
:1003880018551C0C44EA054408FB0EF5A54202FA70
:1003980001F200FA01F00BD91CEB040408F1FF3A52
:1003A80080F08880A54240F28580A8F10208644464
:1003B800641B9DB2B4FBF9F309FB134445EA0444FA
:1003C80003FB0EFEA64508D91CEB040403F1FF3518
:1003D8006CD2A6456AD9023B644443EA0843A3FBAE
:1003E8000295A4EB0E04AC42C846AE4656D353D091
:1003F80056B1B0EB080264EB0E0404FA07F7CA40E2
:10040800CC401743C6E9007418460021BDE8F087C0
:10041800C3F1200102FA03FC20FA01F225FA01F1E6
:100428009D402A434FEA1C471FFA8CFEB1FBF7F0A8
:1004380007FB1015110C41EA054100FB0EF58D4232
:1004480004FA03F408D91CEB010100F1FF382FD29C
:100458008D422DD902386144491B92B2B1FBF7F5A0
:1004680007FB151142EA014205FB0EF1914208D93A
:100478001CEB020205F1FF3816D2914214D9023D55
:100488006244521A45EA004138E73146304608E7E7
:100498003946E6E61046FBE64845A9D2B9EB02081C
:1004A80065EB0C0E013BA3E74546EAE72B4694E7CC
:1004B8004046D1E7D0467BE7023D624432E7084632
:1004C8000AE76444023842E7704700BF80B500AFCE
:1004D80001220821024802F03BF800BF80BD00BF9E
:1004E800000C024080B584B000AF002208212F48DC
:1004F80002F02EF8012208212C4802F029F80A23DC
:1005080002222B492B4802F066FE0023FB604FF4C1
:1005180000437B8100237B603FE07B68002B06DB88
:100528007B68032B03DC7B680433FB6018E07B6883
:10053800032B07DD7B68072B04DC7B68C3F107030B
:10054800FB600DE07B68072B06DD7B680B2B03DC6B
:100558007B680433FB6003E07B68C3F11703FB602F
:10056800134B1A887B8913409BB2002B05D0124A83
:10057800FB68002122F8131009E00F4AFB6832F8E3
:100588001330013399B20C4AFB6822F813107B89A7
:100598005B087B817B6801337B607B680F2BBCDD4C
:1005A80000BF00BF1037BD4680BD00BF000C024031
:1005B80050000020C00000203000002080B58EB020
:1005C80000AF07F11C0300221A605A609A60DA60D3
:1005D8001A615A619A613B4600221A605A609A6011
:1005E800DA601A615A619A612F4B4FF020421A6003
:1005F8002D4B2E4A5A602C4B00229A602A4B00221F
:10060800DA60294B00221A61274B10225A61264BC7
:1006180000229A61244B0022DA61234B00221A62DD
:10062800214B00225A62204B4FF480529A621E4B93
:100638000022DA621C4B4FF480421A631A4B0022E4
:100648005A63194B00229A63174B00225A640F23EE
:10065800FB610F233B623C237B620023BB621023B8
:10066800FB6211233B6300237B6309233B600F2359
:100678007B600823BB600023FB6010233B611123D0
:100688007B610023BB613A4607F11C031946064803
:1006980003F084F90346002B01D001F09FF900BF55
:1006A8003837BD4680BD00BF54000020040100A0BB
:1006B80080B586B000AF3B1D00221A605A609A6070
:1006C800DA601A611C4B1B68002B31D11A4B0122CE
:1006D8001A6000233B60194B9B6B184A43F00103D7
:1006E8009363164B9B6B03F001033B603B684FF62B
:1006F80088737B600223BB600023FB6003233B619C
:100708000C237B613B1D19460D4801F085FD4CF219
:10071800B3737B600223BB600023FB6003233B6150
:100728000C237B613B1D1946064801F075FD00E06E
:1007380000BF1837BD4680BDA40000200038024025
:1007480000100240000C024080B582B000AF786013
:10075800FFF7AEFF00BF0837BD4680BD80B58CB03F
:1007680000AF07F11C0300221A605A609A60DA6031
:100778001A610023BB61634B1B6B624A43F0100391
:100788001363604B1B6B03F01003BB61BB69002351
:100798007B615C4B1B6B5B4A43F004031363594B4F
:1007A8001B6B03F004037B617B6900233B61554BA2
:1007B8001B6B544A43F080031363524B1B6B03F0CB
:1007C80080033B613B690023FB604E4B1B6B4D4A2A
:1007D80043F0080313634B4B1B6B03F00803FB60E8
:1007E800FB680023BB60474B1B6B464A43F0400342
:1007F8001363444B1B6B03F04003BB60BB680023CF
:100808007B60404B1B6B3F4A43F0010313633D4B36
:100818001B6B03F001037B607B6800233B60394B53
:100828001B6B384A43F002031363364B1B6B03F010
:1008380002033B603B6800227021334801F088FEC8
:1008480000224FF40051314801F082FE002240217D
:100858002F4801F07DFE00224FF480712D4801F0F1
:1008680077FE002208212C4801F072FE7023FB61FC
:1008780001233B6200237B620023BB6207F11C0358
:100888001946214801F0C8FC4FF40053FB610123CD
:100898003B6200237B620023BB6207F11C031946FD
:1008A8001A4801F0B9FC4023FB6101233B62002395
:1008B8007B620023BB6207F11C031946144801F050
:1008C800ABFC4FF48073FB6101233B6200237B6226
:1008D8000023BB6207F11C0319460E4801F09CFC7B
:1008E8000823FB6101233B6200237B620023BB6278
:1008F80007F11C031946084801F08EFC00BF303789
:10090800BD4680BD00380240001002400008024089
:100918000018024000000240000C024080B483B07E
:1009280000AF0346FB80044AFB88138000BF0C37E6
:10093800BD465DF8047B7047FEFF0F6080B483B04E
:1009480000AF0346FB80044AFB88538000BF0C3786
:10095800BD465DF8047B7047FEFF0F6080B483B02E
:1009680000AF064B5B889BB2FB80FB889BB21846A6
:100978000C37BD465DF8047B704700BFFEFF0F6073
:1009880090B583B000AF0446084611461A46234680
:10099800FB800346BB800B467B8013463B802A20A6
:1009A800FFF7BCFFFB881B0A9BB21846FFF7C6FF80
:1009B800FB88DBB29BB21846FFF7C0FF7B881B0A97
:1009C8009BB21846FFF7BAFF7B88DBB29BB218468A
:1009D800FFF7B4FF2B20FFF7A1FFBB881B0A9BB2D0
:1009E8001846FFF7ABFFBB88DBB29BB21846FFF790
:1009F800A5FF3B881B0A9BB21846FFF79FFF3B8861
:100A0800DBB29BB21846FFF799FF2C20FFF786FF51
:100A180000BF0C37BD4690BD80B584B000AF03461B
:100A2800FB80154B1B88013B9AB2134B5B88013B3B
:100A38009BB200210020FFF7A3FF0023FB8111E0F8
:100A48000023BB8106E0FB881846FFF777FFBB89C8
:100A58000133BB81084B5B88BA899A42F3D3FB897F
:100A68000133FB81044B1B88FA899A42E8D300BF03
:100A780000BF1037BD4680BDA800002090B585B0E6
:100A880000AF0446084611461A462346FB80034633
:100A9800BB800B467B8013463B807B88013B9AB228
:100AA8003B88013B9BB2B988F888FFF769FFBB8890
:100AB800FB8110E0FB88BB8106E03B8C1846FFF702
:100AC8003DFFBB890133BB81BA897B889A42F4D345
:100AD800FB890133FB81FA893B889A42EAD300BF3C
:100AE80000BF1437BD4690BD80B582B000AF034645
:100AF800FB800B46BB8013467B80BB88FA88B9888D
:100B0800F888FFF73DFF7B881846FFF717FF00BFFF
:100B18000837BD4680BD90B58DB000AF0446084685
:100B280011461A462346FB800346BB800B467B8052
:100B380013463B800023BB6200237B627A88FB88D4
:100B4800D31A3B623A88BB88D31AFB61FB88FB60E7
:100B5800BB88BB603B6A002B02DD01237B610BE095
:100B68003B6A002B02D100237B6105E04FF0FF3385
:100B78007B613B6A5B423B62FB69002B02DD012320
:100B88003B610BE0FB69002B02D100233B6105E0D0
:100B98004FF0FF333B61FB695B42FB613A6AFB69DB
:100BA8009A4202DD3B6ABB6101E0FB69BB6100233D
:100BB800FB852BE0FB689BB2BA6891B2B7F840207E
:100BC8001846FFF791FFBA6A3B6A1344BB627A6A18
:100BD800FB6913447B62BA6ABB699A4207DDBA6A49
:100BE800BB69D31ABB62FA687B691344FB607A6AF3
:100BF800BB699A4207DD7A6ABB69D31A7B62BA6815
:100C08003B691344BB60FB8D0133FB85FB8DBA69DF
:100C18009A42CFDA00BF00BF3437BD4690BD00000E
:100C280090B587B000AF0446084611461A462346D9
:100C3800FB800346BB800B46FB7013463B800023BA
:100C48007B75FB883B8297F82C305B08FB73FB7B3A
:100C5800DB08DBB21A46FB7B03F00703DBB2002B91
:100C680014BF01230023DBB213449AB297F82C3047
:100C78009BB212FB03F3BB81FB78203BFB70FB7B31
:100C88009AB2FB8813449BB2013B9CB297F82C3074
:100C98009AB2BB8813449BB2013B9BB2B988F888CF
:100CA8002246FFF76DFE00237B827AE097F82C300E
:100CB8000C2B28D097F82C30102B08D1FA787B8A87
:100CC8003C4912010A4413441B78FB751BE097F852
:100CD8002C30182B0BD1FA78798A374813465B00E9
:100CE80013441B0103440B441B78FB750BE097F876
:100CF8002C30202B5AD1FA787B8A304992010A4449
:100D080013441B78FB750023BB7544E097F830301B
:100D1800002B20D1FA7DBB7D42FA03F303F00103D7
:100D2800002B04D03B881846FFF708FE03E03B8DF4
:100D38001846FFF703FE7B7D01337B757B7DFA7BCD
:100D4800B3FBF2F101FB02F29B1ADBB2002B1FD1BD
:100D580000237B7522E0FA7DBB7D42FA03F303F0A2
:100D68000103002B05D03A88B988FB881846FFF79D
:100D7800BBFEFB880133FB80FA883B8AD21AFB7BD7
:100D88009A4205D13B8AFB80BB880133BB8005E0D2
:100D9800BB7D0133BB75BB7D072BB7D97B8A01337C
:100DA8007B827A8ABB899A4280D300E000BF1C37D5
:100DB800BD4690BDA0450008904B0008605D000846
:100DC80090B587B000AF0446084611461A46234638
:100DD800FB800346BB800B467B8013463B80002389
:100DE8003B61FA887B8813449BB2013B9CB2BA886A
:100DF8003B8813449BB2013B9BB2B988F8882246D2
:100E0800FFF7BEFD0023FB8227E00023BB821DE025
:100E18003B695B00BA6A13441B78FB733B695B0050
:100E28000133BA6A13441B78BB73FB7B1B021AB2EB
:100E3800BB7B1BB213431BB29BB21846FFF77EFD68
:100E48003B6901333B61BB8A0133BB82BA8A3B8869
:100E58009A42DDD3FB8A0133FB82FA8A7B889A4265
:100E6800D3D300BF00BF1C37BD4690BD80B483B04C
:100E780000AF0346FB71FB791B09DBB203F00303E8
:100E8800DBB2002B07D00A4B4FF4A0721A80084B34
:100E9800F0225A8006E0064BF0221A80044B4FF4E9
:100EA800A0725A8000BF0C37BD465DF8047B7047BE
:100EB800A800002080B500AF00224FF40051AA48D6
:100EC80001F046FB4FF4FA7001F070F801224FF47C
:100ED8000051A54801F03CFB4FF4FA7001F066F8A8
:100EE8000020FFF7C3FFD320FFF718FDFFF736FDFB
:100EF80003461A469D4B9A80FFF730FD03461A4673
:100F08009A4B9A80FFF72AFD03461A46974B9A8018
:100F1800964B9B881B029AB2944B9A80FFF71EFD52
:100F280003461A46914B9B8813439AB28F4B9A807B
:100F3800CF20FFF7F3FC0020FFF700FDC120FFF7EB
:100F4800FDFC3020FFF7FAFCED20FFF7E7FC6420FA
:100F5800FFF7F4FC0320FFF7F1FC1220FFF7EEFC8B
:100F68008120FFF7EBFCE820FFF7D8FC8520FFF78E
:100F7800E5FC1020FFF7E2FC7A20FFF7DFFCCB202E
:100F8800FFF7CCFC3920FFF7D9FC2C20FFF7D6FC63
:100F98000020FFF7D3FC3420FFF7D0FC0220FFF736
:100FA800CDFCF720FFF7BAFC2020FFF7C7FCEA20AA
:100FB800FFF7B4FC0020FFF7C1FC0020FFF7BEFCE0
:100FC800C020FFF7ABFC1B20FFF7B8FCC120FFF7E0
:100FD800A5FC0120FFF7B2FCC520FFF79FFC3020DD
:100FE800FFF7ACFC3020FFF7A9FCC720FFF796FC01
:100FF800B720FFF7A3FC3620FFF790FC0820FFF787
:101008009DFC3A20FFF78AFC5520FFF797FCB1209A
:10101800FFF784FC0020FFF791FC1A20FFF78EFCF5
:10102800B620FFF77BFC0A20FFF788FCA220FFF719
:1010380085FCF220FFF772FC0020FFF77FFC2620DA
:10104800FFF76CFC0120FFF779FCE020FFF766FC56
:101058000F20FFF773FC2A20FFF770FC2820FFF70A
:101068006DFC0820FFF76AFC0E20FFF767FC0820DC
:10107800FFF764FC5420FFF761FCA920FFF75EFC32
:101088004320FFF75BFC0A20FFF758FC0F20FFF70F
:1010980055FC0020FFF752FC0020FFF74FFC002012
:1010A800FFF74CFC0020FFF749FCE120FFF736FC76
:1010B8000020FFF743FC1520FFF740FC1720FFF73F
:1010C8003DFC0720FFF73AFC1120FFF737FC06200C
:1010D800FFF734FC2B20FFF731FC5620FFF72EFCDE
:1010E8003C20FFF72BFC0520FFF728FC1020FFF71A
:1010F80025FC0F20FFF722FC3F20FFF71FFC3F20B5
:10110800FFF71CFC0F20FFF719FC2B20FFF706FC4C
:101118000020FFF713FC0020FFF710FC0120FFF769
:101128000DFC3F20FFF70AFC2A20FFF7F7FB002001
:10113800FFF704FC0020FFF701FC0020FFF7FEFB8F
:10114800EF20FFF7FBFB1120FFF7E8FB782000F00A
:101158002DFF2920FFF7E2FB01224FF4807104489C
:1011680001F0F6F900BF80BD00080240A800002089
:101178000000024090B58BB004AFBA601A4603462F
:10118800FB810B46BB811346FB80FB89BB82002396
:10119800FB7548E0FB7D002B45D1FA89264B1B885F
:1011A800194697F82C305B08DBB2CB1A9A423FDC21
:1011B800BA89214B5B88194697F82C30CB1A9A428A
:1011C80036DCBB681B78802B02D90123FB752AE02B
:1011D800BB681B780D2B0BD197F82C309AB2BB89C2
:1011E8001344BB81BB8AFB81BB680133BB6017E03A
:1011F800BB681A78FC88B989F88997F83030029367
:1012080097F82C3001933B8D00932346FFF708FD98
:1012180097F82C305B08DBB29AB2FB891344FB8148
:10122800BB680133BB60BB681B78002BB2D100E000
:1012380000BF1C37BD4690BDA800002080B58AB00D
:1012480004AFBA601A460346FB810B46BB811346BE
:10125800FB80B868FEF7B4FF0346FB820F4B1B8880
:101268001A46FB8ADB00D31ADA0F13445B10BB82E1
:10127800FA89BB8A134498B2FA88B98997F8283052
:10128800029397F8243001933B8C00931346BA6875
:10129800FFF770FF00BF1837BD4680BDA8000020CB
:1012A80080B500AF3F4B1B88DBB29AB23D4B1A802A
:1012B8003D4B1B881A463D4B9B5C1B021AB2394BAF
:1012C8001B881BB213431BB29AB2364B1A80364B9B
:1012D8001B88032B46D801A252F823F0F512000808
:1012E80013130008311300084F1300082D4B1B88F7
:1012F80043F0B0039AB22B4B1A802A4B1B8823F079
:1013080040039AB2274B1A802DE0264B1B8843F0E6
:10131800D0039AB2234B1A80224B1B8823F0200358
:101328009AB2204B1A801EE01E4B1B8843F0E00344
:101338009AB21C4B1A801B4B1B8823F010039AB2DD
:10134800184B1A800FE0174B1B8843F070039AB2B2
:10135800144B1A80134B1B8823F080039AB2114B4D
:101368001A8000E000BF104B1B8801335A4203F07B
:10137800030302F0030258BF53429AB20A4B1A8081
:10138800002240210A4801F0E3F80123022205491E
:10139800084801F0E4FD01224021054801F0D8F891
:1013A80000BF80BD04000020AE0000200000002027
:1013B80000180240C000002080B500AF00F084FD96
:1013C80000F01CF8FFF7CAF900F076FC00F07EFB8D
:1013D800FFF7F4F800F0BCFC00F07AF800BF064B09
:1013E8001B78002BFBD0044B00221A70FFF77AF809
:1013F80000F0CEF9F2E700BFB400002080B594B049
:1014080000AF07F1200330220021184603F05CF8F2
:1014180007F10C0300221A605A609A60DA601A61B8
:101428000023BB60284B1B6C274A43F0805313648E
:10143800254B1B6C03F08053BB60BB6800237B60AB
:10144800224B1B68214A43F4804313601F4B1B68DF
:1014580003F480437B607B6801233B624FF4803355
:101468007B620223BB634FF48003FB6304233B646A
:10147800A8237B640223BB640423FB6407F12003D5
:10148800184601F07FF80346002B01D000F0A6FAB9
:101498000F23FB6002233B6100237B614FF4A053C1
:1014A800BB614FF4A053FB6107F10C0305211846FB
:1014B80001F0E0FA0346002B01D000F08FFA00BFDC
:1014C8005037BD4680BD00BF003802400070004064
:1014D80080B500AF002220210D4801F039F8002224
:1014E80040210B4801F034F800221021084801F08F
:1014F8002FF8FEF7EBFFFFF7DDFC00F075FA32205E
:1015080000F07CFA4FF47A7000F050FD00BF80BD07
:101518000010024080B400AF054BDB88012B01D1DD
:10152800012300E000231846BD465DF8047B7047A0
:101538003000002080B400AF054BDB89012B01D1BE
:10154800012300E000231846BD465DF8047B704780
:101558003000002080B400AF054BDB8A012B01D19D
:10156800012300E000231846BD465DF8047B704760
:101578003000002080B400AF054BDB8B012B01D17C
:10158800012300E000231846BD465DF8047B704740
:101598003000002080B400AF054B1B88C82B01D158
:1015A800012300E000231846BD465DF8047B704720
:1015B8000600002080B400AF054B1B88642B01D1C6
:1015C800012300E000231846BD465DF8047B704700
:1015D8000600002080B582B002AF104B1B88013B8B
:1015E80099B20E4B1B88013B9BB248F25C72009289
:1015F800DE227A20FFF78FFA084B1988084B0093F0
:101608003A235A227A20FFF7DBFB044B1B8801336D
:101618009AB2024B1A8000BFBD4680BD060000206A
:101628001408010880B582B002AF104B1B883A330A
:1016380099B20E4B1B883A339BB248F25C72009207
:10164800DE227A20FFF767FA084B1988084B0093C7
:101658003A235A227A20FFF7B3FB044B1B88013B3D
:101668009AB2024B1A8000BFBD4680BD060000201A
:101678001408010880B582B002AF064B1988064BE2
:1016880000933A235A227A20FFF79AFB00BFBD46FF
:1016980080BD00BF060000201408010880B582B094
:1016A80002AF0C4B19880C4B00933A235A227A202C
:1016B800FFF786FB074B1988064B1B883A339BB20A
:1016C80048F25C72009269221420FFF7D7F900BF34
:1016D800BD4680BD060000201408010880B582B010
:1016E80002AF134B1988134B00933A235A22142044
:1016F800FFF766FB0E4B1B88073399B20C4B1B8810
:101708003A339BB2002200926E226920FFF7B6F9A5
:10171800074B1988064B1B883A339BB248F25C7218
:101728000092D4227A20FFF7A9F900BFBD4680BDF8
:10173800060000201408010880B500AF134B1B8871
:10174800042B08D8FFF7AAFF104B1B8801339AB265
:101758000E4B1A8017E00D4B1B88042B0CD90B4B32
:101768001B88082B08D8FFF7B9FF084B1B880133E3
:101778009AB2064B1A8006E0044B1B88092B02D14B
:10178800024B00221A8000BF80BD00BFB2000020BB
:1017980080B584B004AF884B1B78062B00F2F98023
:1017A80001A252F823F000BFCD170008FD1700086A
:1017B8008118000811190008D11800084F180008EE
:1017C8005119000848F25C70FFF726F91F230093AF
:1017D8001423F02200210020FFF750F9774B0093E3
:1017E800D1235A2264214620FFF7EAFA724B0522D8
:1017F8001A70DDE000230293102301931F23009346
:101808004FF6FF736E4A02210020FFF717FDFFF71E
:1018180009FFFFF78FFE0346002B02D0664B02221A
:101828001A70FFF7C7FE0346002B02D0624B042252
:101838001A70FFF78FFE0346002B00F0AE805E4B58
:1018480003221A70A9E000230293102301931F2397
:1018580000934FF6FF735B4A02210020FFF7EEFC6E
:10186800FFF708FFFFF756FE0346002B00F09780AE
:10187800514B01221A7092E0002302931023019326
:101888001F2300934FF6FF734F4A02210020FFF7F2
:10189800D5FCFFF79FFEFFF73DFE0346002B02D065
:1018A800454B01221A70FFF775FE0346002B02D044
:1018B800414B05221A70FFF74DFE0346002B70D0EE
:1018C8003D4B03221A706CE000230293102301930E
:1018D8001F2300934FF6FF733C4A02210020FFF7B5
:1018E800ADFCFFF7C7FEFFF745FE0346002B02D00D
:1018F800314B06221A70FFF71DFE0346002B52D00B
:101908002D4B02221A704EE00023029310230193FC
:101918001F2300934FF6FF732D4A02210020FFF783
:101928008DFCFFF7A7FEFFF7F5FD0346002B02D05D
:10193800214B01221A70FFF7FDFD0346002B34D01E
:101948001D4B02221A7030E00023029310230193EA
:101958001F2300934FF6FF731E4A02210020FFF752
:101968006DFCFFF7E9FEFFF7F5FD0346002B1ED0DF
:10197800114B04221A70184B1988174B1B883A33DD
:101988009BB248F25C72009269221420FFF776F845
:101998000DE0094B00221A700AE000BF08E000BF02
:1019A80006E000BF04E000BF02E000BF00E000BFA7
:1019B80000BFBD4680BD00BFB000002020750008F4
:1019C800404500085045000860450008704500087B
:1019D80080450008904500080600002080B400AF4C
:1019E80072B600BFFEE7000080B500AF024802F003
:1019F80069F800BF80BD00BF1801002080B483B023
:101A080000AF78607B689AB2074B1A80064B1A8839
:101A1800064B1A80064B00221A7000BF0C37BD46D1
:101A28005DF8047B704700BFB8000020B6000020B6
:101A3800B400002080B582B000AF78607B681B6876
:101A4800B3F1804F14D11A4B1B88002B10D0184BC0
:101A58001B88013B9AB2164B1A80154B1B88002B2A
:101A680006D1144B01221A70134B1A88104B1A8096
:101A78007B681B68114A934216D1114B1B88002BB7
:101A880010D00F4B1B88013B9AB20D4B1A800C4BA0
:101A98001B88002B06D10B4B01221A700A4B1A889F
:101AA800074B1A80FFF7FCFB00BF0837BD4680BD17
:101AB800B6000020B4000020B80000200008004054
:101AC800BC000020BA000020BE00002080B500AF96
:101AD800174B184A1A60164B4FF482725A60144B0F
:101AE80000229A60124B0022DA60114B00221A6120
:101AF8000F4B00225A610E4B4FF400729A610C4B47
:101B08000022DA610A4B00221A62094B00225A624B
:101B1800074B00229A62064B0A22DA62044801F057
:101B280095F90346002B01D0FFF758FF00BF80BD91
:101B3800C00000200030014080B58AB000AF786056
:101B480007F1140300221A605A609A60DA601A6179
:101B58007B681B68194A93422BD100233B61184BC1
:101B68005B6C174A43F480535364154B5B6C03F466
:101B780080533B613B690023FB60114B1B6B104A90
:101B880043F0020313630E4B1B6B03F00203FB606D
:101B9800FB6838237B610223BB610023FB610323BD
:101BA8003B6205237B6207F114031946054800F0E0
:101BB80033FB00BF2837BD4680BD00BF0030014061
:101BC800003802400004024080B483B000AF002314
:101BD8007B60104B5B6C0F4A43F4804353640D4B9E
:101BE8005B6C03F480437B607B6800233B60094B9C
:101BF8001B6C084A43F080531364064B1B6C03F0BC
:101C080080533B603B6800BF0C37BD465DF8047BE2
:101C1800704700BF0038024080B400AFFEE780B4D0
:101C280000AFFEE780B400AFFEE780B400AFFEE788
:101C380080B400AFFEE780B400AF00BFBD465DF8DA
:101C4800047B704780B400AF00BFBD465DF8047BDD
:101C5800704780B400AF00BFBD465DF8047B704795
:101C680080B500AF00F082F900BF80BD80B500AF3D
:101C7800024801F097FF00BF80BD00BF1801002097
:101C880080B500AF024801F08DFF00BF80BD00BFE6
:101C98006001002080B400AF064BD3F88830054AB5
:101CA80043F47003C2F8883000BFBD465DF8047B7A
:101CB800704700BF00ED00E080B586B000AF07F1C7
:101CC800080300221A605A609A60DA603B460022D4
:101CD8001A605A601D4B4FF080421A601B4B40F24D
:101CE80047325A60194B00229A60184B6322DA6017
:101CF800164B00221A61154B00229A61134801F015
:101D080091FE0346002B01D0FFF768FE4FF4805385
:101D1800BB6007F1080319460C4802F04BF803466C
:101D2800002B01D0FFF75AFE00233B6000237B60A5
:101D38003B461946054802F067FA0346002B01D0D6
:101D4800FFF74CFE00BF1837BD4680BD18010020C4
:101D580080B586B000AF07F1080300221A605A6008
:101D68009A60DA603B4600221A605A601D4B1E4A90
:101D78001A601C4B40F247325A601A4B00229A6094
:101D8800184B6322DA60174B00221A61154B0022A8
:101D98009A61144801F046FE0346002B01D0FFF774
:101DA8001DFE4FF48053BB6007F1080319460D4828
:101DB80002F000F80346002B01D0FFF70FFE0023C6
:101DC8003B6000237B603B461946064802F01CFA3C
:101DD8000346002B01D0FFF701FE00BF1837BD46B0
:101DE80080BD00BF600100200008004080B584B0BD
:101DF80000AF78607B681B68B3F1804F16D1002371
:101E0800FB601A4B1B6C194A43F001031364174B10
:101E18001B6C03F00103FB60FB68002200211C20FF
:101E280000F0C3F91C2000F0DCF91AE07B681B689D
:101E38000F4A934215D10023BB600C4B1B6C0B4A15
:101E480043F004031364094B1B6C03F00403BB60E9
:101E5800BB68002200211E2000F0A7F91E2000F018
:101E6800C0F900BF1037BD4680BD00BF0038024032
:101E780000080040DFF834D00D480E490E4A002310
:101E880002E0D458C4500433C4188C42F9D30B4A26
:101E98000B4C002301E013600432A242FBD3FFF78E
:101EA800F9FE02F019FBFFF787FA704700000220DD
:101EB8000000002014000020FC300108140000205D
:101EC800AC010020FEE7000080B500AF0E4B1B6898
:101ED8000D4A43F4007313600B4B1B680A4A43F422
:101EE80080631360084B1B68074A43F480731360D0
:101EF800032000F04FF90F2000F008F8FFF764FE08
:101F08000023184680BD00BF003C024080B582B067
:101F180000AF7860124B1A68124B1B7819464FF4C1
:101F28007A73B3FBF1F3B2FBF3F3184600F067F9E9
:101F38000346002B01D001230EE07B680F2B0AD843
:101F4800002279684FF0FF3000F02FF9064A7B68CD
:101F58001360002300E0012318460837BD4680BD02
:101F680008000020100000200C00002080B400AF02
:101F7800064B1B781A46064B1B681344044A136029
:101F880000BFBD465DF8047B704700BF100000200D
:101F9800A801002080B400AF034B1B681846BD465B
:101FA8005DF8047B704700BFA801002080B584B0AD
:101FB80000AF7860FFF7EEFFB8607B68FB60FB68F6
:101FC800B3F1FF3F05D00A4B1B781A46FB68134450
:101FD800FB6000BFFFF7DEFF0246BB68D31AFA6852
:101FE8009A42F7D800BF00BF1037BD4680BD00BF7A
:101FF8001000002080B485B000AF78607B6803F0E3
:102008000703FB600C4BDB68BB60BA684FF6FF0345
:102018001340BB60FB681A02BB68134343F0BF63FD
:1020280043F40033BB60044ABB68D36000BF143775
:10203800BD465DF8047B704700ED00E080B400AF5A
:10204800044BDB681B0A03F007031846BD465DF81E
:10205800047B704700ED00E080B483B000AF034616
:10206800FB7197F90730002B0BDBFB7903F01F029C
:10207800074997F907305B09012000FA02F241F895
:10208800232000BF0C37BD465DF8047B704700BFB6
:1020980000E100E080B483B000AF03463960FB7113
:1020A80097F90730002B0ADB3B68DAB20C4997F93D
:1020B80007301201D2B20B4483F800230AE03B68D0
:1020C800DAB20849FB7903F00F03043B1201D2B2DC
:1020D8000B441A7600BF0C37BD465DF8047B704789
:1020E80000E100E000ED00E080B489B000AFF860E6
:1020F800B9607A60FB6803F00703FB61FB69C3F111
:102108000703042B28BF0423BB61FB690433062B98
:1021180002D9FB69033B00E000237B614FF0FF32EB
:10212800BB6902FA03F3DA43BB681A407B699A4039
:102138004FF0FF317B6901FA03F3D9437B680B4009
:10214800134318462437BD465DF8047B70470000EA
:1021580080B582B000AF78607B68013BB3F1807FC7
:1021680001D301230FE00A4A7B68013B53600F212A
:102178004FF0FF30FFF78EFF054B00229A60044BAB
:1021880007221A60002318460837BD4680BD00BFE5
:1021980010E000E080B582B000AF78607868FFF7A3
:1021A80029FF00BF0837BD4680BD80B586B000AFA7
:1021B8000346B9607A60FB7300237B61FFF73EFF3B
:1021C80078617A68B9687869FFF78EFF024697F9EF
:1021D8000F3011461846FFF75DFF00BF1837BD46A0
:1021E80080BD80B582B000AF0346FB7197F9073018
:1021F8001846FFF731FF00BF0837BD4680BD80B5E0
:1022080082B000AF78607868FFF7A2FF03461846EF
:102218000837BD4680BD000080B489B000AF786043
:10222800396000237B6100233B610023BB610023ED
:10223800FB616BE10122FB6902FA03F37B613B68F6
:102248001B687A6913403B613A697B699A4240F09E
:102258005A813B685B6803F00303012B05D03B6898
:102268005B6803F00303022B30D17B689B68BB617A
:10227800FB695B00032202FA03F3DB43BA691340EC
:10228800BB613B68DA68FB695B0002FA03F3BA6971
:102298001343BB617B68BA699A607B685B68BB6102
:1022A8000122FB6902FA03F3DB43BA691340BB61FD
:1022B8003B685B681B0903F00102FB6902FA03F340
:1022C800BA691343BB617B68BA695A603B685B684B
:1022D80003F00303032B17D07B68DB68BB61FB6942
:1022E8005B00032202FA03F3DB43BA691340BB61C4
:1022F8003B689A68FB695B0002FA03F3BA69134307
:10230800BB617B68BA69DA603B685B6803F003030A
:10231800022B23D1FB69DA087B68083253F8223094
:10232800BB61FB6903F007039B000F2202FA03F36A
:10233800DB43BA691340BB613B681A69FB6903F068
:1023480007039B0002FA03F3BA691343BB61FB69F5
:10235800DA087B680832B96943F822107B681B6881
:10236800BB61FB695B00032202FA03F3DB43BA6932
:102378001340BB613B685B6803F00302FB695B00C9
:1023880002FA03F3BA691343BB617B68BA691A603E
:102398003B685B6803F44033002B00F0B4800023F3
:1023A800FB60604B5B6C5F4A43F4804353645D4B56
:1023B8005B6C03F48043FB60FB685B4AFB699B082A
:1023C800023352F82330BB61FB6903F003039B001F
:1023D8000F2202FA03F3DB43BA691340BB617B683F
:1023E800524A93422BD07B68514A934225D07B684E
:1023F800504A93421FD07B684F4A934219D07B685A
:102408004E4A934213D07B684D4A93420DD07B6865
:102418004C4A934207D07B684B4A934201D1072329
:102428000EE008230CE006230AE0052308E0042355
:1024380006E0032304E0022302E0012300E0002376
:10244800FA6902F0030292009340BA691343BB6130
:102458003549FB699B080233BA6941F823203B4B95
:102468001B68BB613B69DB43BA691340BB613B68CE
:102478005B6803F48033002B03D0BA693B691343CC
:10248800BB61324ABB691360304B5B68BB613B6917
:10249800DB43BA691340BB613B685B6803F40033F4
:1024A800002B03D0BA693B691343BB61274ABB6958
:1024B8005360264B9B68BB613B69DB43BA69134099
:1024C800BB613B685B6803F48013002B03D0BA69D7
:1024D8003B691343BB611D4ABB6993601B4BDB68B7
:1024E800BB613B69DB43BA691340BB613B685B680E
:1024F80003F40013002B03D0BA693B691343BB6193
:10250800124ABB69D360FB690133FB61FB690F2B7E
:102518007FF690AE00BF00BF2437BD465DF8047B50
:10252800704700BF003802400038014000000240F8
:102538000004024000080240000C02400010024063
:102548000014024000180240001C0240003C0140F8
:1025580080B483B000AF78600B467B8013467B70F5
:102568007B78002B03D07A887B689A6103E07B88AC
:102578001A047B689A6100BF0C37BD465DF8047B7E
:102588007047000080B586B000AF78607B68002B8C
:1025980001D1012367E27B681B6803F00103002B6C
:1025A80075D0884B9B6803F00C03042B0CD0854B2B
:1025B8009B6803F00C03082B12D1824B5B6803F471
:1025C8008003B3F5800F0BD17E4B1B6803F40033F7
:1025D800002B5BD07B685B68002B57D1012342E25C
:1025E8007B685B68B3F5803F06D1764B1B68754AFC
:1025F80043F4803313601DE07B685B68B3F5A02F5C
:102608000CD1704B1B686F4A43F4802313606D4BE9
:102618001B686C4A43F4803313600BE0694B1B68FA
:10262800684A23F480331360664B1B68654A23F4B9
:10263800802313607B685B68002B13D0FFF7AAFC2C
:10264800386108E0FFF7A6FC02463B69D31A642B01
:1026580001D9032307E25B4B1B6803F40033002B0B
:10266800F0D014E0FFF796FC386108E0FFF792FC21
:1026780002463B69D31A642B01D90323F3E1514B7A
:102688001B6803F40033002BF0D100E000BF7B6827
:102698001B6803F00203002B63D04A4B9B6803F0CE
:1026A8000C03002B0BD0474B9B6803F00C03082B43
:1026B8001CD1444B5B6803F48003002B16D1414BBB
:1026C8001B6803F00203002B05D07B68DB68012B35
:1026D80001D00123C7E13B4B1B6823F0F8027B685C
:1026E8001B69DB00374913430B603AE07B68DB6802
:1026F800002B20D0344B01221A60FFF74BFC3861C5
:1027080008E0FFF747FC02463B69D31A022B01D9C0
:102718000323A8E12B4B1B6803F00203002BF0D026
:10272800284B1B6823F0F8027B681B69DB002549EE
:1027380013430B6015E0244B00221A60FFF72AFCB4
:10274800386108E0FFF726FC02463B69D31A022BE2
:1027580001D9032387E11B4B1B6803F00203002BFD
:10276800F0D17B681B6803F00803002B36D07B6828
:102778005B69002B16D0154B01221A60FFF70AFC83
:10278800386108E0FFF706FC02463B69D31A022BC2
:1027980001D9032367E10B4B5B6F03F00203002BA6
:1027A800F0D01BE0094B00221A60FFF7F3FB3861F9
:1027B8000EE0FFF7EFFB02463B69D31A022B07D95D
:1027C800032350E10038024000004742800E474290
:1027D800884B5B6F03F00203002BEAD17B681B6810
:1027E80003F00403002B00F097800023FB75814B56
:1027F8001B6C03F08053002B0FD10023BB607D4B73
:102808001B6C7C4A43F0805313647A4B1B6C03F0B7
:102818008053BB60BB680123FB75774B1B6803F4CF
:102828008073002B18D1744B1B68734A43F4807370
:102838001360FFF7AFFB386108E0FFF7ABFB024618
:102848003B69D31A022B01D903230CE16A4B1B689D
:1028580003F48073002BF0D07B689B68012B06D1B2
:10286800644B1B6F634A43F0010313671CE07B68EA
:102878009B68052B0CD15F4B1B6F5E4A43F004032A
:1028880013675C4B1B6F5B4A43F0010313670BE054
:10289800584B1B6F574A23F001031367554B1B6FA7
:1028A800544A23F0040313677B689B68002B15D0F8
:1028B800FFF770FB38610AE0FFF76CFB02463B69E3
:1028C800D31A41F28832934201D90323CBE0494B12
:1028D8001B6F03F00203002BEED014E0FFF75AFB46
:1028E80038610AE0FFF756FB02463B69D31A41F20A
:1028F8008832934201D90323B5E03E4B1B6F03F0A6
:102908000203002BEED1FB7D012B05D1394B1B6C4B
:10291800384A23F0805313647B689B69002B00F0CE
:10292800A180344B9B6803F00C03082B5CD07B68B8
:102938009B69022B41D1314B00221A60FFF72AFB19
:10294800386108E0FFF726FB02463B69D31A022BE1
:1029580001D9032387E0274B1B6803F00073002B82
:10296800F0D17B68DA697B681B6A1A437B685B6A0B
:102978009B011A437B689B6A5B08013B1B041A4353
:102988007B68DB6A1B061B4913434B601B4B012208
:102998001A60FFF7FFFA386108E0FFF7FBFA024612
:1029A8003B69D31A022B01D903235CE0114B1B6846
:1029B80003F00073002BF0D054E0104B00221A6093
:1029C800FFF7E8FA386108E0FFF7E4FA02463B69E6
:1029D800D31A022B01D9032345E0064B1B6803F0E9
:1029E8000073002BF0D13DE07B689B69012B07D178
:1029F800012338E000380240007000406000474280
:102A08001B4B5B68FB607B689B69012B28D0FB68CC
:102A180003F480027B68DB699A4221D1FB6803F0EA
:102A28003F027B681B6A9A421AD1FA6847F6C0735C
:102A380013407A68526A9201934211D1FB6803F4F9
:102A480040327B689B6A5B08013B1B049A4207D1B2
:102A5800FB6803F070627B68DB6A1B069A4201D050
:102A6800012300E0002318461837BD4680BD00BF8B
:102A78000038024080B584B000AF786039607B6868
:102A8800002B01D10123CCE0684B1B6803F007033E
:102A98003A689A420CD9654B3A68D2B21A70634BBD
:102AA8001B6803F007033A689A4201D00123B8E093
:102AB8007B681B6803F00203002B20D07B681B682F
:102AC80003F00403002B05D0594B9B68584A43F484
:102AD800E05393607B681B6803F00803002B05D064
:102AE800534B9B68524A43F460439360504B9B6836
:102AF80023F0F0027B689B684D4913438B607B6829
:102B08001B6803F00103002B44D07B685B68012B32
:102B180007D1474B1B6803F40033002B19D101235D
:102B28007FE07B685B68022B03D07B685B68032BC4
:102B380007D13F4B1B6803F00073002B09D1012319
:102B48006FE03B4B1B6803F00203002B01D101230C
:102B580067E0374B9B6823F003027B685B68344966
:102B680013438B60FFF716FAF8600AE0FFF712FAD2
:102B78000246FB68D31A41F28832934201D90323F3
:102B88004FE02B4B9B6803F00C027B685B689B0053
:102B98009A42EBD1254B1B6803F007033A689A4227
:102BA8000CD2224B3A68D2B21A70204B1B6803F041
:102BB80007033A689A4201D0012332E07B681B6818
:102BC80003F00403002B08D0194B9B6823F4E05250
:102BD8007B68DB68164913438B607B681B6803F0CE
:102BE8000803002B09D0124B9B6823F460427B68D2
:102BF8001B69DB000E4913438B6000F021F8024685
:102C08000B4B9B681B0903F00F030A49CB5C22FAA4
:102C180003F3094A1360094B1B681846FFF776F956
:102C2800002318461037BD4680BD00BF003C024057
:102C380000380240DC300108080000200C000020A9
:102C48002DE9B04F94B000AF00237B640023FB64F0
:102C580000233B640023BB64794B9B6803F00C039F
:102C6800082B0DD0082B00F2E180002B02D0042B9A
:102C780003D0DBE0734BBB64DBE0734BBB64D8E091
:102C88006F4B5B6803F03F037B646D4B5B6803F439
:102C98008003002B63D06A4B5B689B090022BB63EF
:102CA800FA63BB6BC3F308033B6300237B63D7E979
:102CB8000C4522462B464FF000004FF00001590109
:102CC80041EAD261500102460B462146511A396148
:102CD800294663EB01037B614FF000024FF00003CC
:102CE800D7E904AB59468B01514643EA91635146F3
:102CF8008A015146B2EB0108594663EB01094FF0CE
:102D080000024FF000034FEAC90343EA58734FEA41
:102D1800C80290469946234618EB0303BB602B462E
:102D280049EB0303FB604FF000024FF00003D7E9C3
:102D3800024529464B02214643EAD15321464A021D
:102D4800104619467B6C0022BB62FA62D7E90A2357
:102D5800FDF73EFA02460B461346FB6458E0384B33
:102D68005B689B09002218461146C0F308033B62C2
:102D780000237B62D7E9088942464B464FF00000A2
:102D88004FF00001590141EAD261500102460B4659
:102D98004146B2EB010A494663EB010B4FF00002D2
:102DA8004FF000034FEA8B1343EA9A634FEA8A1203
:102DB800B2EB0A0463EB0B054FF000024FF000037F
:102DC800EB0043EA5473E20014461D464346E318F9
:102DD8003B604B4645EB03037B604FF000024FF02E
:102DE8000003D7E9004529468B02214643EA91535F
:102DF80021468A02104619467B6C0022BB61FA61A3
:102E0800D7E90623FDF7E4F902460B461346FB64AF
:102E18000B4B5B681B0C03F0030301335B003B6443
:102E2800FA6C3B6CB2FBF3F3BB6402E0054BBB648A
:102E380000BFBB6C18465037BD46BDE8B08F00BF19
:102E4800003802400024F40000127A0080B582B0F5
:102E580000AF78607B68002B01D101237BE07B68A1
:102E68005B6A002B08D17B685B68B3F5827F09D069
:102E78007B680022DA6105E07B6800221A617B68C2
:102E880000225A617B6800229A627B6893F851306D
:102E9800DBB2002B06D17B68002283F850207868CB
:102EA800FEF74AFE7B68022283F851207B681B6884
:102EB8001A687B681B6822F040021A607B685B68AE
:102EC80003F482727B689B6803F404431A437B68AB
:102ED800DB6803F400631A437B681B6903F0020391
:102EE8001A437B685B6903F001031A437B689B699B
:102EF80003F400731A437B68DB6903F038031A4351
:102F08007B681B6A03F0800342EA03017B689B6AC3
:102F180003F400527B681B680A431A607B689B694C
:102F28001B0C03F004017B685B6A03F010027B68EA
:102F38001B680A435A607B681B68DA697B681B68F0
:102F480022F40062DA617B6800225A657B680122FC
:102F580083F85120002318460837BD4680BD80B548
:102F680088B000AFF860B9603B601346FB8000236F
:102F7800FB77FB6893F85030012B01D1022326E13F
:102F8800FB68012283F85020FFF704F8B861FB883A
:102F9800FB82FB6893F85130DBB2012B02D002238D
:102FA800FB770BE1BB68002B02D0FB88002B02D11A
:102FB8000123FB7702E1FB68032283F85120FB68B9
:102FC80000225A65FB68BA681A63FB68FA889A8611
:102FD800FB68FA88DA86FB6800229A63FB6800229D
:102FE8009A87FB680022DA87FB6800225A64FB682C
:102FF80000221A64FB689B68B3F5004F0FD1FB6889
:103008001B681A68FB681B6822F040021A60FB689C
:103018001B681A68FB681B6842F480421A60FB68E8
:103028001B681B6803F04003402B07D0FB681B6834
:103038001A68FB681B6842F040021A60FB68DB688C
:10304800B3F5006F4BD1FB685B68002B02D0FB8A9D
:10305800012B3ED1FB681B6B1A88FB681B68DA6082
:10306800FB681B6B9A1CFB681A63FB68DB8E9BB2C0
:10307800013B9AB2FB68DA862BE0FB681B689B6809
:1030880003F00203022B12D1FB681B6B1A88FB6842
:103098001B68DA60FB681B6B9A1CFB681A63FB6889
:1030A800DB8E9BB2013B9AB2FB68DA8611E0FEF731
:1030B80071FF0246BB69D31A3A689A4203D83B6843
:1030C800B3F1FF3F02D13B68002B02D10323FB770A
:1030D80074E0FB68DB8E9BB2002BCED14CE0FB6822
:1030E8005B68002B02D0FB8A012B40D1FB681A6B6E
:1030F800FB681B680C3312781A70FB681B6B5A1C30
:10310800FB681A63FB68DB8E9BB2013B9AB2FB68D3
:10311800DA862CE0FB681B689B6803F00203022B2D
:1031280013D1FB681A6BFB681B680C3312781A7092
:10313800FB681B6B5A1CFB681A63FB68DB8E9BB22F
:10314800013B9AB2FB68DA8611E0FEF723FF0246DC
:10315800BB69D31A3A689A4203D83B68B3F1FF3F78
:1031680002D13B68002B02D10323FB7726E0FB68E2
:10317800DB8E9BB2002BCDD1BA693968F86800F0B4
:10318800CBFB0346002B02D0FB6820225A65FB6864
:103198009B68002B0AD100233B61FB681B68DB6836
:1031A8003B61FB681B689B683B613B69FB685B6D27
:1031B800002B02D00123FB7700E000BFFB6801224F
:1031C80083F85120FB68002283F85020FB7F1846C3
:1031D8002037BD4680BD80B588B002AFF860B960C1
:1031E8003B601346FB800023FB75FB685B68B3F507
:1031F800827F12D1FB689B68002B0ED1FB680422EA
:1032080083F85120FA883B6800931346BA68B96876
:10321800F86800F0F1F80346EAE0FB6893F85030EC
:10322800012B01D10223E3E0FB68012283F850203F
:10323800FEF7B0FE3861FB6893F85130DBB2012B22
:1032480002D00223FB75CAE0BB68002B02D0FB88C2
:10325800002B02D10123FB75C1E0FB68042283F82F
:103268005120FB6800225A65FB68BA689A63FB68BC
:10327800FA889A87FB68FA88DA87FB6800221A635B
:10328800FB6800229A86FB680022DA86FB68002227
:103298001A64FB6800225A64FB689B68B3F5004F08
:1032A8000FD1FB681B681A68FB681B6822F0400294
:1032B8001A60FB681B681A68FB681B6822F4804266
:1032C8001A60FB681B681B6803F04003402B07D09B
:1032D800FB681B681A68FB681B6842F040021A60AA
:1032E800FB68DB68002B62D12EE0FB681B689B68DB
:1032F80003F00103012B15D1FB681B6803F10C02D5
:10330800FB689B6B1278D2B21A70FB689B6B5A1CD5
:10331800FB689A63FB68DB8F9BB2013B9AB2FB6840
:10332800DA8711E0FEF736FE02463B69D31A3A689F
:103338009A4203D83B68B3F1FF3F02D13B68002BA8
:1033480002D10323FB754AE0FB68DB8F9BB2002B9D
:10335800CBD131E0FB681B689B6803F00103012BAC
:1033680013D1FB681B68DA68FB689B6B92B21A8002
:10337800FB689B6B9A1CFB689A63FB68DB8F9BB2AC
:10338800013B9AB2FB68DA8711E0FEF703FE0246BA
:103398003B69D31A3A689A4203D83B68B3F1FF3FB6
:1033A80002D13B68002B02D10323FB7517E0FB68B1
:1033B800DB8F9BB2002BCDD13A693968F86800F0F1
:1033C80045FA0346002B02D0FB6820225A65FB68A9
:1033D8005B6D002B02D00123FB7500E000BFFB688A
:1033E800012283F85120FB68002283F85020FB7DDE
:1033F80018461837BD4680BD80B58CB000AFF86060
:10340800B9607A607B800123FB62002387F82B3048
:10341800FB6893F85030012B01D102238AE1FB6845
:10342800012283F85020FEF7B5FD7862FB6893F817
:10343800513087F82330FB685B68FB617B887B83AE
:1034480097F82330012B0FD0FB69B3F5827F07D1A2
:10345800FB689B68002B03D197F82330042B03D01B
:10346800022387F82B305BE1BB68002B05D07B6813
:10347800002B02D07B88002B03D1012387F82B3047
:103488004EE1FB6893F85130DBB2042B03D0FB68A4
:10349800052283F85120FB6800225A65FB687A6888
:1034A8009A63FB687A88DA87FB687A889A87FB6868
:1034B800BA681A63FB687A88DA86FB687A889A861B
:1034C800FB6800221A64FB6800225A64FB681B68C8
:1034D8001B6803F04003402B07D0FB681B681A6881
:1034E800FB681B6842F040021A60FB68DB68B3F5B2
:1034F800006F78D1FB685B68002B02D07B8B012BB7
:1035080066D1FB681B6B1A88FB681B68DA60FB686E
:103518001B6B9A1CFB681A63FB68DB8E9BB2013B32
:103528009AB2FB68DA8653E0FB681B689B6803F075
:103538000203022B1BD1FB68DB8E9BB2002B16D03B
:10354800FB6A012B13D1FB681B6B1A88FB681B688D
:10355800DA60FB681B6B9A1CFB681A63FB68DB8EDE
:103568009BB2013B9AB2FB68DA860023FB62FB68D8
:103578001B689B6803F00103012B19D1FB68DB8FE3
:103588009BB2002B14D0FB681B68DA68FB689B6B46
:1035980092B21A80FB689B6B9A1CFB689A63FB6863
:1035A800DB8F9BB2013B9AB2FB68DA870123FB628F
:1035B800FEF7F0FC02467B6AD31ABA6B9A4207D828
:1035C800BB6BB3F1FF3F03D0032387F82B30A7E091
:1035D800FB68DB8E9BB2002BA6D1FB68DB8F9BB20E
:1035E800002BA1D17CE0FB685B68002B02D07B8BB1
:1035F800012B6BD1FB681A6BFB681B680C331278C4
:103608001A70FB681B6B5A1CFB681A63FB68DB8E1D
:103618009BB2013B9AB2FB68DA8657E0FB681B68ED
:103628009B6803F00203022B1CD1FB68DB8E9BB264
:10363800002B17D0FB6A012B14D1FB681A6BFB68AF
:103648001B680C3312781A70FB681B6B5A1CFB68DA
:103658001A63FB68DB8E9BB2013B9AB2FB68DA8681
:103668000023FB62FB681B689B6803F00103012BC6
:1036780019D1FB68DB8F9BB2002B14D0FB681B6849
:10368800DA68FB689B6BD2B21A70FB689B6B5A1C9A
:10369800FB689A63FB68DB8F9BB2013B9AB2FB68BD
:1036A800DA870123FB62FEF775FC02467B6AD31AB0
:1036B800BA6B9A4203D8BB6BB3F1FF3F02D1BB6B25
:1036C800002B03D1032387F82B3029E0FB68DB8E1E
:1036D8009BB2002BA2D1FB68DB8F9BB2002B9DD144
:1036E8007A6AB96BF86800F017F90346002B06D020
:1036F800012387F82B30FB6820225A6510E0FB680D
:103708009B68002B0BD100237B61FB681B68DB687F
:103718007B61FB681B689B687B617B6900E000BF7D
:10372800FB68012283F85120FB68002283F85020AF
:1037380097F82B3018463037BD4680BD80B588B025
:1037480000AFF860B9603B601346FB71FEF722FCDE
:103758000246BB6A9B1A3A681344FB61FEF71AFCDF
:10376800B861394B1B685B011B0DFA6902FB03F357
:103778007B6154E03B68B3F1FF3F50D0FEF70AFC91
:103788000246BB69D31AFA699A4202D9FB69002B2F
:103798003DD1FB681B685A68FB681B6822F0E00291
:1037A8005A60FB685B68B3F5827F11D1FB689B6840
:1037B800B3F5004F04D0FB689B68B3F5806F07D161
:1037C800FB681B681A68FB681B6822F040021A60D5
:1037D800FB689B6AB3F5005F0FD1FB681B681A682A
:1037E800FB681B6822F400521A60FB681B681A68A1
:1037F800FB681B6842F400521A60FB68012283F8D8
:103808005120FB68002283F85020032317E07B69CE
:10381800002B01D10023FB617B69013B7B61FB68C5
:103828001B689A68BB681340BA689A420CBF0123A8
:103838000023DBB21A46FB799A429BD10023184633
:103848002037BD4680BD00BF0800002080B586B087
:1038580002AFF860B9607A60FB685B68B3F5827F95
:1038680011D1FB689B68B3F5004F04D0FB689B68D7
:10387800B3F5806F07D1FB681B681A68FB681B6883
:1038880022F040021A60FB685B68B3F5827F2AD198
:10389800FB689B68B3F5806F12D07B680093BB68A8
:1038A80000228021F868FFF749FF0346002B2DD03E
:1038B800FB685B6D43F02002FB685A65032326E032
:1038C8007B680093BB6800220121F868FFF736FF88
:1038D8000346002B1AD0FB685B6D43F02002FB689F
:1038E8005A65032313E07B680093BB68002201211B
:1038F800F868FFF723FF0346002B07D0FB685B6DD2
:1039080043F02002FB685A65032300E000231846B1
:103918001037BD4680BD000080B588B002AFF860A2
:10392800B9607A601B4B1B681B4AA2FB03235B0D23
:103938004FF47A7202FB03F37B61FB685B68B3F5B3
:10394800827F12D17B680093BB6800228021F868CF
:10395800FFF7F4FE0346002B16D0FB685B6D43F0BF
:103968002002FB685A6503230FE07B69002B0AD00D
:103978007B69013B7B61FB681B689B6803F08003E4
:10398800802BF2D000E000BF002318461837BD4650
:1039980080BD00BF08000020819F5E1680B584B0FE
:1039A80000AFF860B9607A60FB68002B01D1012391
:1039B80034E0FB6893F84930DBB2002B06D1FB6892
:1039C800002283F84820F868FCF7BEFEFB681A68F6
:1039D800FB6808331946104600F0A6FCFB68186817
:1039E800FB689B681A46B96800F0F0FCFB685868E9
:1039F800FB689A68FB681B6B796800F025FDFB681B
:103A08001B68FA68926853F82210FB681B68FA680A
:103A1800926841F0010143F822100023184610373C
:103A2800BD4680BD80B582B000AF78607B68002B52
:103A380001D1012341E07B6893F83D30DBB2002BD4
:103A480006D17B68002283F83C207868FEF7CEF91F
:103A58007B68022283F83D207B681A687B68043300
:103A68001946104600F096FA7B68012283F8462032
:103A78007B68012283F83E207B68012283F83F207F
:103A88007B68012283F840207B68012283F841206B
:103A98007B68012283F842207B68012283F8432057
:103AA8007B68012283F844207B68012283F8452043
:103AB8007B68012283F83D20002318460837BD465D
:103AC80080BD000080B485B000AF78607B6893F853
:103AD8003D30DBB2012B01D001234EE07B6802228E
:103AE80083F83D207B681B68DA687B681B6842F0B6
:103AF8000102DA607B681B68234A934222D07B6804
:103B08001B68B3F1804F1DD07B681B681F4A934226
:103B180018D07B681B681E4A934213D07B681B68C9
:103B28001C4A93420ED07B681B681B4A934209D0FB
:103B38007B681B68194A934204D07B681B68184A43
:103B4800934211D17B681B689B6803F00703FB60F5
:103B5800FB68062B10D07B681B681A687B681B689B
:103B680042F001021A6007E07B681B681A687B68EC
:103B78001B6842F001021A60002318461437BD463C
:103B88005DF8047B704700BF00000140000400405E
:103B980000080040000C00400004014000400140C3
:103BA8000018004080B582B000AF78607B681B6861
:103BB8001B6903F00203022B22D17B681B68DB68B8
:103BC80003F00203022B1BD17B681B686FF0020213
:103BD8001A617B6801221A777B681B689B6903F06E
:103BE8000303002B03D0786800F0B5F905E0786886
:103BF80000F0A7F9786800F0B8F97B6800221A7716
:103C08007B681B681B6903F00403042B22D17B68C3
:103C18001B68DB6803F00403042B1BD17B681B685B
:103C28006FF004021A617B6802221A777B681B68AE
:103C38009B6903F44073002B03D0786800F08BF97C
:103C480005E0786800F07DF9786800F08EF97B6807
:103C580000221A777B681B681B6903F00803082B8E
:103C680022D17B681B68DB6803F00803082B1BD193
:103C78007B681B686FF008021A617B6804221A7758
:103C88007B681B68DB6903F00303002B03D07868AB
:103C980000F061F905E0786800F053F9786800F001
:103CA80064F97B6800221A777B681B681B6903F03C
:103CB8001003102B22D17B681B68DB6803F010030C
:103CC800102B1BD17B681B686FF010021A617B6890
:103CD80008221A777B681B68DB6903F44073002BA2
:103CE80003D0786800F037F905E0786800F029F922
:103CF800786800F03AF97B6800221A777B681B68BD
:103D08001B6903F00103012B0ED17B681B68DB687C
:103D180003F00103012B07D17B681B686FF00102D8
:103D28001A617868FDF786FE7B681B681B6903F0DB
:103D38008003802B0ED17B681B68DB6803F080034F
:103D4800802B07D17B681B686FF080021A61786846
:103D580000F0E0FA7B681B681B6903F04003402B06
:103D68000ED17B681B68DB6803F04003402B07D14A
:103D78007B681B686FF040021A61786800F0FFF8F2
:103D88007B681B681B6903F02003202B0ED17B681E
:103D98001B68DB6803F02003202B07D17B681B68B6
:103DA8006FF020021A61786800F0AAFA00BF08379D
:103DB800BD4680BD80B584B000AF7860396000230F
:103DC800FB737B6893F83C30012B01D10223B4E0EC
:103DD8007B68012283F83C207B68022283F83D201F
:103DE8007B681B689B68BB60BB6823F07703BB607C
:103DF800BB6823F47F43BB607B681B68BA689A6022
:103E08003B681B68B3F5005F3ED0B3F5005F00F276
:103E18008780B3F5805F00F08680B3F5805F7FD838
:103E2800702B1AD0702B7BD8602B50D0602B77D892
:103E3800502B3CD0502B73D8402B58D0402B6FD8E8
:103E4800302B64D0302B6BD8202B60D0202B67D838
:103E5800002B5CD0102B5AD062E07B6818683B6856
:103E680099683B685A683B68DB6800F0ADF97B6885
:103E78001B689B68BB60BB6843F07703BB607B68CB
:103E88001B68BA689A604FE07B6818683B68996855
:103E98003B685A683B68DB6800F096F97B681B68EA
:103EA8009A687B681B6842F480429A603CE07B68B1
:103EB80018683B6859683B68DB681A4600F00AF9DD
:103EC8007B681B685021184600F063F92CE07B687A
:103ED80018683B6859683B68DB681A4600F029F99E
:103EE8007B681B686021184600F053F91CE07B686A
:103EF80018683B6859683B68DB681A4600F0EAF8BE
:103F08007B681B684021184600F043F90CE07B6889
:103F18001A683B681B681946104600F03AF903E036
:103F28000123FB7300E000BF7B68012283F83D207A
:103F38007B68002283F83C20FB7B18461037BD467F
:103F480080BD80B483B000AF786000BF0C37BD4639
:103F58005DF8047B704780B483B000AF786000BF21
:103F68000C37BD465DF8047B704780B483B000AF62
:103F7800786000BF0C37BD465DF8047B704780B49D
:103F880083B000AF786000BF0C37BD465DF8047B96
:103F98007047000080B485B000AF786039607B68F6
:103FA8001B68FB607B68404A934213D07B68B3F17F
:103FB800804F0FD07B683D4A93420BD07B683C4AC8
:103FC800934207D07B683B4A934203D07B683A4AC6
:103FD800934208D1FB6823F07003FB603B685B6881
:103FE800FA681343FB607B682F4A93422BD07B68A7
:103FF800B3F1804F27D07B682C4A934223D07B684B
:104008002B4A93421FD07B682A4A93421BD07B6875
:10401800294A934217D07B68284A934213D07B6879
:10402800274A93420FD07B68264A93420BD07B687D
:10403800254A934207D07B68244A934203D07B6881
:10404800234A934208D1FB6823F44073FB603B6822
:10405800DB68FA681343FB60FB6823F080023B6867
:104068005B691343FB607B68FA681A603B689A686F
:104078007B68DA623B681A687B689A627B680A4ADE
:10408800934203D07B680C4A934203D13B681A6978
:104098007B681A637B6801225A6100BF1437BD46EA
:1040A8005DF8047B704700BF000001400004004039
:1040B80000080040000C004000040140004001409E
:1040C800004401400048014000180040001C004026
:1040D8000020004080B487B000AFF860B9607A6013
:1040E800FB681B6A7B61FB681B6A23F00102FB68A3
:1040F8001A62FB689B693B613B6923F0F0033B61F3
:104108007B681B013A6913433B617B6923F00A030F
:104118007B617A69BB6813437B61FB683A699A6182
:10412800FB687A691A6200BF1C37BD465DF8047BDC
:10413800704780B487B000AFF860B9607A60FB68F8
:104148001B6A23F01002FB681A62FB689B697B619B
:10415800FB681B6A3B617B6923F470437B617B6866
:104168001B037A6913437B613B6923F0A0033B611E
:10417800BB681B013A6913433B61FB687A699A6122
:10418800FB683A691A6200BF1C37BD465DF8047BBC
:10419800704780B485B000AF786039607B689B68F1
:1041A800FB60FB6823F07003FB603A68FB6813430D
:1041B80043F00703FB607B68FA689A6000BF143716
:1041C800BD465DF8047B704780B487B000AFF860E7
:1041D800B9607A603B60FB689B687B617B6923F40C
:1041E8007F437B613B681A027B681A43BB681343B1
:1041F8007A6913437B61FB687A699A6000BF1C3750
:10420800BD465DF8047B704780B485B000AF786028
:1042180039607B6893F83C30012B01D102235AE0C6
:104228007B68012283F83C207B68022283F83D20CA
:104238007B681B685B68FB607B681B689B68BB606E
:10424800FB6823F07003FB603B681B68FA68134344
:10425800FB607B681B68FA685A607B681B68214AA8
:10426800934222D07B681B68B3F1804F1DD07B68D6
:104278001B681D4A934218D07B681B681B4A9342EF
:1042880013D07B681B681A4A93420ED07B681B6860
:10429800184A934209D07B681B68174A934204D096
:1042A8007B681B68154A93420CD1BB6823F08003D6
:1042B800BB603B685B68BA681343BB607B681B687C
:1042C800BA689A607B68012283F83D207B680022E7
:1042D80083F83C20002318461437BD465DF8047B5C
:1042E800704700BF00000140000400400008004083
:1042F800000C00400004014000400140001800404C
:1043080080B483B000AF786000BF0C37BD465DF85D
:10431800047B704780B483B000AF786000BF0C376F
:10432800BD465DF8047B704780B485B000AF786007
:1043380039600023FB603B681A687B6853F82230B9
:10434800FB60FA68204B1340FB603B685A683B6887
:104358009B681A433B68DB681A433B681B691A432E
:104368003B685B691A433B689B691A433B68DB6996
:104378001A433B681B6A1A433B685B6A1A433B68EB
:104388009B6A1A433B68DB6A1A433B68DB6B1A4338
:104398003B681B6B1343FA681343FB603B689B68DD
:1043A800082B03D1FB6843F04003FB603B681A68A5
:1043B8007B68F96843F82210002318461437BD4675
:1043C8005DF8047B704700BF8000F0FF80B487B0C1
:1043D80000AFF860B9607A6000237B617B685A1C83
:1043E800FB6853F822307B617B6903F040437B61B3
:1043F800BB681A68BB685B681B011A43BB689B688B
:104408001B021A43BB68DB681B041A43BB681B69A1
:10441800013B1B051A43BB685B69023B1B061A4339
:10442800BB689B6913437A6913437B617B685A1C99
:10443800FB68796943F82210002318461C37BD46EB
:104448005DF8047B7047000080B487B000AFF86067
:10445800B9607A603B6000237B613B68B3F5804FAD
:1044680022D1FB687A6853F822307B617A69154B50
:1044780013407B61BB681A68BB685B681B011A4301
:10448800BB689B681B021A43BB68DB681B041A43A2
:10449800BB689B6913437A6913437B61FB687A683D
:1044A800796943F8221005E0FB687A686FF070417B
:1044B80043F82210002318461C37BD465DF8047BDC
:1044C800704700BF0000F0CF02440346934200D17A
:1044D800704703F8011BF9E770B50D4D0D4C641BCF
:1044E800A4100026A64209D10B4D0C4C00F018F878
:1044F800641BA4100026A64205D170BD55F8043BE4
:1045080098470136EEE755F8043B98470136F2E73D
:10451800F4300108F4300108F4300108F8300108DB
:10452800F8B500BFF8BC08BC9E467047F8B500BF98
:08453800F8BC08BC9E46704768
:104540002020204D4F56494E472055502020200016
:10455000424F54544F4D20504F534954494F4E00F1
:1045600020204D4F56494E4720444F574E202000A3
:104570002020544F5020504F5354494F4E2020007C
:10458000202053544F50204D4F56494E4720200075
:1045900020202020464C59494E4720202020000052
:1045A000000000000000000000000000000000000B
:1045B0000000000808080808080800001818000093
:1045C00000486C2412000000000000000000000001
:1045D0000000002424247F1212127F121212000005
:1045E0000000081C2A2A0A0C1828282A2A1C080855
:1045F00000000022251515152A5854545422000095
:104600000000000C1212120A76252911916E00008A
:104610000006060403000000000000000000000087
:10462000004020101008080808080810102040005A
:1046300000020408081010101010100808040200EE
:104640000000000008086B1C1C6B0808000000003C
:1046500000000000080808087F080808080000009B
:104660000000000000000000000000000606040337
:104670000000000000000000FE000000000000003C
:10468000000000000000000000000000060600001E
:10469000000080404020201010080804040202009E
:1046A00000000018244242424242424224180000C4
:1046B000000000080E08080808080808083E000066
:1046C0000000003C4242422020100804427E0000CC
:1046D0000000003C4242201820404042221C0000C2
:1046E000000000203028242422227E202078000090
:1046F0000000007E0202021A26404042221C0000F6
:10470000000000382402021A264242422418000007
:104710000000007E22221010080808080808000087
:104720000000003C4242422418244242423C000025
:10473000000000182442424264584040241C0000FB
:104740000000000000001818000000001818000009
:10475000000000000000000800000000000808043D
:10476000000000402010080402040810204000004F
:104770000000000000007F0000007F00000000003B
:10478000000000020408102040201008040200006D
:104790000000003C42424640201010001818000063
:1047A0000000001C225A555555552D42221C000070
:1047B0000000000808181414243C224242E70000BC
:1047C0000000001F2222221E22424242221F00001D
:1047D0000000007C4242010101010142221C000054
:1047E0000000001F2242424242424242221F000079
:1047F0000000003F4212121E12120242423F00000D
:104800000000003F4212121E1212020202070000B4
:104810000000003C2222010101712122221C000023
:10482000000000E7424242427E42424242E700002C
:104830000000003E0808080808080808083E0000B4
:104840000000007C10101010101010101010110F2C
:104850000000007722120A0E0A12122222770000AC
:10486000000000070202020202020202427F000070
:1048700000000077363636362A2A2A2A2A6B0000AC
:10488000000000E346464A4A525252626247000024
:104890000000001C2241414141414141221C0000D5
:1048A0000000003F424242423E0202020207000074
:1048B0000000001C2241414141414D53321C600027
:1048C0000000003F4242423E1212222242C7000034
:1048D0000000007C4242020418204042423E000098
:1048E0000000007F4908080808080808081C0000A4
:1048F000000000E74242424242424242423C000043
:10490000000000E742422224241414180808000082
:104910000000006B494949495555362222220000C2
:10492000000000E7422424181818242442E700005D
:10493000000000772222141408080808081C000050
:104940000000007E2120101008040442423F0000B5
:104950000078080808080808080808080808780007
:104960000000020204040808081010202020404023
:10497000001E1010101010101010101010101E003B
:1049800000384400000000000000000000000000AB
:10499000000000000000000000000000000000FF18
:1049A00000060800000000000000000000000000F9
:1049B000000000000000003C4278444242FC00003D
:1049C000000000030202021A26424242261A000098
:1049D00000000000000000384402020244380000D9
:1049E00000000060404040784442424264D80000E9
:1049F000000000000000003C427E0202423C000039
:104A0000000000F08808087E08080808083E00003A
:104A1000000000000000007C22221C023C42423CBC
:104A2000000000030202023A4642424242E700000E
:104A30000000000C0C00000E08080808083E0000EA
:104A40000000003030000038202020202020221ECE
:104A50000000000302020272120A161222770000FE
:104A60000000000E0808080808080808083E0000B2
:104A7000000000000000007F9292929292B7000026
:104A8000000000000000003B4642424242E70000B6
:104A9000000000000000003C42424242423C000054
:104AA000000000000000001B26424242221E0207B6
:104AB000000000000000007844424242447840E098
:104AC00000000000000000774C040404041F0000F4
:104AD000000000000000007C42023C40423E00001A
:104AE000000000000008083E080808080830000020
:104AF00000000000000000634242424262DC00000D
:104B000000000000000000E7422424140808000010
:104B100000000000000000EB49495555222200002A
:104B2000000000000000007624181818246E000011
:104B300000000000000000E74224241418080807C1
:104B4000000000000000007E22100808447E0000E3
:104B500000C0202020202010202020202020C00065
:104B60001010101010101010101010101010101045
:104B700000060808080808100808080808080600C1
:104B80000C32C20000000000000000000000000025
:104B90000000000000000000000000000000000015
:104BA0000000000000000000000000000000000005
:104BB00000000000000000000000000000000000F5
:104BC0000000000000000000E000E000E000E00065
:104BD000E000400040004000400040004000000075
:104BE00000000000E000E000E00000000000000025
:104BF0000000000060066006300398018800440051
:104C000000000000000000000000000000000000A4
:104C10000000000000000000000000000000000094
:104C20000000000000000000000008020802080266
:104C30000802FE07FE070802080204010401FE073D
:104C4000FE0704010401040104010000000000004B
:104C500000000000000040004000F00158034C0339
:104C60004C034C0058007000E000C001C00140033C
:104C70004C034C034C034801F0004000400000008E
:104C8000000000000000000000000E030A011101F6
:104C900091009100D1005100FA03AE02600450046B
:104CA00050045804480488028403000000000000F7
:104CB00000000000000000000000380064006400F4
:104CC00064006400A4031C010C011A019200B300EB
:104CD000E3006300C300A6041C0300000000000002
:104CE000000000000C001C0010001000080006006E
:104CF00000000000000000000000000000000000B4
:104D000000000000000000000000000000000000A3
:104D10000000000000040002000180018000C000CB
:104D2000C000600060006000600060006000600023
:104D3000C000C000800080010001000200040000EB
:104D400000000000020004000800180010003000FD
:104D50003000600060006000600060006000600083
:104D600030003000100018000800040002000000AD
:104D700000000000000000000000000040004000B3
:104D800040004E0E5C07F001F0015C074E0E400043
:104D90004000400000000000000000000000000093
:104DA00000000000000000000000000000004000C3
:104DB0004000400040004000FE0F40004000400026
:104DC0004000400000000000000000000000000063
:104DD00000000000000000000000000000000000D3
:104DE00000000000000000000000000000000000C3
:104DF000000000000C001C0010001000080006005D
:104E000000000000000000000000000000000000A2
:104E10000000000000000000FE070000000000008D
:104E20000000000000000000000000000000000082
:104E30000000000000000000000000000000000072
:104E40000000000000000000000000000000000062
:104E5000000000001C001C001C00000000000000FE
:104E60000000000000040006000200030001000131
:104E70008000800040004000600020002000100002
:104E80001000080008000C000400060002000000EA
:104E900000000000000000000000F00098010C037A
:104EA0000C0306060606060606060606060606069F
:104EB00006060C030C039801F0000000000000003F
:104EC00000000000000000000000400060007C00C6
:104ED00060006000600060006000600060006000D2
:104EE0006000600060006000FC0300000000000043
:104EF00000000000000000000000F8008401020330
:104F000006030603000380018001C000200010009A
:104F1000080204020202FE03FE030000000000007B
:104F2000000000000000000000007800C4008601BE
:104F3000860186018001C00070008001000100032D
:104F40000603060306038401F800000000000000C9
:104F5000000000000000000000018001C001C0014D
:104F6000A001900190018801840184018201FE0763
:104F70008001800180018001E00700000000000046
:104F800000000000000000000000FC03FC0304001F
:104F9000040004000400F4008C0104030003000377
:104FA0000603060382018401F800000000000000EF
:104FB00000000000000000000000E00118030C03E6
:104FC0000C0004000600E60116030E06060606069F
:104FD000060604060C021803F000000000000000A2
:104FE00000000000000000000000F807FC070C02B1
:104FF00004010401000180008000400040004000E6
:1050000060006000600060006000000000000000C0
:1050100000000000000000000000F8010C0306067C
:10502000060606060E023C03F000CC010403060649
:105030000606060606060C03F0010000000000004C
:1050400000000000000000000000F0000C010C0354
:10505000060206060606060606078C067806000601
:10506000000300030C018C01780000000000000028
:105070000000000000000000000000000000000030
:105080000000E000E000E000000000000000000080
:1050900000000000E000E000E00000000000000070
:1050A0000000000000000000000000000000000000
:1050B0000000000060006000000000000000000030
:1050C00000000000000060006000400020000000C0
:1050D0000000000000000000000400020001800049
:1050E000400020001000080004000800100020000C
:1050F00040008000000100020004000000000000E9
:10510000000000000000000000000000000000009F
:1051100000000000FE070000000000000000FE0785
:10512000000000000000000000000000000000007F
:105130000000000000000000040008001000200033
:105140004000800000010002000400020001800015
:1051500040002000100008000400000000000000D3
:105160000000000000000000F0010C03020602062F
:1051700006060606000380016000200020002000D3
:1051800000000000700070007000000000000000CF
:1051900000000000000000000000E00138060804E4
:1051A000CC0A640B260926091609160996099605E4
:1051B00066030C080C041802E00100000000000067
:1051C00000000000000000000000600060007000AF
:1051D000D000D000C800880188018801F8010403CC
:1051E00004030403040606060F0F0000000000007D
:1051F00000000000000000000000FF008601060320
:105200000603060306038601FE00060306020606E1
:105210000606060606060603FF0100000000000061
:1052200000000000000000000000E00718060C0469
:105230000C04040006000600060006000600060036
:1052400006040C040C021801F0000000000000002D
:10525000000000000000000000007F00860106033F
:1052600006030606060606060606060606060606E1
:10527000060606030603C6017F00000000000000CA
:1052800000000000000000000000FF03060206040A
:105290000600060086008600FE00860086000600E6
:1052A0000600060406040602FF03000000000000DA
:1052B00000000000000000000000FF0306030604D9
:1052C0000604060086008600FE00860086000600B2
:1052D00006000600060006000F00000000000000A7
:1052E00000000000000000000000F00218030C02A3
:1052F0000C0204000600060006000600C60F0603A6
:1053000006030C030C031803F0000000000000006B
:10531000000000000000000000000F0F0606060657
:105320000606060606060606FE0706060606060624
:1053300006060606060606060F0F0000000000001F
:1053400000000000000000000000FC03600060009E
:10535000600060006000600060006000600060004D
:105360006000600060006000FC03000000000000BE
:1053700000000000000000000000F00F800180012C
:105380008001800180018001800180018001800115
:10539000800180018001800180018601C6007C00BF
:1053A00000000000000000000000CF07060186009A
:1053B00046004600260036003E006E00E600C600AD
:1053C000C6018601060306078F0F000000000000DB
:1053D000000000000000000000000F0006000600B2
:1053E000060006000600060006000600060006008D
:1053F0000600060406040602FF0300000000000089
:10540000000000000000000000000F0F0E070E0754
:105410000E079A069A069A069A065A0672067206A7
:105420007206720622062206270F00000000000006
:1054300000000000000000000000070E0E040E0433
:105440001A041A04320462046204C204C20482050B
:10545000020702070206020607040000000000001F
:1054600000000000000000000000F00098010C03A4
:105470000C020606060606060606060606060606CA
:1054800006060C020C039801F0000000000000006A
:1054900000000000000000000000FF0106030606F7
:1054A00006060606060606060603FE0106000600B8
:1054B00006000600060006000F00000000000000C5
:1054C00000000000000000000000F00098010C0344
:1054D0000C0206060606060606060606060606066A
:1054E00076064C028C038801F0018007000300005F
:1054F00000000000000000000000FF010603060697
:105500000606060606060603FE006600C600C6007E
:1055100086018601060306030F0E0000000000004E
:1055200000000000000000000000F8040C07060462
:10553000060406000E003C00F000C0030003000655
:105540000206020606060E03F2010000000000003B
:1055500000000000000000000000FE076204610877
:105560006108600060006000600060006000600032
:105570006000600060006000F000000000000000BB
:10558000000000000000000000000F0E06040604EA
:1055900006040604060406040604060406040604BB
:1055A0000604060406040C02F801000000000000D6
:1055B000000000000000000000001F0F0E060C029B
:1055C0000C020C020C011801180118011801B0009E
:1055D000B000B000F00060006000000000000000BB
:1055E00000000000000000000000EF0E66046604EA
:1055F00066026602E602EC02EC02DC01DC01DC0180
:10560000DC019C0188008800880000000000000088
:10561000000000000000000000009E070C031801BD
:1056200018019800B000700060006000E000D00039
:10563000D001980188010C039E07000000000000C3
:10564000000000000000000000001F0F0E060C020A
:105650000C0118011801B000B0007000600060007B
:105660006000600060006000F801000000000000C1
:1056700000000000000000000000FC07040382039B
:105680008001C001C000C000600060003000300038
:10569000180018041C040C02FE03000000000000A7
:1056A00000000000E0072000200020002000200073
:1056B00020002000200020002000200020002000EA
:1056C000200020002000200020002000E007000033
:1056D00000000000000000000400080008000800AE
:1056E000100010002000200020004000400080003A
:1056F000800080000001000100020002000200049E
:1057000000000000FC00800080008000800080001D
:105710008000800080008000800080008000800089
:10572000800080008000800080008000FC0000007D
:1057300000000000E000B0010802000000000000CE
:105740000000000000000000000000000000000059
:105750000000000000000000000000000000000049
:105760000000000000000000000000000000000039
:105770000000000000000000000000000000000029
:105780000000000000000000000000000000FF0F0B
:105790000000000018006000000000000000000091
:1057A00000000000000000000000000000000000F9
:1057B00000000000000000000000000000000000E9
:1057C00000000000000000000000000000000000D9
:1057D00000000000F0010C030C03E00338030C038D
:1057E0000603060306038E0B7C0F0000000000007A
:1057F000000000000000000008000E000C000C007B
:105800000C000C00CC013C031C060C060C060C061C
:105810000C060C060C021C03F40100000000000042
:105820000000000000000000000000000000000078
:1058300000000000F0008C018C01860106000600CB
:10584000060006020C020C01F0000000000000003F
:1058500000000000000000000002800300030003BD
:105860000003000378038C030C03060306030603FE
:105870000603060304038C07780100000000000003
:105880000000000000000000000000000000000018
:1058900000000000E001180308060C06FC070C00DD
:1058A0000C000C0018043802E001000000000000A9
:1058B00000000000000000000000C0036006300689
:1058C00030003000FE033000300030003000300087
:1058D0003000300030003000FC010000000000000B
:1058E00000000000000000000000000000000000B8
:1058F00000000000F00E98090C030C030C03980143
:10590000F8000C007C00F803060606060E07F801F6
:10591000000000000000000008000E000C000C0059
:105920000C000C00EC011C030C030C030C030C0317
:105930000C030C030C030C039E0700000000000086
:105940000000000000000000000060006000000097
:10595000000000007C0060006000600060006000EB
:105960006000600060006000FC03000000000000B8
:105970000000000000000000000080018001000025
:1059800000000000F00180018001800180018001A1
:10599000800180018001800180018001CC007C00B9
:1059A000000000000000000008000E000C000C00C9
:1059B0000C000C00CC038C00CC004C006C007C0074
:1059C000DC00CC008C018C019E0700000000000070
:1059D000000000000000000040007C00600060004B
:1059E00060006000600060006000600060006000B7
:1059F0006000600060006000FC0300000000000028
:105A00000000000000000000000000000000000096
:105A1000000000007707EE06660666066606660664
:105A20006606660666066606EF0E000000000000C9
:105A30000000000000000000000000000000000066
:105A400000000000CE013C030C030C030C030C030C
:105A50000C030C030C030C039E0700000000000065
:105A60000000000000000000000000000000000036
:105A700000000000F00098010C030606060606066A
:105A8000060606060C030C03F000000000000000F0
:105A90000000000000000000000000000000000006
:105AA00000000000EE011C030C060C060C060C06A0
:105AB0000C060C060C031C03EC010C000C003E0051
:105AC00000000000000000000000000000000000D6
:105AD0000000000078028C030C0306030603060393
:105AE0000603060304038C03780300030003C007C6
:105AF00000000000000000000000000000000000A6
:105B0000000000009F075806380018001800180011
:105B10001800180018001800FF0000000000000026
:105B20000000000000000000000000000000000075
:105B300000000000F00718060C040C003800F0010B
:105B40008003040604060C03FC01000000000000B2
:105B50000000000000000000000000002000200005
:105B600030003000FE0130003000300030003000E6
:105B70003000300030023002E00100000000000080
:105B80000000000000000000000000000000000015
:105B9000000008028E030C030C030C030C030C031F
:105BA0000C030C030C039C077801000000000000AC
:105BB00000000000000000000000000000000000E5
:105BC000000000003E0F1C061802180230013001D0
:105BD0003001E000E000E0004000000000000000B4
:105BE00000000000000000000000000000000000B5
:105BF00000000000EF0DC604C604E604EC04AC038C
:105C00009C039C039C0308010801000000000000A5
:105C10000000000000000000000000000000000084
:105C200000000000BE0718019801B000700060007D
:105C3000E000D00098018803DE07000000000000AB
:105C40000000000000000000000000000000000054
:105C500000000000BE071C0118011801B000B000D0
:105C6000B0006000600040002000200014001C0014
:105C70000000000000000000000000000000000024
:105C800000000000FC038401C401C000E0006000CB
:105C90007000300438041806FC0300000000000007
:105CA0000000000000038001800080008000800070
:105CB000800080008000C0002000C00080008000C4
:105CC00080008000800080008000800100030000D0
:105CD00040004000400040004000400040004000C4
:105CE00040004000400040004000400040004000B4
:105CF00040004000400040004000400040004000A4
:105D0000000000000C00180010001000100010002F
:105D10001000100010003000400030001000100093
:105D20001000100010001000100018000C000000FF
:105D300000001C002400420882040007000000004C
:105D40000000000000000000000000000000000053
:105D50000000000000000000000000000000000043
:105D60000000000000000000000000000000000033
:105D70000000000000000000000000000000000023
:105D80000000000000000000000000000000000013
:105D90000000000000000000000000000000000003
:105DA00000000000000000000000C001C001C001B0
:105DB000C001C001C001C0018000800080008000DF
:105DC00080008000800000000000000000008001D2
:105DD000C003C003800100000000000000000000BC
:105DE000000000000000E01CE01CF01E700E3807F0
:105DF00018030801840000000000000000000000FB
:105E00000000000000000000000000000000000092
:105E10000000000000000000000000000000000082
:105E20000000000000000000000000002010201012
:105E3000201020102010FE7FFE7F10081008100890
:105E40001008100810081008FE7FFE7F08040804E0
:105E5000080408040804000000000000000000001E
:105E6000000000000000000000010001C0076019F0
:105E7000103118311839183938017001E001C003A8
:105E80008007000F001D003900311C311C310C311E
:105E90000C11180DE00700010001000100000000D6
:105EA0000000000000000000000000001C10361878
:105EB0006308630C63046304630263026301361DB9
:105EC0009C3780228063406340632063206330639B
:105ED00010221836081C000000000000000000001E
:105EE000000000000000000000000000F000980129
:105EF0008C018C018C018C018C00CC007800183E48
:105F00001C083608320863046304C304C3038343D4
:105F100006438E26781C00000000000000000000F0
:105F20000000000000001C003C003C00300030007D
:105F300010000C000600000000000000000000003F
:105F40000000000000000000000000000000000051
:105F50000000000000000000000000000000000041
:105F60000000000000000040002000100008000CAD
:105F7000000400060003000300038001800180018B
:105F80008001800180018001800100030003000383
:105F900000060006000C0008001000200040000071
:105FA00000000000000002000400080010003000A3
:105FB00020006000C000C000C0008001800180019E
:105FC00080018001800180018001C000C000C0000C
:105FD00060006000300010000800040002000000B3
:105FE00000000000000000000000000000000000B1
:105FF00000018003800300011C713C79783DC007DB
:106000000001C007783D3C791C71000180038003CA
:1060100080010000000000000000000000000000FF
:106020000000000000000000000000000000000070
:106030000000000100010001000100010001000159
:10604000FC7F0001000100010001000100010001CE
:106050000000000000000000000000000000000040
:106060000000000000000000000000000000000030
:106070000000000000000000000000000000000020
:106080000000000000000000000000000000000010
:106090001C003C003C003000300010000C000600EA
:1060A00000000000000000000000000000000000F0
:1060B00000000000000000000000000000000000E0
:1060C000FE7F000000000000000000000000000053
:1060D00000000000000000000000000000000000C0
:1060E00000000000000000000000000000000000B0
:1060F00000000000000000000000000000000000A0
:106100000000000000000000000000000000180077
:106110003C003C00180000000000000000000000EF
:10612000000000000000004000600020003000106F
:1061300000180008000C0004000600020003000123
:1061400080018000C000400060002000300010008E
:10615000180008000C000400060002000000000007
:10616000000000000000000000000000C007600CFC
:1061700030181830183018200C600C600C600C605F
:106180000C600C600C600C600C601820183018302B
:106190003018600CC0070000000000000000000084
:1061A000000000000000000000000000000180016D
:1061B000F80180018001800180018001800180015F
:1061C00080018001800180018001800180018001C7
:1061D0008001C003F81F0000000000000000000064
:1061E000000000000000000000000000E007101C9C
:1061F0000818043004300C300C300030001800084F
:10620000000400020001800040002020102008202F
:106210000430FC1FFC1F0000000000000000000014
:10622000000000000000000000000000E003180E65
:106230000C0C0C180C180C180018000C0006C003ED
:10624000000E00180010003000300C300C300C1024
:106250000C18180CE0030000000000000000000013
:10626000000000000000000000000000000C000E14
:10627000000E000F800E800E400E600E200E100EDD
:10628000100E080E040E040EFE7F000E000E000E0F
:10629000000E000E000EC07F000000000000000095
:1062A000000000000000000000000000F03FF03F90
:1062B00010001000100008000800C807280C18186B
:1062C000081000300030003000300C300C30041862
:1062D0000418080CF003000000000000000000009B
:1062E000000000000000000000000000800FC0104F
:1062F000203010301800180008000C008C0F6C18AB
:106300003C301C600C600C600C600C601860182045
:1063100030306018C00700000000000000000000DE
:10632000000000000000000000000000F83FF83FFF
:106330001C100C0804080404000400020002000100
:1063400000010001800080008000C000C000C0008B
:10635000C000C000C00000000000000000000000FD
:10636000000000000000000000000000E007300C0A
:1063700018180C300C300C301C3038187008E0073E
:10638000B007180E0C1C06380630063006300630F2
:106390000C18180CE00300000000000000000000D2
:1063A000000000000000000000000000E0031804EE
:1063B0000C080C1806100630063006300630063879
:1063C0000C3C1836F03100300018001800180C0C86
:1063D0000C060C03F00100000000000000000000AB
:1063E00000000000000000000000000000000000AD
:1063F000000000000000000000008001C003C00396
:10640000800100000000000000000000000080018A
:10641000C003C00380010000000000000000000075
:10642000000000000000000000000000000000006C
:1064300000000000000000000000C000C0000000DC
:10644000000000000000000000000000000000004C
:106450000000C000C000800080004000400000003C
:1064600000000000000000000000002000100008F4
:106470000004000600038001C00060003000180026
:106480000C00180030006000C0008001000300060E
:1064900000040008001000200000000000000000C0
:1064A00000000000000000000000000000000000EC
:1064B00000000000000000000000FE7F000000005F
:1064C000000000000000FE7F00000000000000004F
:1064D00000000000000000000000000000000000BC
:1064E0000000000000000000000004000800100090
:1064F00020006000C000800100030006000C0018AE
:1065000000300018000C000600038001C00060008D
:10651000200010000800040000000000000000003F
:1065200000000000000000000000C0073018083024
:1065300008600C601C601C601C600030001C0006C1
:1065400000018000800080008000000000008001C9
:10655000C003C00380010000000000000000000034
:10656000000000000000000000000000C0076018EC
:10657000103018200C2F8C4D864CC64CC64C664CE7
:1065800066446644662666266615CC1C0C400820C8
:1065900018303018C00700000000000000000000A4
:1065A000000000000000000000000001C001C00168
:1065B000C0014001600320032003200330061006C1
:1065C00010061006F80F080C080C080C0C0C041828
:1065D000041806181F7C00000000000000000000E6
:1065E000000000000000000000000000FE07181C72
:1065F000183818301830183018301818180CF807D8
:106600001818183018201860186018601860186082
:1066100018301818FE0F00000000000000000000F5
:10662000000000000000000000000000C0276038EB
:10663000103018200C400C40040006000600060034
:10664000060006000600060006000C400C400C2068
:1066500018303018C00700000000000000000000E3
:10666000000000000000000000000000FE03180E03
:106670001818183018301830186018601860186032
:1066800018601860186018601860183018301810FA
:106690001818180EFE0300000000000000000000A3
:1066A000000000000000000000000000FE3F183065
:1066B000182018601840180018081808180CF80F4F
:1066C000180C18081808180018001800184018406E
:1066D00018201830FE3F00000000000000000000FD
:1066E000000000000000000000000000FE7F1870A5
:1066F000184018C018801800181018101818F81F23
:106700001818181018101800180018001800180091
:10671000180018007E0000000000000000000000CB
:10672000000000000000000000000000C013701C0A
:10673000101018100C200C200400060006000600A3
:106740000600060006FC063006300C300C3018300F
:1067500018303008C00700000000000000000000F2
:106760000000000000000000000000003F7E0C1848
:106770000C180C180C180C180C180C180C180C18F9
:10678000FC1F0C180C180C180C180C180C180C18F2
:106790000C180C183F7E00000000000000000000F4
:1067A000000000000000000000000000F81F800151
:1067B00080018001800180018001800180018001D1
:1067C00080018001800180018001800180018001C1
:1067D00080018001F81F00000000000000000000A0
:1067E000000000000000000000000000E07F000644
:1067F0000006000600060006000600060006000669
:106800000006000600060006000600060006000658
:1068100000060006000600060E060E038E01FC00B0
:106820000000000000000000000000007E7C18183E
:106830001808180418061802180198019801D801C0
:10684000B803380318071806180E180C181C181867
:10685000183018307EFC000000000000000000002E
:106860000000000000000000000000007E00180092
:106870001800180018001800180018001800180058
:1068800018001800180018001800180018401840C8
:1068900018201830FE3F000000000000000000003B
:1068A0000000000000000000000000001FF81C387D
:1068B0001C381C381C3C3434343434343436743290
:1068C0006432643264326431C431C431C431C4309E
:1068D000C43084309FFC0000000000000000000075
:1068E0000000000000000000000000001F7C1C10E1
:1068F0003C103410341074106410E410C410C4112F
:1069000084118413041304170416041E041C041CAD
:10691000041C04181F180000000000000000000004
:10692000000000000000000000000000C003300C68
:10693000181808100C300C300660066006600660FF
:10694000066006600660066006600C200C300810C9
:106950001818300CC0030000000000000000000008
:10696000000000000000000000000000FE0F1818EA
:1069700018301860186018601860186018301818FF
:10698000F80F180018001800180018001800180058
:10699000180018007E000000000000000000000049
:1069A000000000000000000000000000C003300CE8
:1069B00018180C100C300C2006600660066006608B
:1069C00006600660066006600660E4612C331C32D7
:1069D0001816300EC007004C007C00380000000084
:1069E000000000000000000000000000FE07181C6E
:1069F000183818301830183018301818180CF807D4
:106A000098031803180718061806180E180C180C07
:106A1000181C18187E78000000000000000000001C
:106A2000000000000000000000000000E0273038F7
:106A300018300C200C200C000C0018007800E0032B
:106A4000800F001E00380070006004600460086061
:106A500018303818C80F00000000000000000000C7
:106A6000000000000000000000000000FC3F8C213E
:106A70008461824182418001800180018001800126
:106A800080018001800180018001800180018001FE
:106A900080018001E007000000000000000000000D
:106AA0000000000000000000000000003F7C0C100F
:106AB0000C100C100C100C100C100C100C100C10F6
:106AC0000C100C100C100C100C100C100C100C10E6
:106AD00008083804E0030000000000000000000087
:106AE0000000000000000000000000003EF8182038
:106AF0001820182030103010301030106008600856
:106B00006008E00CC004C004C0048003800380035C
:106B100080030001000100000000000000000000F0
:106B2000000000000000000000000000DFF38661AC
:106B3000862186218C210C218C238C138C138C13A1
:106B40004C1358125816580E380E380E380E300C9A
:106B500010041004100400000000000000000000F9
:106B60000000000000000000000000007E3E180849
:106B700038083004300470026002E001C001C00136
:106B8000800180034003400720062006100C100CF3
:106B9000081808183E7C00000000000000000000FB
:106BA0000000000000000000000000007E7C1C10BF
:106BB000181018083008300C700460046002C0021D
:106BC000C002C0018001800180018001800180013C
:106BD00080018001E00700000000000000000000CC
:106BE000000000000000000000000000F83F18183E
:106BF0000818040C040E000600070003800380013F
:106C0000C001C000E0006000700030003820182093
:106C10001C100C18FE1F0000000000000000000007
:106C2000000000000000C03F400040004000400065
:106C30004000400040004000400040004000400054
:106C40004000400040004000400040004000400044
:106C500040004000400040004000C03F00000000F5
:106C600000000000000000000000080018001800EC
:106C7000100030002000600060004000C000800074
:106C800080018001000100030002000600060004EC
:106C9000000C000800180018001000300020000050
:106CA000000000000000FC030002000200020002DD
:106CB00000020002000200020002000200020002C4
:106CC00000020002000200020002000200020002B4
:106CD00000020002000200020002FC0300000000AB
:106CE0000000000000008007C0062008101000000F
:106CF0000000000000000000000000000000000094
:106D00000000000000000000000000000000000083
:106D10000000000000000000000000000000000073
:106D20000000000000000000000000000000000063
:106D30000000000000000000000000000000000053
:106D40000000000000000000000000000000000043
:106D50000000000000000000000000000000FFFF35
:106D60000000000000007800C000000100000000EA
:106D70000000000000000000000000000000000013
:106D80000000000000000000000000000000000003
:106D900000000000000000000000000000000000F3
:106DA00000000000000000000000000000000000E3
:106DB00000000000000000000000F00318060C0CAA
:106DC0000C0C000C800F700C1C0C0C0C060C060C30
:106DD000064C0C4FF83800000000000000000000D6
:106DE0000000000000000000000010001E0018005D
:106DF00018001800180018001800180FD81838309C
:106E000038601860186018601860186018601820E2
:106E100038307818C80700000000000000000000AB
:106E20000000000000000000000000000000000062
:106E300000000000000000000000C007700C1818DF
:106E400018180C180C000C000C000C000C2018205A
:106E500018103008C007000000000000000000000B
:106E6000000000000000000000000010001E0018DC
:106E700000180018001800180018E01B301C181823
:106E800018180C180C180C180C180C180C180818DA
:106E9000181C307AE009000000000000000000002B
:106EA00000000000000000000000000000000000E2
:106EB00000000000000000000000C007300C18189F
:106EC00008100C300C30FC3F0C000C000C0018209B
:106ED00018107018C007000000000000000000003B
:106EE000000000000000000000000000003E80C321
:106EF00080C0C0C0C000C000C000FC1FC000C000F7
:106F0000C000C000C000C000C000C000C000C00081
:106F1000C000C000F80F00000000000000000000EA
:106F20000000000000000000000000000000000061
:106F300000000000000000000000C077306C101856
:106F40001818181818181018300CF0071800180026
:106F5000F00FF03F08700C600C600C603838E00FE8
:106F60000000000000000000000010001E001800DB
:106F700018001800180018001800980FD81838309A
:106F800018301830183018301830183018301830C1
:106F9000183018307EFC00000000000000000000E7
:106FA00000000000000000000000000080038003DB
:106FB00080030000000000000001F8018001800152
:106FC00080018001800180018001800180018001B9
:106FD00080018001F81F0000000000000000000098
:106FE0000000000000000000000000000038003831
:106FF00000380000000000000010801F001800187A
:1070000000180018001800180018001800180018C0
:1070100000180018001800180018180C1806F003C3
:107020000000000000000000000010001E0018001A
:1070300018001800180018001800183E180C180640
:10704000180318019801D801380318071806180CFE
:10705000181C18187E7C00000000000000000000D2
:10706000000000000000000000000001F8018001A5
:107070008001800180018001800180018001800108
:1070800080018001800180018001800180018001F8
:1070900080018001F81F00000000000000000000D7
:1070A00000000000000000000000000000000000E0
:1070B00000000000000000000800EE1C9C338C3132
:1070C0008C318C318C318C318C318C318C318C31D8
:1070D0008C318C31DE7B00000000000000000000DD
:1070E00000000000000000000000000000000000A0
:1070F000000000000000000010001E0FD8183830FB
:10710000183018301830183018301830183018303F
:10711000183018307EFC0000000000000000000065
:10712000000000000000000000000000000000005F
:1071300000000000000000000000C007701C1030BC
:1071400018300C600C600C600C600C600C60183027
:1071500018303018C00700000000000000000000D8
:10716000000000000000000000000000000000001F
:10717000000000000000000010009E0F581838307A
:1071800018201860186018601860186018601830AF
:1071900038307818980718001800180018007E007A
:1071A00000000000000000000000000000000000DF
:1071B00000000000000000000000C023303C183830
:1071C00018300C300C300C300C300C300C300830D7
:1071D0001838303CE033003000300030003000FC24
:1071E000000000000000000000000000000000009F
:1071F000000000000000000060007E3C60666061EE
:10720000E000E0006000600060006000600060007E
:1072100060006000FE0700000000000000000000A9
:10722000000000000000000000000000000000005E
:1072300000000000000000000000E0273038183097
:10724000182018007000E003800F001C0430043088
:107250000C301C18EC0F00000000000000000000C3
:10726000000000000000000000000000000000001E
:10727000800080008000C000E000FC1FC000C00053
:10728000C000C000C000C000C000C000C000C020DE
:10729000C0208011000F000000000000000000006E
:1072A00000000000000000000000000000000000DE
:1072B000000000000000000010201E3C18301830B4
:1072C000183018301830183018301830183018307E
:1072D000183830F4E0130000000000000000000047
:1072E000000000000000000000000000000000009E
:1072F000000000000000000000007E3C1818180884
:10730000380830043004700260026002E001C001FD
:10731000C001C0008000000000000000000000006C
:10732000000000000000000000000000000000005D
:1073300000000000000000000000DFF78E630C2357
:107340008C238C239813981358165816700E700EB1
:10735000700E200420040000000000000000000067
:10736000000000000000000000000000000000001D
:1073700000000000000000000000FC3E70087004E7
:10738000E004C002C0018003800340076006200CB7
:10739000100C18183E7E00000000000000000000E5
:1073A00000000000000000000000000000000000DD
:1073B000000000000000000000007E7C1818180883
:1073C00030083008300460046004C002C002C0020B
:1073D0008001800180018000800080004C003C0022
:1073E000000000000000000000000000000000009D
:1073F00000000000000000000000FC1F0C0C040E48
:107400000406000380038001C000E00070203020EB
:1074100038301C18FC1F00000000000000000000B5
:107420000000000000000030000800040004000418
:10743000000400040004000400040004000400022E
:1074400080010002000400040004000400040004A1
:1074500000040004000400040004000800300000E0
:107460000001000100010001000100010001000114
:107470000001000100010001000100010001000104
:1074800000010001000100010001000100010001F4
:1074900000010001000100010001000100010001E4
:1074A0000000000000000C00100020002000200060
:1074B00020002000200020002000200020004000AC
:1074C000800140002000200020002000200020003B
:1074D0002000200020002000200010000C000000F0
:1074E00000003800C400864002610022001C000039
:1074F000000000000000000000000000000000008C
:10750000000000000000000000000000000000007B
:10751000000000000000000000000000000000006B
:10752000875C875C875C875C875C875C875C875C43
:10753000875C875C875C875C875C875C875C875C33
:10754000875C875C875C875C875C875C875C875C23
:10755000875C875C875C875C875C875C875C875C13
:10756000875D875D875D7F5D7F5C7F5C7F5C7F5B28
:107570007F5B7F7C7F7C7F9D7F7D7F7D775D7F3C98
:107580008F7D875C7F5C7F7C7F7D777D7F7D877E45
:10759000875D873D8F3D875C875C7F7B7F7B7F7BC3
:1075A0007F7C875C875C875C875C875C875C875CAB
:1075B000875C875C875C875C875C875C875C875CB3
:1075C000875C875C875C875C875C875C875C875CA3
:1075D000875C875C875C875C875C875C875C875C93
:1075E000875C875C875C875C875C875C875C875C83
:1075F000875C875C875C875C875C875C875C875C73
:10760000875C875C875C875C875C875C875C875C62
:10761000875C875C7F3C7F3D875D877D875C7F5C87
:107620007F5B7F5B879C877C7F5B7F3B7F3B7F3C77
:107630007F5D875D873C873C877D879D7F9D777DCC
:107640007F7D7F7D875D873D873D873C875C7F7B36
:107650007F7B7F7B7F7C875C875C875C875C875CCC
:10766000875C875C875C875C875C875C875C875C02
:10767000875C875C875C875C875C875C875C875CF2
:10768000875C875C875C875C875C875C875C875CE2
:10769000875C875C875C875C875C875C875C875CD2
:1076A000875C875C875C875C875C875C875C875CC2
:1076B000875C875C875C875C875C875C875C875CB2
:1076C000875C875C875C875C7F1C7F3D875D875D0F
:1076D000875C7F3B873B873B871A875B977C97BD9F
:1076E000979D8F7D871C7EDB86FB8F1C875C877D4B
:1076F0007F7C775D7F5D7F5D875D873D873D873CD4
:10770000875C7F7B7F7B7F7B7F7C875C875C875C04
:10771000875C875C875C875C875C875C875C875C51
:10772000875C875C875C875C875C875C875C875C41
:10773000875C875C875C875C875C875C875C875C31
:10774000875C875C875C875C875C875C875C875C21
:10775000875C875C875C875C875C875C875C875C11
:10776000875C875C875C875C875C875C875C875C01
:10777000875C875C875C875C875C875C7F5C7F5D00
:107780007F3C873C875C8F3B8F5B975B8F1A8EFAC1
:107790008EFB96FB96FB971B971C971C973C973C80
:1077A0008F3C7F1B7F3C7F7D7F7D7F5D875D875D1D
:1077B000873D873C875C7F7C7F7B7F7B7F7C875C92
:1077C000875C875C875C875C875C875C875C875CA1
:1077D000875C875C875C875C875C875C875C875C91
:1077E000875C875C875C875C875C875C875C875C81
:1077F000875C875C875C875C875C875C875C875C71
:10780000875C875C875C875C875C875C875C875C60
:10781000875C875C875C875C875C875C875C875C50
:10782000875C875C875C875C875C875C875C875C40
:10783000879D7F5C7F3B873B8F5C977C9F7C9F3BDA
:10784000A75B8E9875755CD264D37DB69EDBB79EC0
:10785000A75DA77D975C871B7F3C7F9D7F7D773CE5
:10786000875D875D873D875C875C7F7C7F7B7F7CD6
:107870007F7C875C875C875C875C875C875C875CD8
:10788000875C875C875C875C875C875C875C875CE0
:10789000875C875C875C875C875C875C875C875CD0
:1078A000875C875C875C875C875C875C875C875CC0
:1078B000875C875C875C875C875C875C875C875CB0
:1078C000875C875C875C875C875C875C875C875CA0
:1078D000875C875C875C875C875C875C875C875C90
:1078E000875C875C879D7F5C7F3B8F5C977C973B49
:1078F00086787DB522A91207010300610081014548
:107900002249330C8E1896DA9F5C8F5C875C879DCA
:107910007F7D771C875D875D873C875C875C875CA4
:107920007F7C7F7C875C875C875C875C875C875C0F
:10793000875C875C875C875C875C875C875C875C2F
:10794000875C875C875C875C875C875C875C875C1F
:10795000875C875C875C875C875C875C875C875C0F
:10796000875C875C875C875C875C875C875C875CFF
:10797000875C875C875C875C875C875C875C875CEF
:10798000875C875C875C875C875C875C875C875CDF
:10799000875C875C875C875C879D7F5B7F3B8F5BB9
:1079A000973B7E1643EE1A480060004000400020DE
:1079B00000210041006200822ACB64D396BA9F5C0A
:1079C0008F5C875C7F5C773C7F5D875D875C875CD5
:1079D000875C875C7F7C7F7C875C875C875C875C5F
:1079E000875C875C875C875C875C875C875C875C7F
:1079F000875C875C875C875C875C875C875C875C6F
:107A0000875C875C875C875C875C875C875C875C5E
:107A1000875C875C875C875C875C875C875C875C4E
:107A2000875C875C875C875C875C875C875C875C3E
:107A3000875C875C875C875C875C875C875C875C2E
:107A4000875C875C875C875C875C875C7F9C7F5BEF
:107A5000873B8F5B8ED95CD10985004000200020D8
:107A600000000020000000000000002000412ACBA0
:107A700085F79F3C8F3C7F3B7F7C7F7D7F5D875D73
:107A8000875C875C875C875C7F7C7F7C875C875CAE
:107A9000875C875C875C875C875C875C875C875CCE
:107AA000875C875C875C875C875C875C875C875CBE
:107AB000875C875C875C875C875C875C875C875CAE
:107AC000875C875C875C875C875C875C875C875C9E
:107AD000875C875C875C875C875C875C875C875C8E
:107AE000875C875C875C875C875C875C875C875C7E
:107AF000875C875C875C875C875C875C875C875C6E
:107B00007F7C7F3B8F5BA7DD2B6C014400810020D5
:107B100000000000000000000841000000000041DB
:107B2000002100A301A696DA9F7D7F3B7F3B7F7CEF
:107B30007F5D7F5D875C875C875C875C875C875C3B
:107B4000875C875C875C875C875C875C875C875C1D
:107B5000875C875C875C875C875C875C875C875C0D
:107B6000875C875C875C875C875C875C875C875CFD
:107B7000875C875C875C875C875C875C875C875CED
:107B8000875C875C875C875C875C875C875C875CDD
:107B9000875C875C875C875C875C875C875C875CCD
:107BA000875C875C875C875C875C875C875C875CBD
:107BB000875C875C7F5C875B8F5B8EDA126800A1D5
:107BC0000040000000000800080008000800000055
:107BD000000008620000004100C364D2971B873B8D
:107BE0007F3B7F5C7F7C7F5D875C875C875C875C9D
:107BF000875C875C875C875C875C875C875C875C6D
:107C0000875C875C875C875C875C875C875C875C5C
:107C1000875C875C875C875C875C875C875C875C4C
:107C2000875C875C875C875C875C875C875C875C3C
:107C3000875C875C875C875C875C875C875C875C2C
:107C4000875C875C875C875C875C875C875C875C1C
:107C5000875C875C875C875C875C875C875C875C0C
:107C6000875C875C875C875C7F5C8F7C8F3B65541F
:107C700001240041002000000800208272EC838E65
:107C8000734D4207000000000000000100411A4946
:107C90008EDA8F3B877C7F5C7F7C7F7C875C875C18
:107CA000875C875C875C875C875C875C875C875CBC
:107CB000875C875C875C875C875C875C875C875CAC
:107CC000875C875C875C875C875C875C875C875C9C
:107CD000875C875C875C875C875C875C875C875C8C
:107CE000875C875C875C875C875C875C875C875C7C
:107CF000875C875C875C875C875C875C875C875C6C
:107D0000875C875C875C875C875C875C875C875C5B
:107D1000875C875C875C875C875C875C7F5C8F7D2A
:107D20008EFB3BEF006100410000000010006AABD9
:107D3000F6DBFF9EF77DBDF72985000000000021DE
:107D4000002100828EB98F5C877C7F7C7F7C7F7C6A
:107D5000875C875C875C875C875C875C875C875C0B
:107D6000875C875C875C875C875C875C875C875CFB
:107D7000875C875C875C875C875C875C875C875CEB
:107D8000875C875C875C875C875C875C875C875CDB
:107D9000875C875C875C875C875C875C875C875CCB
:107DA000875C875C875C875C875C875C875C875CBB
:107DB000875C875C875C875C875C875C875C875CAB
:107DC000875C875C875C875C875C875C875C875C9B
:107DD000873C8F3C8EDB1AEB00420041000008001C
:107DE0003925B4F4FFDFFFDFFFFFF7DE6BAD0040A6
:107DF000000008210021006186588F3B7F5B7F9C3B
:107E00007F7C7F7C7F5C875C875C875C875C875C32
:107E1000875C875C875C875C875C875C875C875C4A
:107E2000875C875C875C875C875C875C875C875C3A
:107E3000875C875C875C875C875C875C875C875C2A
:107E4000875C875C875C875C875C875C875C875C1A
:107E5000875C875C875C875C875C875C875C875C0A
:107E6000875C875C875C875C875C875C875C875CFA
:107E7000875C875C875C875C875C875C875C875CEA
:107E8000875C875C873C8F1C8EDB126A0062006215
:107E90000001080049A7DE18FFDFEF1BEF7DF7FEAA
:107EA0008CF2002008000800004100417DD68F1BA5
:107EB00076FA7F7C7F7C7F7C7F5C875C875C875CDD
:107EC000875C875C875C875C875C875C875C875C9A
:107ED000875C875C875C875C875C875C875C875C8A
:107EE000875C875C875C875C875C875C875C875C7A
:107EF000875C875C875C875C875C875C875C875C6A
:107F0000875C875C875C875C875C875C875C875C59
:107F1000875C875C875C875C875C875C875C875C49
:107F2000875C875C875C875C875C875C875C875C39
:107F3000875C875C875C875C8F3D8F1C9F1D124A26
:107F400000830022000108013926E67AFF9EF75CD3
:107F5000F7DEE7BD9574002008000800002100400E
:107F60007595975B76FA7F7C7F7C7F7C7F5C875CF6
:107F7000875C875C875C875C875C875C875C875CE9
:107F8000875C875C875C875C875C875C875C875CD9
:107F9000875C875C875C875C875C875C875C875CC9
:107FA000875C875C875C875C875C875C875C875CB9
:107FB000875C875C875C875C875C875C875C875CA9
:107FC000875C875C875C875C875C875C875C875C99
:107FD000875C875C875C875C875C875C875C875C89
:107FE000875C875C875C875C875C875C8F5D8F1DA7
:107FF000A75E124900630001000110213925EEBB84
:10800000F75DFFBEFFFFDF5C9D950020102108009B
:10801000000000616D749FBD7F1A87BC7F7C7F7CF0
:108020007F5C875C875C875C875C875C875C875C40
:10803000875C875C875C875C875C875C875C875C28
:10804000875C875C875C875C875C875C875C875C18
:10805000875C875C875C875C875C875C875C875C08
:10806000875C875C875C875C875C875C875C875CF8
:10807000875C875C875C875C875C875C875C875CE8
:10808000875C875C875C875C875C875C875C875CD8
:10809000875C875C875C875C875C875C875C875CC8
:1080A000875C871B9F3C1A6A006200210000080061
:1080B0003145DE9AF77DFFFFEF9DEFDE94F3000080
:1080C0000800000000200082863886FA7F5B7F9CD3
:1080D0007F7C7F7C7F5C875C875C875C875C875C60
:1080E000875C875C875C875C875C875C875C875C78
:1080F000875C875C875C875C875C875C875C875C68
:10810000875C875C875C875C875C875C875C875C57
:10811000875C875C875C875C875C875C875C875C47
:10812000875C875C875C875C875C875C875C875C37
:10813000875C875C875C875C875C875C875C875C27
:10814000875C875C875C875C875C875C875C875C17
:10815000875C875C875C871B9F3C1A6A00620021F2
:10816000000008003165D6BAEF9DFFFFEF9EF7BE15
:108170009CD3000008000000002000C28658871A27
:10818000875C7F9C7F7C7F7C875C875C875C875C6F
:10819000875C875C875C875C875C875C875C875CC7
:1081A000875C875C875C875C875C875C875C875CB7
:1081B000875C875C875C875C875C875C875C875CA7
:1081C000875C875C875C875C875C875C875C875C97
:1081D000875C875C875C875C875C875C875C875C87
:1081E000875C875C875C875C875C875C875C875C77
:1081F000875C875C875C875C875C875C875C875C67
:10820000875C875C875C875C875C871B9F3C1A6AFE
:1082100000620021000008003165D6BAEF9DFFFF23
:10822000EF9EF7BE9CD3000000000000004100E379
:108230008E998F1B875C7F7C7F7C7F7C875C875CD3
:10824000875C875C875C875C875C875C875C875C16
:10825000875C875C875C875C875C875C875C875C06
:10826000875C875C875C875C875C875C875C875CF6
:10827000875C875C875C875C875C875C875C875CE6
:10828000875C875C875C875C875C875C875C875CD6
:10829000875C875C875C875C875C875C875C875CC6
:1082A000875C875C875C875C875C875C875C875CB6
:1082B000875C875C875C875C875C875C875C871BE7
:1082C0009F3C1A6A00620021000008003165D6BA9E
:1082D000EF9DFFFFEF9EF7BE9CD300000000000063
:1082E000004101038EB98F3B875C7F7C7F7C7F7C64
:1082F000875C875C875C875C875C875C875C875C66
:10830000875C875C875C875C875C875C875C875C55
:10831000875C875C875C875C875C875C875C875C45
:10832000875C875C875C875C875C875C875C875C35
:10833000875C875C875C875C875C875C875C875C25
:10834000875C875C875C875C875C875C875C875C15
:10835000875C875C875C875C875C875C875C875C05
:10836000875C875C875C875C875C875C875C875CF5
:10837000875C871B9F3C1A6A00620021000008008E
:108380003165D6BAEF9DFFFFEF9EF7BE9CD300008C
:10839000000000000041010396BA8F3B7F5B7F5CC9
:1083A0007F7C7F7C875C875C875C875C875C875C85
:1083B000875C875C875C875C875C875C875C875CA5
:1083C000875C875C875C875C875C875C875C875C95
:1083D000875C875C875C875C875C875C875C875C85
:1083E000875C875C875C875C875C875C875C875C75
:1083F000875C875C875C875C875C875C875C875C65
:10840000875C875C875C875C875C875C875C875C54
:10841000875C875C875C875C875C875C875C875C44
:10842000875C875C875C871B9F3C1A6A006200211F
:10843000000008003165D6BAEF9DFFFFEF9EF7BE42
:108440009CD3000000000000004100E38E998F3BA8
:108450007F5B7F5C7F7C7F7C875C875C875C875CE5
:10846000875C875C875C875C875C875C875C875CF4
:10847000875C875C875C875C875C875C875C875CE4
:10848000875C875C875C875C875C875C875C875CD4
:10849000875C875C875C875C875C875C875C875CC4
:1084A000875C875C875C875C875C875C875C875CB4
:1084B000875C875C875C875C875C875C875C875CA4
:1084C000875C875C875C875C875C875C875C875C94
:1084D000875C875C875C875C875C871B9F3C1A6A2C
:1084E00000620021000008003165D6BAEF9DFFFF51
:1084F000EF9EF7BE9CD3000000000000002100E3C7
:108500008E79871B7F5B7F5C7F7C7F7C875C875C51
:10851000875C875C875C875C875C875C875C875C43
:10852000875C875C875C875C875C875C875C875C33
:10853000875C875C875C875C875C875C875C875C23
:10854000875C875C875C875C875C875C875C875C13
:10855000875C875C875C875C875C875C875C875C03
:10856000875C875C875C875C875C875C875C875CF3
:10857000875C875C875C875C875C875C875C875CE3
:10858000875C875C875C875C875C875C875C871B14
:108590009F3C1A6A00620021000008003165D6BACB
:1085A000EF9DFFFFEF9EF7BE9CD300000000000090
:1085B000002000C28E79871A7F3B7F5C7F7C7F7CA6
:1085C000875C875C875C875C875C875C875C875C93
:1085D000875C875C875C875C875C875C875C875C83
:1085E000875C875C875C875C875C875C875C875C73
:1085F000875C875C875C875C875C875C875C875C63
:10860000875C875C875C875C875C875C875C875C52
:10861000875C875C875C875C875C875C875C875C42
:10862000875C875C875C875C875C875C875C875C32
:10863000875C875C875C875C875C875C875C875C22
:10864000875C871B9F3C1A6A0062002100000800BB
:108650003165D6BAEF9DFFFFEF9EF7BE9CD30000B9
:1086600000000000002000A286588F1B875C7F5C02
:108670007F7C7F7C875C875C875C875C875C875CB2
:10868000875C875C875C875C875C875C875C875CD2
:10869000875C875C875C875C875C875C875C875CC2
:1086A000875C875C875C875C875C875C875C875CB2
:1086B000875C875C875C875C875C875C875C875CA2
:1086C000875C875C875C875C875C875C875C875C92
:1086D000875C875C875C875C875C875C875C875C82
:1086E000875C875C875C875C875C875C875C875C72
:1086F000875C875C875C871B9F3C1A6A006200214D
:10870000000008003165D6BAEF9DFFFFEF9EF7BE6F
:108710009CD3000000000000002000C28E798F3B37
:10872000875C7F5C7F7C7F7C875C875C875C875C09
:10873000875C875C875C875C875C875C875C875C21
:10874000875C875C875C875C875C875C875C875C11
:10875000875C875C875C875C875C875C875C875C01
:10876000875C875C875C875C875C875C875C875CF1
:10877000875C875C875C875C875C875C875C875CE1
:10878000875C875C875C875C875C875C875C875CD1
:10879000875C875C875C875C875C875C875C875CC1
:1087A000875C875C875C875C875C871B9F3C1A6A59
:1087B00000620021000008003165D6BAEF9DFFFF7E
:1087C000EF9EF7BE9CD3000000000000002100E3F4
:1087D00096BA8F3B7F5B7F5C7F7C7F7C875C875C0E
:1087E000875C875C875C875C875C875C875C875C71
:1087F000875C875C875C875C875C875C875C875C61
:10880000875C875C875C875C875C875C875C875C50
:10881000875C875C875C875C875C875C875C875C40
:10882000875C875C875C875C875C875C875C875C30
:10883000875C875C875C875C875C875C875C875C20
:10884000875C875C875C875C875C875C875C875C10
:10885000875C875C875C875C875C875C875C871B41
:108860009F3C1A6A00620021000008003165D6BAF8
:10887000EF9DFFFFEF9EF7BE9CD3000000000000BD
:108880000041012496DA8F5C7F5B7F5C7F7C7F7C7C
:10889000875C875C875C875C875C875C875C875CC0
:1088A000875C875C875C875C875C875C875C875CB0
:1088B000875C875C875C875C875C875C875C875CA0
:1088C000875C875C875C875C875C875C875C875C90
:1088D000875C875C875C875C875C875C875C875C80
:1088E000875C875C875C875C875C875C875C875C70
:1088F000875C875C875C875C875C875C875C875C60
:10890000875C875C875C875C875C875C875C875C4F
:10891000875C871B9F3C1A6A0062002100000800E8
:108920003165D6BAEF9DFFFFEF9EF7BE9CD30000E6
:1089300008000000004101449EFB8F5B7F3B7F7C71
:108940007F7C7F7C875C875C875C875C875C875CDF
:10895000875C875C875C875C875C875C875C875CFF
:10896000875C875C875C875C875C875C875C875CEF
:10897000875C875C875C875C875C875C875C875CDF
:10898000875C875C875C875C875C875C875C875CCF
:10899000875C875C875C875C875C875C875C875CBF
:1089A000875C875C875C875C875C875C875C875CAF
:1089B000875C875C875C875C875C875C875C875C9F
:1089C000875C875C875C871B9F3C1A6A006200217A
:1089D000000008003165D6BAEF9DFFFFEF9EF7BE9D
:1089E0009CD3000008000000002001449EFB8F3B48
:1089F0007F3B7F7C7F7C7F7C875C875C875C875C40
:108A0000875C875C875C875C875C875C875C875C4E
:108A1000875C875C875C875C875C875C875C875C3E
:108A2000875C875C875C875C875C875C875C875C2E
:108A3000875C875C875C875C875C875C875C875C1E
:108A4000875C875C875C875C875C875C875C875C0E
:108A5000875C875C875C875C875C875C875C875CFE
:108A6000875C875C875C875C875C875C875C875CEE
:108A7000875C875C875C875C875C871B9F3C1A6A86
:108A800000620021000008003165D6BAEF9DFFFFAB
:108A9000EF9EF7BE9CD300000801000000200124D7
:108AA0009EFB8F1B7F3B7F7C7F7C7F7C875C875C12
:108AB000875C875C875C875C875C875C875C875C9E
:108AC000875C875C875C875C875C875C875C875C8E
:108AD000875C875C875C875C875C875C875C875C7E
:108AE000875C875C875C875C875C875C875C875C6E
:108AF000875C875C875C875C875C875C875C875C5E
:108B0000875C875C875C875C875C875C875C875C4D
:108B1000875C875C875C875C875C875C875C875C3D
:108B2000875C875C875C875C875C875C875C871B6E
:108B30009F3C1A6A00620021000008003165D6BA25
:108B4000EF9DFFFFEF9EF7BE9CD3000008010000E1
:108B50000020012496DA871B7F1B7F9C7F7C7F7C13
:108B6000875C875C875C875C875C875C875C875CED
:108B7000875C875C875C875C875C875C875C875CDD
:108B8000875C875C875C875C875C875C875C875CCD
:108B9000875C875C875C875C875C875C875C875CBD
:108BA000875C875C875C875C875C875C875C875CAD
:108BB000875C875C875C875C875C875C875C875C9D
:108BC000875C875C875C875C875C875C875C875C8D
:108BD000875C875C875C875C875C875C875C875C7D
:108BE000875C871B9F3C1A6A006200210000080016
:108BF0003165D6BAEF9DFFFFEF9EF7BE9CD3000014
:108C000008000000002000C28E998F5B875C775BB4
:108C10007F7C7F7C875C875C875C875C875C875C0C
:108C2000875C875C875C875C875C875C875C875C2C
:108C3000875C875C875C875C875C875C875C875C1C
:108C4000875C875C875C875C875C875C875C875C0C
:108C5000875C875C875C875C875C875C875C875CFC
:108C6000875C875C875C875C875C875C875C875CEC
:108C7000875C875C875C875C875C875C875C875CDC
:108C8000875C875C875C875C875C875C875C875CCC
:108C9000875C875C875C871B9F3C1A6A00620021A7
:108CA000000008003165D6BAEF9DFFFFEF9EF7BECA
:108CB0009CD3000008000000002000A28E998F3B8A
:108CC0007F5B775B7F7C7F7C875C875C875C875C76
:108CD000875C875C875C875C875C875C875C875C7C
:108CE000875C875C875C875C875C875C875C875C6C
:108CF000875C875C875C875C875C875C875C875C5C
:108D0000875C875C875C875C875C875C875C875C4B
:108D1000875C875C875C875C875C875C875C875C3B
:108D2000875C875C875C875C875C875C875C875C2B
:108D3000875C875C875C875C875C875C875C875C1B
:108D4000875C875C875C875C875C871B9F3C1A6AB3
:108D500000620021000008003165D6BAEF9DFFFFD8
:108D6000EF9EF7BE9CD3000008000000002000A288
:108D70008E798F3B7F5B7F5C7F7C7F7C875C875CB1
:108D8000875C875C875C875C875C875C875C875CCB
:108D9000875C875C875C875C875C875C875C875CBB
:108DA000875C875C875C875C875C875C875C875CAB
:108DB000875C875C875C875C875C875C875C875C9B
:108DC000875C875C875C875C875C875C875C875C8B
:108DD000875C875C875C875C875C875C875C875C7B
:108DE000875C875C875C875C875C875C875C875C6B
:108DF000875C875C875C875C875C875C875C871B9C
:108E00009F3C1A6A00620021000008003165D6BA52
:108E1000EF9DFFFFEF9EF7BE9CD30000080000000F
:108E20000020008286788F3B7F5B7F5C7F7C7F7C2D
:108E3000875C875C875C875C875C875C875C875C1A
:108E4000875C875C875C875C875C875C875C875C0A
:108E5000875C875C875C875C875C875C875C875CFA
:108E6000875C875C875C875C875C875C875C875CEA
:108E7000875C875C875C875C875C875C875C875CDA
:108E8000875C875C875C875C875C875C875C875CCA
:108E9000875C875C875C875C875C875C875C875CBA
:108EA000875C875C875C875C875C875C875C875CAA
:108EB000875C871B9F3C1A6A006200210000080043
:108EC0003165D6BAEF9DFFFFEF9EF7BE9CD3000041
:108ED00008000000002000A28E798F3B7F5B7F5C42
:108EE0007F7C7F7C875C875C875C875C875C875C3A
:108EF000875C875C875C875C875C875C875C875C5A
:108F0000875C875C875C875C875C875C875C875C49
:108F1000875C875C875C875C875C875C875C875C39
:108F2000875C875C875C875C875C875C875C875C29
:108F3000875C875C875C875C875C875C875C875C19
:108F4000875C875C875C875C875C875C875C875C09
:108F5000875C875C875C875C875C875C875C875CF9
:108F6000875C875C875C871B9F3C1A6A00620021D4
:108F7000000008003165D6BAEF9DFFFFEF9EF7BEF7
:108F80009CD3000008000000002000C28E998F5B77
:108F9000875C775B7F7C7F7C875C875C875C875C9A
:108FA000875C875C875C875C875C875C875C875CA9
:108FB000875C875C875C875C875C875C875C875C99
:108FC000875C875C875C875C875C875C875C875C89
:108FD000875C875C875C875C875C875C875C875C79
:108FE000875C875C875C875C875C875C875C875C69
:108FF000875C875C875C875C875C875C875C875C59
:10900000875C875C875C875C875C875C875C875C48
:10901000875C875C875C875C875C871B9F3C1A6AE0
:1090200000620021000008003165D6BAEF9DFFFF05
:10903000EF9EF7BE9CD3000008000000002100E373
:1090400096DA975C875C775B7F7C7F7C875C875C4C
:10905000875C875C875C875C875C875C875C875CF8
:10906000875C875C875C875C875C875C875C875CE8
:10907000875C875C875C875C875C875C875C875CD8
:10908000875C875C875C875C875C875C875C875CC8
:10909000875C875C875C875C875C875C875C875CB8
:1090A000875C875C875C875C875C875C875C875CA8
:1090B000875C875C875C875C875C875C875C875C98
:1090C000875C875C875C875C875C875C875C871BC9
:1090D0009F3C1A6A00620021000008003165D6BA80
:1090E000EF9DFFFFEF9EF7BE9CD300000000000045
:1090F0000041010496DA977C875C773B7F7C7F7C1C
:10910000875C875C875C875C875C875C875C875C47
:10911000875C875C875C875C875C875C875C875C37
:10912000875C875C875C875C875C875C875C875C27
:10913000875C875C875C875C875C875C875C875C17
:10914000875C875C875C875C875C875C875C875C07
:10915000875C875C875C875C875C875C875C875CF7
:10916000875C875C875C875C875C875C875C875CE7
:10917000875C875C875C875C875C875C875C875CD7
:10918000875C871B9F3C1A6A006200210000080070
:109190003165D6BAEF9DFFFFEF9EF7BE9CD300006E
:1091A000080000000041012496FA8F5B7F5B7F5C22
:1091B0007F7C7F7C875C875C875C875C875C875C67
:1091C000875C875C875C875C875C875C875C875C87
:1091D000875C875C875C875C875C875C875C875C77
:1091E000875C875C875C875C875C875C875C875C67
:1091F000875C875C875C875C875C875C875C875C57
:10920000875C875C875C875C875C875C875C875C46
:10921000875C875C875C875C875C875C875C875C36
:10922000875C875C875C875C875C875C875C875C26
:10923000875C875C875C871B9F3C1A6A0062002101
:10924000000008003165D6BAEF9DFFFFEF9EF7BE24
:109250009CD30000080000000041012496FA8F5BB7
:109260007F5B7F7C7F7C7F7C875C875C875C875CA7
:10927000875C875C875C875C875C875C875C875CD6
:10928000875C875C875C875C875C875C875C875CC6
:10929000875C875C875C875C875C875C875C875CB6
:1092A000875C875C875C875C875C875C875C875CA6
:1092B000875C875C875C875C875C875C875C875C96
:1092C000875C875C875C875C875C875C875C875C86
:1092D000875C875C875C875C875C875C875C875C76
:1092E000875C875C875C875C875C871B9F3C1A6A0E
:1092F00000620021000008003165D6BAEF9DFFFF33
:10930000EF9EF7BE9CD3000008000000002101245E
:1093100096DA8F3B7F5B7F7C7F7C7F7C875C875C82
:10932000875C875C875C875C875C875C875C875C25
:10933000875C875C875C875C875C875C875C875C15
:10934000875C875C875C875C875C875C875C875C05
:10935000875C875C875C875C875C875C875C875CF5
:10936000875C875C875C875C875C875C875C875CE5
:10937000875C875C875C875C875C875C875C875CD5
:10938000875C875C875C875C875C875C875C875CC5
:10939000875C875C875C875C875C875C875C871BF6
:1093A0009F3C1A6A00620021000008003165D6BAAD
:1093B000EF9DFFFFEF9EF7BE9CD30000080000006A
:1093C0000020010496DA8F3B7F3B7F7C7F7C7F7C93
:1093D000875C875C875C875C875C875C875C875C75
:1093E000875C875C875C875C875C875C875C875C65
:1093F000875C875C875C875C875C875C875C875C55
:10940000875C875C875C875C875C875C875C875C44
:10941000875C875C875C875C875C875C875C875C34
:10942000875C875C875C875C875C875C875C875C24
:10943000875C875C875C875C875C875C875C875C14
:10944000875C875C875C875C875C875C875C875C04
:10945000875C871B9F3C1A6A00620021000008009D
:109460003165D6BAEF9DFFFFEF9EF7BE9CD300009B
:10947000080000000020010396BA8F3B7F3B7F7CF1
:109480007F7C7F7C875C875C875C875C875C875C94
:10949000875C875C875C875C875C875C875C875CB4
:1094A000875C875C875C875C875C875C875C875CA4
:1094B000875C875C875C875C875C875C875C875C94
:1094C000875C875C875C875C875C875C875C875C84
:1094D000875C875C875C875C875C875C875C875C74
:1094E000875C875C875C875C875C875C875C875C64
:1094F000875C875C875C875C875C875C875C875C54
:10950000875C875C875C871B9F3C1A6A006200212E
:10951000000008003165D6BAEF9DFFFFEF9EF7BE51
:109520009CD3000008000000002000E396BA8F3BA7
:109530007F3B7F7C7F7C7F7C875C875C875C875CF4
:10954000875C875C875C875C875C875C875C875C03
:10955000875C875C875C875C875C875C875C875CF3
:10956000875C875C875C875C875C875C875C875CE3
:10957000875C875C875C875C875C875C875C875CD3
:10958000875C875C875C875C875C875C875C875CC3
:10959000875C875C875C875C875C875C875C875CB3
:1095A000875C875C875C875C875C875C875C875CA3
:1095B000875C875C875C875C875C871B9F3C1A6A3B
:1095C00000620021000008003165D6BAEF9DFFFF60
:1095D000EF9EF7BE9CD3000008000000002000E3CF
:1095E0008EB98F1B7F3B7F7C7F7C7F7C875C875C19
:1095F000875C875C875C875C875C875C875C875C53
:10960000875C875C875C875C875C875C875C875C42
:10961000875C875C875C875C875C875C875C875C32
:10962000875C875C875C875C875C875C875C875C22
:10963000875C875C875C875C875C875C875C875C12
:10964000875C875C875C875C875C875C875C875C02
:10965000875C875C875C875C875C875C875C875CF2
:10966000875C875C875C875C875C875C875C871B23
:109670009F3C1A6A00620021000008003165D6BADA
:10968000EF9DFFFFEF9EF7BE9CD300000800000097
:10969000002000E38E99871B7F3B7F7C7F7C7F7C53
:1096A000875C875C875C875C875C875C875C875CA2
:1096B000875C875C875C875C875C875C875C875C92
:1096C000875C875C875C875C875C875C875C875C82
:1096D000875C875C875C875C875C875C875C875C72
:1096E000875C875C875C875C875C875C875C875C62
:1096F000875C875C875C875C875C875C875C875C52
:10970000875C875C875C875C875C875C875C875C41
:10971000875C875C875C875C875C875C875C875C31
:10972000875C871B9F3C1A6A0062002100000800CA
:109730003165D6BAEF9DFFFFEF9EF7BE9CD30000C8
:1097400000000000004101249EFB8F5B7F5B7F5C7B
:109750007F7C7F7C875C875C875C875C875C875CC1
:10976000875C875C875C875C875C875C875C875CE1
:10977000875C875C875C875C875C875C875C875CD1
:10978000875C875C875C875C875C875C875C875CC1
:10979000875C875C875C875C875C875C875C875CB1
:1097A000875C875C875C875C875C875C875C875CA1
:1097B000875C875C875C875C875C875C875C875C91
:1097C000875C875C875C875C875C875C875C875C81
:1097D000875C875C875C871B9F3C1A6A006200215C
:1097E000000008003165D6BAEF9DFFFFEF9EF7BE7F
:1097F0009CD3000000000000004101249EFB8F5B11
:109800007F5B7F5C7F7C7F7C875C875C875C875C21
:10981000875C875C875C875C875C875C875C875C30
:10982000875C875C875C875C875C875C875C875C20
:10983000875C875C875C875C875C875C875C875C10
:10984000875C875C875C875C875C875C875C875C00
:10985000875C875C875C875C875C875C875C875CF0
:10986000875C875C875C875C875C875C875C875CE0
:10987000875C875C875C875C875C875C875C875CD0
:10988000875C875C875C875C875C871B9F3C1A6A68
:1098900000620021000008003165D6BAEF9DFFFF8D
:1098A000EF9EF7BE9CD300000000000000410124A1
:1098B0009EFB8F5B7F5B7F5C7F7C7F7C875C875CB4
:1098C000875C875C875C875C875C875C875C875C80
:1098D000875C875C875C875C875C875C875C875C70
:1098E000875C875C875C875C875C875C875C875C60
:1098F000875C875C875C875C875C875C875C875C50
:10990000875C875C875C875C875C875C875C875C3F
:10991000875C875C875C875C875C875C875C875C2F
:10992000875C875C875C875C875C875C875C875C1F
:10993000875C875C875C875C875C875C875C871B50
:109940009F3C1A6A00620021000008003165D6BA07
:10995000EF9DFFFFEF9EF7BE9CD3000000000000CC
:10996000004101249EFB8F5B7F5B7F5C7F7C7F7C63
:10997000875C875C875C875C875C875C875C875CCF
:10998000875C875C875C875C875C875C875C875CBF
:10999000875C875C875C875C875C875C875C875CAF
:1099A000875C875C875C875C875C875C875C875C9F
:1099B000875C875C875C875C875C875C875C875C8F
:1099C000875C875C875C875C875C875C875C875C7F
:1099D000875C875C875C875C875C875C875C875C6F
:1099E000875C875C875C875C875C875C875C875C5F
:1099F000875C871B9F3C1A6A0062002100000800F8
:109A00003165D6BAEF9DFFFFEF9EF7BE9CD30000F5
:109A100000000000004101249EFB8F5B7F5B7F5CA8
:109A20007F7C7F7C875C875C875C875C875C875CEE
:109A3000875C875C875C875C875C875C875C875C0E
:109A4000875C875C875C875C875C875C875C875CFE
:109A5000875C875C875C875C875C875C875C875CEE
:109A6000875C875C875C875C875C875C875C875CDE
:109A7000875C875C875C875C875C875C875C875CCE
:109A8000875C875C875C875C875C875C875C875CBE
:109A9000875C875C875C875C875C875C875C875CAE
:109AA000875C875C875C871B9F3C1A6A0062002189
:109AB000000008003165D6BAEF9DFFFFEF9EF7BEAC
:109AC0009CD3000000000000004101249EFB8F5B3E
:109AD0007F5B7F5C7F7C7F7C875C875C875C875C4F
:109AE000875C875C875C875C875C875C875C875C5E
:109AF000875C875C875C875C875C875C875C875C4E
:109B0000875C875C875C875C875C875C875C875C3D
:109B1000875C875C875C875C875C875C875C875C2D
:109B2000875C875C875C875C875C875C875C875C1D
:109B3000875C875C875C875C875C875C875C875C0D
:109B4000875C875C875C875C875C875C875C875CFD
:109B5000875C875C875C875C875C871B9F3C1A6A95
:109B600000620021000008003165D6BAEF9DFFFFBA
:109B7000EF9EF7BE9CD300000000000000410124CE
:109B80009EFB8F5B7F5B7F5C7F7C7F7C875C875CE1
:109B9000875C875C875C875C875C875C875C875CAD
:109BA000875C875C875C875C875C875C875C875C9D
:109BB000875C875C875C875C875C875C875C875C8D
:109BC000875C875C875C875C875C875C875C875C7D
:109BD000875C875C875C875C875C875C875C875C6D
:109BE000875C875C875C875C875C875C875C875C5D
:109BF000875C875C875C875C875C875C875C875C4D
:109C0000875C875C875C875C875C875C875C871B7D
:109C10009F3C1A6A00620021000008003165D6BA34
:109C2000EF9DFFFFEF9EF7BE9CD3000000000000F9
:109C3000004101249EFB8F5B7F5B7F5C7F7C7F7C90
:109C4000875C875C875C875C875C875C875C875CFC
:109C5000875C875C875C875C875C875C875C875CEC
:109C6000875C875C875C875C875C875C875C875CDC
:109C7000875C875C875C875C875C875C875C875CCC
:109C8000875C875C875C875C875C875C875C875CBC
:109C9000875C875C875C875C875C875C875C875CAC
:109CA000875C875C875C875C875C875C875C875C9C
:109CB000875C875C875C875C875C875C875C875C8C
:109CC000875C871B9F3C1A6A006200210000080025
:109CD0003165D6BAEF9DFFFFEF9EF7BE9CD3000023
:109CE00000000000004100E396BA8F5B875C7F5C58
:109CF0007F7C7F7C875C875C875C875C875C875C1C
:109D0000875C875C875C875C875C875C875C875C3B
:109D1000875C875C875C875C875C875C875C875C2B
:109D2000875C875C875C875C875C875C875C875C1B
:109D3000875C875C875C875C875C875C875C875C0B
:109D4000875C875C875C875C875C875C875C875CFB
:109D5000875C875C875C875C875C875C875C875CEB
:109D6000875C875C875C875C875C875C875C875CDB
:109D7000875C875C875C871B9F3C1A6A00620021B6
:109D8000000008003165D6BAEF9DFFFFEF9EF7BED9
:109D90009CD3000000000000004100E38EB98F5BFF
:109DA000875C7F5C7F7C7F7C875C875C875C875C73
:109DB000875C875C875C875C875C875C875C875C8B
:109DC000875C875C875C875C875C875C875C875C7B
:109DD000875C875C875C875C875C875C875C875C6B
:109DE000875C875C875C875C875C875C875C875C5B
:109DF000875C875C875C875C875C875C875C875C4B
:109E0000875C875C875C875C875C875C875C875C3A
:109E1000875C875C875C875C875C875C875C875C2A
:109E2000875C875C875C875C875C871B9F3C1A6AC2
:109E300000620021000008003165D6BAEF9DFFFFE7
:109E4000EF9EF7BE9CD3000000000000002100E35D
:109E50008E998F3B875C7F5C7F7C7F7C875C875C97
:109E6000875C875C875C875C875C875C875C875CDA
:109E7000875C875C875C875C875C875C875C875CCA
:109E8000875C875C875C875C875C875C875C875CBA
:109E9000875C875C875C875C875C875C875C875CAA
:109EA000875C875C875C875C875C875C875C875C9A
:109EB000875C875C875C875C875C875C875C875C8A
:109EC000875C875C875C875C875C875C875C875C7A
:109ED000875C875C875C875C875C875C875C871BAB
:109EE0009F3C1A6A00620021000008003165D6BA62
:109EF000EF9DFFFFEF9EF7BE9CD300000000000027
:109F0000002000C38E998F3B875C7F5C7F7C7F7CC9
:109F1000875C875C875C875C875C875C875C875C29
:109F2000875C875C875C875C875C875C875C875C19
:109F3000875C875C875C875C875C875C875C875C09
:109F4000875C875C875C875C875C875C875C875CF9
:109F5000875C875C875C875C875C875C875C875CE9
:109F6000875C875C875C875C875C875C875C875CD9
:109F7000875C875C875C875C875C875C875C875CC9
:109F8000875C875C875C875C875C875C875C875CB9
:109F9000875C871B9F3C1A6A006200210000080052
:109FA0003165D6BAEF9DFFFFEF9EF7BE9CD3000050
:109FB00000000000002000C28E998F3B7F5B7F5C19
:109FC0007F7C7F7C875C875C875C875C875C875C49
:109FD000875C875C875C875C875C875C875C875C69
:109FE000875C875C875C875C875C875C875C875C59
:109FF000875C875C875C875C875C875C875C875C49
:10A00000875C875C875C875C875C875C875C875C38
:10A01000875C875C875C875C875C875C875C875C28
:10A02000875C875C875C875C875C875C875C875C18
:10A03000875C875C875C875C875C875C875C875C08
:10A04000875C875C875C871B9F3C1A6A00620021E3
:10A05000000008003165D6BAEF9DFFFFEF9EF7BE06
:10A060009CD3000008000000002000C28E798F1BE6
:10A070007F5B7F5C7F7C7F7C875C875C875C875CA9
:10A08000875C875C875C875C875C875C875C875CB8
:10A09000875C875C875C875C875C875C875C875CA8
:10A0A000875C875C875C875C875C875C875C875C98
:10A0B000875C875C875C875C875C875C875C875C88
:10A0C000875C875C875C875C875C875C875C875C78
:10A0D000875C875C875C875C875C875C875C875C68
:10A0E000875C875C875C875C875C875C875C875C58
:10A0F000875C875C875C875C875C871B9F3C1A6AF0
:10A1000000620021000008003165D6BAEF9DFFFF14
:10A11000EF9EF7BE9CD3000008000000002000A2C4
:10A120008E79871B7F5B7F7C7F7C7F7C875C875CF5
:10A13000875C875C875C875C875C875C875C875C07
:10A14000875C875C875C875C875C875C875C875CF7
:10A15000875C875C875C875C875C875C875C875CE7
:10A16000875C875C875C875C875C875C875C875CD7
:10A17000875C875C875C875C875C875C875C875CC7
:10A18000875C875C875C875C875C875C875C875CB7
:10A19000875C875C875C875C875C875C875C875CA7
:10A1A000875C875C875C875C875C875C875C871BD8
:10A1B0009F3C1A6A00620021000008003165D6BA8F
:10A1C000EF9DFFFFEF9EF7BE9CD30000080000004C
:10A1D000002000A28E788F1B875B7F5C7F7C7F7C5A
:10A1E000875C875C875C875C875C875C875C875C57
:10A1F000875C875C875C875C875C875C875C875C47
:10A20000875C875C875C875C875C875C875C875C36
:10A21000875C875C875C875C875C875C875C875C26
:10A22000875C875C875C875C875C875C875C875C16
:10A23000875C875C875C875C875C875C875C875C06
:10A24000875C875C875C875C875C875C875C875CF6
:10A25000875C875C875C875C875C875C875C875CE6
:10A26000875C871B9F3C1A6A00620021000008007F
:10A270003165D6BAEF9DFFFFEF9EF7BE9CD300007D
:10A2800000000000006100A26D549F7C873B7F3B73
:10A29000875C875C875D875D875D875C875C875CA3
:10A2A000875C875C875C875C875C875C875C875C96
:10A2B000875C875C875C875C875C875C875C875C86
:10A2C000875C875C875C875C875C875C875C875C76
:10A2D000875C875C875C875C875C875C875C875C66
:10A2E000875C875C875C875C875C875C875C875C56
:10A2F000875C875C875C875C875C875C875C875C46
:10A30000875C875C875C875C875C875C875C875C35
:10A31000875C875C875C871B9F3C1A6A0062002110
:10A32000000008003165D6BAEF9DFFFFEF9EF7BE33
:10A330009CD3000000000000002000616513973BE3
:10A34000871B875C875C875C875D875D875D875D32
:10A350007F5C7F5C875C875C875C875C875C875CF5
:10A36000875C875C875C875C875C875C875C875CD5
:10A37000875C875C875C875C875C875C875C875CC5
:10A38000875C875C875C875C875C875C875C875CB5
:10A39000875C875C875C875C875C875C875C875CA5
:10A3A000875C875C875C875C875C875C875C875C95
:10A3B000875C875C875C875C875C875C875C875C85
:10A3C000875C875C875C875C875C871B9F3C1A6A1D
:10A3D00000620021000008003165D6BAEF9DFFFF42
:10A3E000EF9EF7BE9CD30000080000000020004054
:10A3F0005CB2971B871B875C875C875C875D875D8A
:10A40000875D875D7F5C7F5C875C875C875C875C42
:10A41000875C875C875C875C875C875C875C875C24
:10A42000875C875C875C875C875C875C875C875C14
:10A43000875C875C875C875C875C875C875C875C04
:10A44000875C875C875C875C875C875C875C875CF4
:10A45000875C875C875C875C875C875C875C875CE4
:10A46000875C875C875C875C875C875C875C875CD4
:10A47000875C875C875C875C875C875C875C871B05
:10A480009F3C1A6A00620021000008003165D6BABC
:10A49000EF9DFFFFEF9EF7BE9CD300000800000079
:10A4A000002000405CB2971B871B875C875C875C41
:10A4B000875D875D875D875D7F5C7F5C875C875C90
:10A4C000875C875C875C875C875C875C875C875C74
:10A4D000875C875C875C875C875C875C875C875C64
:10A4E000875C875C875C875C875C875C875C875C54
:10A4F000875C875C875C875C875C875C875C875C44
:10A50000875C875C875C875C875C875C875C875C33
:10A51000875C875C875C875C875C875C875C875C23
:10A52000875C875C875C875C875C875C875C875C13
:10A53000875C871B9F3C1A6A0062002100000800AC
:10A540003165D6BAEF9DFFFFEF9EF7BE9CD30000AA
:10A55000000000000020004064F2973B871B875CEE
:10A56000875C875C875D875D875D875D7F5C7F5CDF
:10A57000875C875C875C875C875C875C875C875CC3
:10A58000875C875C875C875C875C875C875C875CB3
:10A59000875C875C875C875C875C875C875C875CA3
:10A5A000875C875C875C875C875C875C875C875C93
:10A5B000875C875C875C875C875C875C875C875C83
:10A5C000875C875C875C875C875C875C875C875C73
:10A5D000875C875C875C875C875C875C875C875C63
:10A5E000875C875C875C871B9F3C1A6A006200213E
:10A5F000000008003165D6BAEF9DFFFFEF9EF7BE61
:10A600009CD30000000000000041008165339F5C86
:10A61000871B7F3C875C875C875D875D875D875D87
:10A620007F5C7F5C875C875C875C875C875C875C22
:10A63000875C875C875C875C875C875C875C875C02
:10A64000875C875C875C875C875C875C875C875CF2
:10A65000875C875C875C875C875C875C875C875CE2
:10A66000875C875C875C875C875C875C875C875CD2
:10A67000875C875C875C875C875C875C875C875CC2
:10A68000875C875C875C875C875C875C875C875CB2
:10A69000875C875C875C875C875C871B9F3C1A6A4A
:10A6A00000620021000008003165D6BAEF9DFFFF6F
:10A6B000EF9EF7BE9CD30000000000000041006147
:10A6C0006513975B871B875C875C875C875D875D0D
:10A6D000875D875D7F5C7F5C875C875C875C875C70
:10A6E000875C875C875C875C875C875C875C875C52
:10A6F000875C875C875C875C875C875C875C875C42
:10A70000875C875C875C875C875C875C875C875C31
:10A71000875C875C875C875C875C875C875C875C21
:10A72000875C875C875C875C875C875C875C875C11
:10A73000875C875C875C875C875C875C875C875C01
:10A74000875C875C875C875C875C875C875C871B32
:10A750009F3C1A6A00620021000008003165D6BAE9
:10A76000EF9DFFFFEF9EF7BE9CD3000000000000AE
:10A770000020004064F3973B871B875C875C875C05
:10A78000875D875D875D875D7F5C7F5C875C875CBD
:10A79000875C875C875C875C875C875C875C875CA1
:10A7A000875C875C875C875C875C875C875C875C91
:10A7B000875C875C875C875C875C875C875C875C81
:10A7C000875C875C875C875C875C875C875C875C71
:10A7D000875C875C875C875C875C875C875C875C61
:10A7E000875C875C875C875C875C875C875C875C51
:10A7F000875C875C875C875C875C875C875C875C41
:10A80000875C871B9F3C1A6A0062002100000800D9
:10A810003165D6BAEF9DFFFFEF9EF7BE9CD30000D7
:10A8200008000000004100407595971B8F5C875C15
:10A83000875C875C875D875D875D875D7F5C7F5C0C
:10A84000875C875C875C875C875C875C875C875CF0
:10A85000875C875C875C875C875C875C875C875CE0
:10A86000875C875C875C875C875C875C875C875CD0
:10A87000875C875C875C875C875C875C875C875CC0
:10A88000875C875C875C875C875C875C875C875CB0
:10A89000875C875C875C875C875C875C875C875CA0
:10A8A000875C875C875C875C875C875C875C875C90
:10A8B000875C875C875C871B9F3C1A6A006200216B
:10A8C000000008003165D6BAEF9DFFFFEF9EF7BE8E
:10A8D0009CD3000008000000004100407595971BC4
:10A8E0008F5C875C875C875C875D875D875D875D44
:10A8F0007F5C7F5C875C875C875C875C875C875C50
:10A90000875C875C875C875C875C875C875C875C2F
:10A91000875C875C875C875C875C875C875C875C1F
:10A92000875C875C875C875C875C875C875C875C0F
:10A93000875C875C875C875C875C875C875C875CFF
:10A94000875C875C875C875C875C875C875C875CEF
:10A95000875C875C875C875C875C875C875C875CDF
:10A96000875C875C875C875C875C871B9F3C1A6A77
:10A9700000620021000008003165D6BAEF9DFFFF9C
:10A98000EF9EF7BE9CD3000008000000004100408D
:10A990007595971B8F5C875C875C875C875D875D9F
:10A9A000875D875D7F5C7F5C875C875C875C875C9D
:10A9B000875C875C875C875C875C875C875C875C7F
:10A9C000875C875C875C875C875C875C875C875C6F
:10A9D000875C875C875C875C875C875C875C875C5F
:10A9E000875C875C875C875C875C875C875C875C4F
:10A9F000875C875C875C875C875C875C875C875C3F
:10AA0000875C875C875C875C875C875C875C875C2E
:10AA1000875C875C875C875C875C875C875C871B5F
:10AA20009F3C1A6A00620021000008003165D6BA16
:10AA3000EF9DFFFFEF9EF7BE9CD3000008000000D3
:10AA4000004100407595971B8F5C875C875C875C35
:10AA5000875D875D875D875D7F5C7F5C875C875CEA
:10AA6000875C875C875C875C875C875C875C875CCE
:10AA7000875C875C875C875C875C875C875C875CBE
:10AA8000875C875C875C875C875C875C875C875CAE
:10AA9000875C875C875C875C875C875C875C875C9E
:10AAA000875C875C875C875C875C875C875C875C8E
:10AAB000875C875C875C875C875C875C875C875C7E
:10AAC000875C875C875C875C875C875C875C875C6E
:10AAD000875C871B9F3C1A6A006200210000080007
:10AAE0003165D6BAEF9DFFFFEF9EF7BE9CD3000005
:10AAF00008000000004100407595971B8F5C875C43
:10AB0000875C875C875D875D875D875D7F5C7F5C39
:10AB1000875C875C875C875C875C875C875C875C1D
:10AB2000875C875C875C875C875C875C875C875C0D
:10AB3000875C875C875C875C875C875C875C875CFD
:10AB4000875C875C875C875C875C875C875C875CED
:10AB5000875C875C875C875C875C875C875C875CDD
:10AB6000875C875C875C875C875C875C875C875CCD
:10AB7000875C875C875C875C875C875C875C875CBD
:10AB8000875C875C875C871B9F3C1A6A0062002198
:10AB9000000008003165D6BAEF9DFFFFEF9EF7BEBB
:10ABA0009CD3000008000000004100407595971BF1
:10ABB0008F5C875C875C875C875D875D875D875D71
:10ABC0007F5C7F5C875C875C875C875C875C875C7D
:10ABD000875C875C875C875C875C875C875C875C5D
:10ABE000875C875C875C875C875C875C875C875C4D
:10ABF000875C875C875C875C875C875C875C875C3D
:10AC0000875C875C875C875C875C875C875C875C2C
:10AC1000875C875C875C875C875C875C875C875C1C
:10AC2000875C875C875C875C875C875C875C875C0C
:10AC3000875C875C875C875C875C871B9F3C1A6AA4
:10AC400000620021000008003165D6BAEF9DFFFFC9
:10AC5000EF9EF7BE9CD300000800000000410040BA
:10AC60007595971B8F5C875C875C875C875D875DCC
:10AC7000875D875D7F5C7F5C875C875C875C875CCA
:10AC8000875C875C875C875C875C875C875C875CAC
:10AC9000875C875C875C875C875C875C875C875C9C
:10ACA000875C875C875C875C875C875C875C875C8C
:10ACB000875C875C875C875C875C875C875C875C7C
:10ACC000875C875C875C875C875C875C875C875C6C
:10ACD000875C875C875C875C875C875C875C875C5C
:10ACE000875C875C875C875C875C875C875C871B8D
:10ACF0009F3C1A6A00620021000008003165D6BA44
:10AD0000EF9DFFFFEF9EF7BE9CD300000800000000
:10AD1000004100407595971B8F5C875C875C875C62
:10AD2000875D875D875D875D7F5C7F5C875C875C17
:10AD3000875C875C875C875C875C875C875C875CFB
:10AD4000875C875C875C875C875C875C875C875CEB
:10AD5000875C875C875C875C875C875C875C875CDB
:10AD6000875C875C875C875C875C875C875C875CCB
:10AD7000875C875C875C875C875C875C875C875CBB
:10AD8000875C875C875C875C875C875C875C875CAB
:10AD9000875C875C875C875C875C875C875C875C9B
:10ADA000875C871B9F3C1A6A006200210000080034
:10ADB0003165D6BAEF9DFFFFEF9EF7BE9CD3000032
:10ADC00008000000002000816D349F5C871B875CB9
:10ADD000875C875C875D875D875D875D7F5C7F5C67
:10ADE000875C875C875C875C875C875C875C875C4B
:10ADF000875C875C875C875C875C875C875C875C3B
:10AE0000875C875C875C875C875C875C875C875C2A
:10AE1000875C875C875C875C875C875C875C875C1A
:10AE2000875C875C875C875C875C875C875C875C0A
:10AE3000875C875C875C875C875C875C875C875CFA
:10AE4000875C875C875C875C875C875C875C875CEA
:10AE5000875C875C875C871B9F3C1A6A00620021C5
:10AE6000000008003165D6BAEF9DFFFFEF9EF7BEE8
:10AE70009CD3000008000000002000816D349F5C1E
:10AE8000871B875C875C875C875D875D875D875DE7
:10AE90007F5C7F5C875C875C875C875C875C875CAA
:10AEA000875C875C875C875C875C875C875C875C8A
:10AEB000875C875C875C875C875C875C875C875C7A
:10AEC000875C875C875C875C875C875C875C875C6A
:10AED000875C875C875C875C875C875C875C875C5A
:10AEE000875C875C875C875C875C875C875C875C4A
:10AEF000875C875C875C875C875C875C875C875C3A
:10AF0000875C875C875C875C875C871B9F3C1A6AD1
:10AF100000620021000008003165D6BAEF9DFFFFF6
:10AF2000EF9EF7BE9CD300000800000000200081C7
:10AF30006D349F5C871B875C875C875C875D875D62
:10AF4000875D875D7F5C7F5C875C875C875C875CF7
:10AF5000875C875C875C875C875C875C875C875CD9
:10AF6000875C875C875C875C875C875C875C875CC9
:10AF7000875C875C875C875C875C875C875C875CB9
:10AF8000875C875C875C875C875C875C875C875CA9
:10AF9000875C875C875C875C875C875C875C875C99
:10AFA000875C875C875C875C875C875C875C875C89
:10AFB000875C875C875C875C875C875C875C871BBA
:10AFC0009F3C1A6A00620021000008003165D6BA71
:10AFD000EF9DFFFFEF9EF7BE9CD30000080000002E
:10AFE000002000816D349F5C871B875C875C875CD9
:10AFF000875D875D875D875D7F5C7F5C875C875C45
:10B00000875C875C875C875C875C875C875C875C28
:10B01000875C875C875C875C875C875C875C875C18
:10B02000875C875C875C875C875C875C875C875C08
:10B03000875C875C875C875C875C875C875C875CF8
:10B04000875C875C875C875C875C875C875C875CE8
:10B05000875C875C875C875C875C875C875C875CD8
:10B06000875C875C875C875C875C875C875C875CC8
:10B07000875C871B9F3C1A6A006200210000080061
:10B080003165D6BAEF9DFFFFEF9EF7BE9CD300005F
:10B0900008000000002000816D349F5C871B875CE6
:10B0A000875C875C875D875D875D875D7F5C7F5C94
:10B0B000875C875C875C875C875C875C875C875C78
:10B0C000875C875C875C875C875C875C875C875C68
:10B0D000875C875C875C875C875C875C875C875C58
:10B0E000875C875C875C875C875C875C875C875C48
:10B0F000875C875C875C875C875C875C875C875C38
:10B10000875C875C875C875C875C875C875C875C27
:10B11000875C875C875C875C875C875C875C875C17
:10B12000875C875C875C871B9F3C1A6A00620021F2
:10B13000000008003165D6BAEF9DFFFFEF9EF7BE15
:10B140009CD3000008000000002000816D349F5C4B
:10B15000871B875C875C875C875D875D875D875D14
:10B160007F5C7F5C875C875C875C875C875C875CD7
:10B17000875C875C875C875C875C875C875C875CB7
:10B18000875C875C875C875C875C875C875C875CA7
:10B19000875C875C875C875C875C875C875C875C97
:10B1A000875C875C875C875C875C875C875C875C87
:10B1B000875C875C875C875C875C875C875C875C77
:10B1C000875C875C875C875C875C875C875C875C67
:10B1D000875C875C875C875C875C871B9F3C1A6AFF
:10B1E00000620021000008003165D6BAEF9DFFFF24
:10B1F000EF9EF7BE9CD300000800000000200081F5
:10B200006D349F5C871B875C875C875C875D875D8F
:10B21000875D875D7F5C7F5C875C875C875C875C24
:10B22000875C875C875C875C875C875C875C875C06
:10B23000875C875C875C875C875C875C875C875CF6
:10B24000875C875C875C875C875C875C875C875CE6
:10B25000875C875C875C875C875C875C875C875CD6
:10B26000875C875C875C875C875C875C875C875CC6
:10B27000875C875C875C875C875C875C875C875CB6
:10B28000875C875C875C875C875C875C875C871BE7
:10B290009F3C1A6A00620021000008003165D6BA9E
:10B2A000EF9DFFFFEF9EF7BE9CD30000080000005B
:10B2B000002000816D349F5C871B875C875C875C06
:10B2C000875D875D875D875D7F5C7F5C875C875C72
:10B2D000875C875C875C875C875C875C875C875C56
:10B2E000875C875C875C875C875C875C875C875C46
:10B2F000875C875C875C875C875C875C875C875C36
:10B30000875C875C875C875C875C875C875C875C25
:10B31000875C875C875C875C875C875C875C875C15
:10B32000875C875C875C875C875C875C875C875C05
:10B33000875C875C875C875C875C875C875C875CF5
:10B34000875C871B9F3C1A6A00620021000008008E
:10B350003165D6BAEF9DFFFFEF9EF7BE9CD300008C
:10B3600008000000002000816D349F5C871B875C13
:10B37000875C875C875D875D875D875D7F5C7F5CC1
:10B38000875C875C875C875C875C875C875C875CA5
:10B39000875C875C875C875C875C875C875C875C95
:10B3A000875C875C875C875C875C875C875C875C85
:10B3B000875C875C875C875C875C875C875C875C75
:10B3C000875C875C875C875C875C875C875C875C65
:10B3D000875C875C875C875C875C875C875C875C55
:10B3E000875C875C875C875C875C875C875C875C45
:10B3F000875C875C875C871B9F3C1A6A0062002120
:10B40000000008003165D6BAEF9DFFFFEF9EF7BE42
:10B410009CD3000008000000002000816D349F5C78
:10B42000871B875C875C875C875D875D875D875D41
:10B430007F5C7F5C875C875C875C875C875C875C04
:10B44000875C875C875C875C875C875C875C875CE4
:10B45000875C875C875C875C875C875C875C875CD4
:10B46000875C875C875C875C875C875C875C875CC4
:10B47000875C875C875C875C875C875C875C875CB4
:10B48000875C875C875C875C875C875C875C875CA4
:10B49000875C875C875C875C875C875C875C875C94
:10B4A000875C875C875C875C875C871B9F3C1A6A2C
:10B4B00000620021000008003165D6BAEF9DFFFF51
:10B4C000EF9EF7BE9CD30000080000000020008122
:10B4D0006D349F5C871B875C875C875C875D875DBD
:10B4E000875D875D7F5C7F5C875C875C875C875C52
:10B4F000875C875C875C875C875C875C875C875C34
:10B50000875C875C875C875C875C875C875C875C23
:10B51000875C875C875C875C875C875C875C875C13
:10B52000875C875C875C875C875C875C875C875C03
:10B53000875C875C875C875C875C875C875C875CF3
:10B54000875C875C875C875C875C875C875C875CE3
:10B55000875C875C875C875C875C875C875C871B14
:10B560009F3C1A6A00620021000008003165D6BACB
:10B57000EF9DFFFFEF9EF7BE9CD300000800000088
:10B58000002000816D349F5C871B875C875C875C33
:10B59000875D875D875D875D7F5C7F5C875C875C9F
:10B5A000875C875C875C875C875C875C875C875C83
:10B5B000875C875C875C875C875C875C875C875C73
:10B5C000875C875C875C875C875C875C875C875C63
:10B5D000875C875C875C875C875C875C875C875C53
:10B5E000875C875C875C875C875C875C875C875C43
:10B5F000875C875C875C875C875C875C875C875C33
:10B60000875C875C875C875C875C875C875C875C22
:10B61000875C871B9F3C1A6A0062002100000800BB
:10B620003165D6BAEF9DFFFFEF9EF7BE9CD30000B9
:10B6300008000000002000816D349F5C871B875C40
:10B64000875C875C875D875D875D875D7F5C7F5CEE
:10B65000875C875C875C875C875C875C875C875CD2
:10B66000875C875C875C875C875C875C875C875CC2
:10B67000875C875C875C875C875C875C875C875CB2
:10B68000875C875C875C875C875C875C875C875CA2
:10B69000875C875C875C875C875C875C875C875C92
:10B6A000875C875C875C875C875C875C875C875C82
:10B6B000875C875C875C875C875C875C875C875C72
:10B6C000875C875C875C871B9F3C1A6A006200214D
:10B6D000000008003165D6BAEF9DFFFFEF9EF7BE70
:10B6E0009CD3000008000000002000816D349F5CA6
:10B6F000871B875C875C875C875D875D875D875D6F
:10B700007F5C7F5C875C875C875C875C875C875C31
:10B71000875C875C875C875C875C875C875C875C11
:10B72000875C875C875C875C875C875C875C875C01
:10B73000875C875C875C875C875C875C875C875CF1
:10B74000875C875C875C875C875C875C875C875CE1
:10B75000875C875C875C875C875C875C875C875CD1
:10B76000875C875C875C875C875C875C875C875CC1
:10B77000875C875C875C875C875C871B9F3C1A6A59
:10B7800000620021000008003165D6BAEF9DFFFF7E
:10B79000EF9EF7BE9CD3000008000000002000814F
:10B7A0006D349F5C871B875C875C875C875D875DEA
:10B7B000875D875D7F5C7F5C875C875C875C875C7F
:10B7C000875C875C875C875C875C875C875C875C61
:10B7D000875C875C875C875C875C875C875C875C51
:10B7E000875C875C875C875C875C875C875C875C41
:10B7F000875C875C875C875C875C875C875C875C31
:10B80000875C875C875C875C875C875C875C875C20
:10B81000875C875C875C875C875C875C875C875C10
:10B82000875C875C875C875C875C875C875C871B41
:10B830009F3C1A6A00620021000008003165D6BAF8
:10B84000EF9DFFFFEF9EF7BE9CD3000008000000B5
:10B85000002000816D349F5C871B875C875C875C60
:10B86000875D875D875D875D7F5C7F5C875C875CCC
:10B87000875C875C875C875C875C875C875C875CB0
:10B88000875C875C875C875C875C875C875C875CA0
:10B89000875C875C875C875C875C875C875C875C90
:10B8A000875C875C875C875C875C875C875C875C80
:10B8B000875C875C875C875C875C875C875C875C70
:10B8C000875C875C875C875C875C875C875C875C60
:10B8D000875C875C875C875C875C875C875C875C50
:10B8E000875C871B9F3C1A6A0062002100000800E9
:10B8F0003165D6BAEF9DFFFFEF9EF7BE9CD30000E7
:10B9000008000000004100407595971B8F5C875C24
:10B91000875C875C875D875D875D875D7F5C7F5C1B
:10B92000875C875C875C875C875C875C875C875CFF
:10B93000875C875C875C875C875C875C875C875CEF
:10B94000875C875C875C875C875C875C875C875CDF
:10B95000875C875C875C875C875C875C875C875CCF
:10B96000875C875C875C875C875C875C875C875CBF
:10B97000875C875C875C875C875C875C875C875CAF
:10B98000875C875C875C875C875C875C875C875C9F
:10B99000875C875C875C871B9F3C1A6A006200217A
:10B9A000000008003165D6BAEF9DFFFFEF9EF7BE9D
:10B9B0009CD3000008000000004100407595971BD3
:10B9C0008F5C875C875C875C875D875D875D875D53
:10B9D0007F5C7F5C875C875C875C875C875C875C5F
:10B9E000875C875C875C875C875C875C875C875C3F
:10B9F000875C875C875C875C875C875C875C875C2F
:10BA0000875C875C875C875C875C875C875C875C1E
:10BA1000875C875C875C875C875C875C875C875C0E
:10BA2000875C875C875C875C875C875C875C875CFE
:10BA3000875C875C875C875C875C875C875C875CEE
:10BA4000875C875C875C875C875C871B9F3C1A6A86
:10BA500000620021000008003165D6BAEF9DFFFFAB
:10BA6000EF9EF7BE9CD3000008000000004100409C
:10BA70007595971B8F5C875C875C875C875D875DAE
:10BA8000875D875D7F5C7F5C875C875C875C875CAC
:10BA9000875C875C875C875C875C875C875C875C8E
:10BAA000875C875C875C875C875C875C875C875C7E
:10BAB000875C875C875C875C875C875C875C875C6E
:10BAC000875C875C875C875C875C875C875C875C5E
:10BAD000875C875C875C875C875C875C875C875C4E
:10BAE000875C875C875C875C875C875C875C875C3E
:10BAF000875C875C875C875C875C875C875C871B6F
:10BB00009F3C1A6A00620021000008003165D6BA25
:10BB1000EF9DFFFFEF9EF7BE9CD3000008000000E2
:10BB2000004100407595971B8F5C875C875C875C44
:10BB3000875D875D875D875D7F5C7F5C875C875CF9
:10BB4000875C875C875C875C875C875C875C875CDD
:10BB5000875C875C875C875C875C875C875C875CCD
:10BB6000875C875C875C875C875C875C875C875CBD
:10BB7000875C875C875C875C875C875C875C875CAD
:10BB8000875C875C875C875C875C875C875C875C9D
:10BB9000875C875C875C875C875C875C875C875C8D
:10BBA000875C875C875C875C875C875C875C875C7D
:10BBB000875C871B9F3C1A6A006200210000080016
:10BBC0003165D6BAEF9DFFFFEF9EF7BE9CD3000014
:10BBD00008000000004100407595971B8F5C875C52
:10BBE000875C875C875D875D875D875D7F5C7F5C49
:10BBF000875C875C875C875C875C875C875C875C2D
:10BC0000875C875C875C875C875C875C875C875C1C
:10BC1000875C875C875C875C875C875C875C875C0C
:10BC2000875C875C875C875C875C875C875C875CFC
:10BC3000875C875C875C875C875C875C875C875CEC
:10BC4000875C875C875C875C875C875C875C875CDC
:10BC5000875C875C875C875C875C875C875C875CCC
:10BC6000875C875C875C871B9F3C1A6A00620021A7
:10BC7000000008003165D6BAEF9DFFFFEF9EF7BECA
:10BC80009CD3000008000000004100407595971B00
:10BC90008F5C875C875C875C875D875D875D875D80
:10BCA0007F5C7F5C875C875C875C875C875C875C8C
:10BCB000875C875C875C875C875C875C875C875C6C
:10BCC000875C875C875C875C875C875C875C875C5C
:10BCD000875C875C875C875C875C875C875C875C4C
:10BCE000875C875C875C875C875C875C875C875C3C
:10BCF000875C875C875C875C875C875C875C875C2C
:10BD0000875C875C875C875C875C875C875C875C1B
:10BD1000875C875C875C875C875C871B9F3C1A6AB3
:10BD200000620021000008003165D6BAEF9DFFFFD8
:10BD3000EF9EF7BE9CD300000800000000410040C9
:10BD40007595971B8F5C875C875C875C875D875DDB
:10BD5000875D875D7F5C7F5C875C875C875C875CD9
:10BD6000875C875C875C875C875C875C875C875CBB
:10BD7000875C875C875C875C875C875C875C875CAB
:10BD8000875C875C875C875C875C875C875C875C9B
:10BD9000875C875C875C875C875C875C875C875C8B
:10BDA000875C875C875C875C875C875C875C875C7B
:10BDB000875C875C875C875C875C875C875C875C6B
:10BDC000875C875C875C875C875C875C875C871B9C
:10BDD0009F3C1A6A00620021000008003165D6BA53
:10BDE000EF9DFFFFEF9EF7BE9CD300000800000010
:10BDF000004100407595971B8F5C875C875C875C72
:10BE0000875D875D875D875D7F5C7F5C875C875C26
:10BE1000875C875C875C875C875C875C875C875C0A
:10BE2000875C875C875C875C875C875C875C875CFA
:10BE3000875C875C875C875C875C875C875C875CEA
:10BE4000875C875C875C875C875C875C875C875CDA
:10BE5000875C875C875C875C875C875C875C875CCA
:10BE6000875C875C875C875C875C875C875C875CBA
:10BE7000875C875C875C875C875C875C875C875CAA
:10BE8000875C871B9F3C1A6A006200210000080043
:10BE90003165D6BAEF9DFFFFEF9EF7BE9CD3000041
:10BEA00008000000002000816D349F5C871B875CC8
:10BEB000875C875C875D875D875D875D7F5C7F5C76
:10BEC000875C875C875C875C875C875C875C875C5A
:10BED000875C875C875C875C875C875C875C875C4A
:10BEE000875C875C875C875C875C875C875C875C3A
:10BEF000875C875C875C875C875C875C875C875C2A
:10BF0000875C875C875C875C875C875C875C875C19
:10BF1000875C875C875C875C875C875C875C875C09
:10BF2000875C875C875C875C875C875C875C875CF9
:10BF3000875C875C875C871B9F3C1A6A00620021D4
:10BF4000000008003165D6BAEF9DFFFFEF9EF7BEF7
:10BF50009CD3000008000000002000816D349F5C2D
:10BF6000871B875C875C875C875D875D875D875DF6
:10BF70007F5C7F5C875C875C875C875C875C875CB9
:10BF8000875C875C875C875C875C875C875C875C99
:10BF9000875C875C875C875C875C875C875C875C89
:10BFA000875C875C875C875C875C875C875C875C79
:10BFB000875C875C875C875C875C875C875C875C69
:10BFC000875C875C875C875C875C875C875C875C59
:10BFD000875C875C875C875C875C875C875C875C49
:10BFE000875C875C875C875C875C871B9F3C1A6AE1
:10BFF00000620021000008003165D6BAEF9DFFFF06
:10C00000EF9EF7BE9CD300000800000000200081D6
:10C010006D349F5C871B875C875C875C875D875D71
:10C02000875D875D7F5C7F5C875C875C875C875C06
:10C03000875C875C875C875C875C875C875C875CE8
:10C04000875C875C875C875C875C875C875C875CD8
:10C05000875C875C875C875C875C875C875C875CC8
:10C06000875C875C875C875C875C875C875C875CB8
:10C07000875C875C875C875C875C875C875C875CA8
:10C08000875C875C875C875C875C875C875C875C98
:10C09000875C875C875C875C875C875C875C871BC9
:10C0A0009F3C1A6A00620021000008003165D6BA80
:10C0B000EF9DFFFFEF9EF7BE9CD30000080000003D
:10C0C000002000816D349F5C871B875C875C875CE8
:10C0D000875D875D875D875D7F5C7F5C875C875C54
:10C0E000875C875C875C875C875C875C875C875C38
:10C0F000875C875C875C875C875C875C875C875C28
:10C10000875C875C875C875C875C875C875C875C17
:10C11000875C875C875C875C875C875C875C875C07
:10C12000875C875C875C875C875C875C875C875CF7
:10C13000875C875C875C875C875C875C875C875CE7
:10C14000875C875C875C875C875C875C875C875CD7
:10C15000875C871B9F3C1A6A006200210000080070
:10C160003165D6BAEF9DFFFFEF9EF7BE9CD300006E
:10C1700008000000002000816D349F5C871B875CF5
:10C18000875C875C875D875D875D875D7F5C7F5CA3
:10C19000875C875C875C875C875C875C875C875C87
:10C1A000875C875C875C875C875C875C875C875C77
:10C1B000875C875C875C875C875C875C875C875C67
:10C1C000875C875C875C875C875C875C875C875C57
:10C1D000875C875C875C875C875C875C875C875C47
:10C1E000875C875C875C875C875C875C875C875C37
:10C1F000875C875C875C875C875C875C875C875C27
:10C20000875C875C875C871B9F3C1A6A0062002101
:10C21000000008003165D6BAEF9DFFFFEF9EF7BE24
:10C220009CD3000008000000002000816D349F5C5A
:10C23000871B875C875C875C875D875D875D875D23
:10C240007F5C7F5C875C875C875C875C875C875CE6
:10C25000875C875C875C875C875C875C875C875CC6
:10C26000875C875C875C875C875C875C875C875CB6
:10C27000875C875C875C875C875C875C875C875CA6
:10C28000875C875C875C875C875C875C875C875C96
:10C29000875C875C875C875C875C875C875C875C86
:10C2A000875C875C875C875C875C875C875C875C76
:10C2B000875C875C875C875C875C871B9F3C1A6A0E
:10C2C00000620021000008003165D6BAEF9DFFFF33
:10C2D000EF9EF7BE9CD30000080000000020008104
:10C2E0006D349F5C871B875C875C875C875D875D9F
:10C2F000875D875D7F5C7F5C875C875C875C875C34
:10C30000875C875C875C875C875C875C875C875C15
:10C31000875C875C875C875C875C875C875C875C05
:10C32000875C875C875C875C875C875C875C875CF5
:10C33000875C875C875C875C875C875C875C875CE5
:10C34000875C875C875C875C875C875C875C875CD5
:10C35000875C875C875C875C875C875C875C875CC5
:10C36000875C875C875C875C875C875C875C871BF6
:10C370009F3C1A6A00620021000008003165D6BAAD
:10C38000EF9DFFFFEF9EF7BE9CD30000080000006A
:10C39000002000816D349F5C871B875C875C875C15
:10C3A000875D875D875D875D7F5C7F5C875C875C81
:10C3B000875C875C875C875C875C875C875C875C65
:10C3C000875C875C875C875C875C875C875C875C55
:10C3D000875C875C875C875C875C875C875C875C45
:10C3E000875C875C875C875C875C875C875C875C35
:10C3F000875C875C875C875C875C875C875C875C25
:10C40000875C875C875C875C875C875C875C875C14
:10C41000875C875C875C875C875C875C875C875C04
:10C42000875C871B9F3C1A6A00620021000008009D
:10C430003165D6BAEF9DFFFFEF9EF7BE9CD300009B
:10C4400008000000004100407595971B8F5C875CD9
:10C45000875C875C875D875D875D875D7F5C7F5CD0
:10C46000875C875C875C875C875C875C875C875CB4
:10C47000875C875C875C875C875C875C875C875CA4
:10C48000875C875C875C875C875C875C875C875C94
:10C49000875C875C875C875C875C875C875C875C84
:10C4A000875C875C875C875C875C875C875C875C74
:10C4B000875C875C875C875C875C875C875C875C64
:10C4C000875C875C875C875C875C875C875C875C54
:10C4D000875C875C875C871B9F3C1A6A006200212F
:10C4E000000008003165D6BAEF9DFFFFEF9EF7BE52
:10C4F0009CD3000008000000004100407595971B88
:10C500008F5C875C875C875C875D875D875D875D07
:10C510007F5C7F5C875C875C875C875C875C875C13
:10C52000875C875C875C875C875C875C875C875CF3
:10C53000875C875C875C875C875C875C875C875CE3
:10C54000875C875C875C875C875C875C875C875CD3
:10C55000875C875C875C875C875C875C875C875CC3
:10C56000875C875C875C875C875C875C875C875CB3
:10C57000875C875C875C875C875C875C875C875CA3
:10C58000875C875C875C875C875C871B9F3C1A6A3B
:10C5900000620021000008003165D6BAEF9DFFFF60
:10C5A000EF9EF7BE9CD30000080000000041004051
:10C5B0007595971B8F5C875C875C875C875D875D63
:10C5C000875D875D7F5C7F5C875C875C875C875C61
:10C5D000875C875C875C875C875C875C875C875C43
:10C5E000875C875C875C875C875C875C875C875C33
:10C5F000875C875C875C875C875C875C875C875C23
:10C60000875C875C875C875C875C875C875C875C12
:10C61000875C875C875C875C875C875C875C875C02
:10C62000875C875C875C875C875C875C875C875CF2
:10C63000875C875C875C875C875C875C875C871B23
:10C640009F3C1A6A00620021000008003165D6BADA
:10C65000EF9DFFFFEF9EF7BE9CD300000800000097
:10C66000004100407595971B8F5C875C875C875CF9
:10C67000875D875D875D875D7F5C7F5C875C875CAE
:10C68000875C875C875C875C875C875C875C875C92
:10C69000875C875C875C875C875C875C875C875C82
:10C6A000875C875C875C875C875C875C875C875C72
:10C6B000875C875C875C875C875C875C875C875C62
:10C6C000875C875C875C875C875C875C875C875C52
:10C6D000875C875C875C875C875C875C875C875C42
:10C6E000875C875C875C875C875C875C875C875C32
:10C6F000875C871B9F3C1A6A0062002100000800CB
:10C700003165D6BAEF9DFFFFEF9EF7BE9CD30000C8
:10C7100008000000004100407595971B8F5C875C06
:10C72000875C875C875D875D875D875D7F5C7F5CFD
:10C73000875C875C875C875C875C875C875C875CE1
:10C74000875C875C875C875C875C875C875C875CD1
:10C75000875C875C875C875C875C875C875C875CC1
:10C76000875C875C875C875C875C875C875C875CB1
:10C77000875C875C875C875C875C875C875C875CA1
:10C78000875C875C875C875C875C875C875C875C91
:10C79000875C875C875C875C875C875C875C875C81
:10C7A000875C875C875C871B9F3C1A6A006200215C
:10C7B000000008003165D6BAEF9DFFFFEF9EF7BE7F
:10C7C0009CD3000008000000004100407595971BB5
:10C7D0008F5C875C875C875C875D875D875D875D35
:10C7E0007F5C7F5C875C875C875C875C875C875C41
:10C7F000875C875C875C875C875C875C875C875C21
:10C80000875C875C875C875C875C875C875C875C10
:10C81000875C875C875C875C875C875C875C875C00
:10C82000875C875C875C875C875C875C875C875CF0
:10C83000875C875C875C875C875C875C875C875CE0
:10C84000875C875C875C875C875C875C875C875CD0
:10C85000875C875C875C875C875C871B9F3C1A6A68
:10C8600000620021000008003165D6BAEF9DFFFF8D
:10C87000EF9EF7BE9CD3000008000000004100407E
:10C880007595971B8F5C875C875C875C875D875D90
:10C89000875D875D7F5C7F5C875C875C875C875C8E
:10C8A000875C875C875C875C875C875C875C875C70
:10C8B000875C875C875C875C875C875C875C875C60
:10C8C000875C875C875C875C875C875C875C875C50
:10C8D000875C875C875C875C875C875C875C875C40
:10C8E000875C875C875C875C875C875C875C875C30
:10C8F000875C875C875C875C875C875C875C875C20
:10C90000875C875C875C875C875C875C875C871B50
:10C910009F3C1A6A00620021000008003165D6BA07
:10C92000EF9DFFFFEF9EF7BE9CD3000008000000C4
:10C93000004100407595971B8F5C875C875C875C26
:10C94000875D875D875D875D7F5C7F5C875C875CDB
:10C95000875C875C875C875C875C875C875C875CBF
:10C96000875C875C875C875C875C875C875C875CAF
:10C97000875C875C875C875C875C875C875C875C9F
:10C98000875C875C875C875C875C875C875C875C8F
:10C99000875C875C875C875C875C875C875C875C7F
:10C9A000875C875C875C875C875C875C875C875C6F
:10C9B000875C875C875C875C875C875C875C875C5F
:10C9C000875C871B9F3C1A6A0062002100000800F8
:10C9D0003165D6BAEF9DFFFFEF9EF7BE9CD30000F6
:10C9E00008000000002000816D349F5C871B875C7D
:10C9F000875C875C875D875D875D875D7F5C7F5C2B
:10CA0000875C875C875C875C875C875C875C875C0E
:10CA1000875C875C875C875C875C875C875C875CFE
:10CA2000875C875C875C875C875C875C875C875CEE
:10CA3000875C875C875C875C875C875C875C875CDE
:10CA4000875C875C875C875C875C875C875C875CCE
:10CA5000875C875C875C875C875C875C875C875CBE
:10CA6000875C875C875C875C875C875C875C875CAE
:10CA7000875C875C875C871B9F3C1A6A0062002189
:10CA8000000008003165D6BAEF9DFFFFEF9EF7BEAC
:10CA90009CD3000008000000002000816D349F5CE2
:10CAA000871B875C875C875C875D875D875D875DAB
:10CAB0007F5C7F5C875C875C875C875C875C875C6E
:10CAC000875C875C875C875C875C875C875C875C4E
:10CAD000875C875C875C875C875C875C875C875C3E
:10CAE000875C875C875C875C875C875C875C875C2E
:10CAF000875C875C875C875C875C875C875C875C1E
:10CB0000875C875C875C875C875C875C875C875C0D
:10CB1000875C875C875C875C875C875C875C875CFD
:10CB2000875C875C875C875C875C871B9F3C1A6A95
:10CB300000620021000008003165D6BAEF9DFFFFBA
:10CB4000EF9EF7BE9CD3000008000000002000818B
:10CB50006D349F5C871B875C875C875C875D875D26
:10CB6000875D875D7F5C7F5C875C875C875C875CBB
:10CB7000875C875C875C875C875C875C875C875C9D
:10CB8000875C875C875C875C875C875C875C875C8D
:10CB9000875C875C875C875C875C875C875C875C7D
:10CBA000875C875C875C875C875C875C875C875C6D
:10CBB000875C875C875C875C875C875C875C875C5D
:10CBC000875C875C875C875C875C875C875C875C4D
:10CBD000875C875C875C875C875C875C875C871B7E
:10CBE0009F3C1A6A00620021000008003165D6BA35
:10CBF000EF9DFFFFEF9EF7BE9CD3000008000000F2
:10CC0000002000816D349F5C871B875C875C875C9C
:10CC1000875D875D875D875D7F5C7F5C875C875C08
:10CC2000875C875C875C875C875C875C875C875CEC
:10CC3000875C875C875C875C875C875C875C875CDC
:10CC4000875C875C875C875C875C875C875C875CCC
:10CC5000875C875C875C875C875C875C875C875CBC
:10CC6000875C875C875C875C875C875C875C875CAC
:10CC7000875C875C875C875C875C875C875C875C9C
:10CC8000875C875C875C875C875C875C875C875C8C
:10CC9000875C871B9F3C1A6A006200210000080025
:10CCA0003165D6BAEF9DFFFFEF9EF7BE9CD3000023
:10CCB00008000000002000816D349F5C871B875CAA
:10CCC000875C875C875D875D875D875D7F5C7F5C58
:10CCD000875C875C875C875C875C875C875C875C3C
:10CCE000875C875C875C875C875C875C875C875C2C
:10CCF000875C875C875C875C875C875C875C875C1C
:10CD0000875C875C875C875C875C875C875C875C0B
:10CD1000875C875C875C875C875C875C875C875CFB
:10CD2000875C875C875C875C875C875C875C875CEB
:10CD3000875C875C875C875C875C875C875C875CDB
:10CD4000875C875C875C871B9F3C1A6A00620021B6
:10CD5000000008003165D6BAEF9DFFFFEF9EF7BED9
:10CD60009CD3000008000000002000816D349F5C0F
:10CD7000871B875C875C875C875D875D875D875DD8
:10CD80007F5C7F5C875C875C875C875C875C875C9B
:10CD9000875C875C875C875C875C875C875C875C7B
:10CDA000875C875C875C875C875C875C875C875C6B
:10CDB000875C875C875C875C875C875C875C875C5B
:10CDC000875C875C875C875C875C875C875C875C4B
:10CDD000875C875C875C875C875C875C875C875C3B
:10CDE000875C875C875C875C875C875C875C875C2B
:10CDF000875C875C875C875C875C871B9F3C1A6AC3
:10CE000000620021000008003165D6BAEF9DFFFFE7
:10CE1000EF9EF7BE9CD300000800000000200081B8
:10CE20006D349F5C871B875C875C875C875D875D53
:10CE3000875D875D7F5C7F5C875C875C875C875CE8
:10CE4000875C875C875C875C875C875C875C875CCA
:10CE5000875C875C875C875C875C875C875C875CBA
:10CE6000875C875C875C875C875C875C875C875CAA
:10CE7000875C875C875C875C875C875C875C875C9A
:10CE8000875C875C875C875C875C875C875C875C8A
:10CE9000875C875C875C875C875C875C875C875C7A
:10CEA000875C875C875C875C875C875C875C871BAB
:10CEB0009F3C1A6A00620021000008003165D6BA62
:10CEC000EF9DFFFFEF9EF7BE9CD30000080000001F
:10CED000002000816D349F5C871B875C875C875CCA
:10CEE000875D875D875D875D7F5C7F5C875C875C36
:10CEF000875C875C875C875C875C875C875C875C1A
:10CF0000875C875C875C875C875C875C875C875C09
:10CF1000875C875C875C875C875C875C875C875CF9
:10CF2000875C875C875C875C875C875C875C875CE9
:10CF3000875C875C875C875C875C875C875C875CD9
:10CF4000875C875C875C875C875C875C875C875CC9
:10CF5000875C875C875C875C875C875C875C875CB9
:10CF6000875C871B96FB12490061002100000000CE
:10CF70003165D6BAEF9DFFFFEF9EF7BE9CD3000050
:10CF800008000000002000816D349F5C871B875CD7
:10CF9000875C875C875D875D875D875D7F5C7F5C85
:10CFA000875C875C875C875C875C875C875C875C69
:10CFB000875C875C875C875C875C875C875C875C59
:10CFC000875C875C875C875C875C875C875C875C49
:10CFD000875C875C875C875C875C875C875C875C39
:10CFE000875C875C875C875C875C875C875C875C29
:10CFF000875C875C875C875C875C875C875C875C19
:10D00000875C875C875C875C875C875C875C875C08
:10D01000875C875C875C871B96FB12490061002157
:10D02000000000003165D6BAEF9DFFFFEF9EF7BE0E
:10D030009CD3000008000000002000816D349F5C3C
:10D04000871B875C875C875C875D875D875D875D05
:10D050007F5C7F5C875C875C875C875C875C875CC8
:10D06000875C875C875C875C875C875C875C875CA8
:10D07000875C875C875C875C875C875C875C875C98
:10D08000875C875C875C875C875C875C875C875C88
:10D09000875C875C875C875C875C875C875C875C78
:10D0A000875C875C875C875C875C875C875C875C68
:10D0B000875C875C875C875C875C875C875C875C58
:10D0C000875C875C875C875C875C871B96FB124963
:10D0D00000610021000000003165D6BAEF9DFFFF1E
:10D0E000EF9EF7BE9CD300000800000000200081E6
:10D0F0006D349F5C871B875C875C875C875D875D81
:10D10000875D875D7F5C7F5C875C875C875C875C15
:10D11000875C875C875C875C875C875C875C875CF7
:10D12000875C875C875C875C875C875C875C875CE7
:10D13000875C875C875C875C875C875C875C875CD7
:10D14000875C875C875C875C875C875C875C875CC7
:10D15000875C875C875C875C875C875C875C875CB7
:10D16000875C875C875C875C875C875C875C875CA7
:10D17000875C875C875C875C875C875C875C871BD8
:10D1800096FB124900610021000000003165D6BA0B
:10D19000EF9DFFFFEF9EF7BE9CD30000080000004C
:10D1A000002000816D349F5C871B875C875C875CF7
:10D1B000875D875D875D875D7F5C7F5C875C875C63
:10D1C000875C875C875C875C875C875C875C875C47
:10D1D000875C875C875C875C875C875C875C875C37
:10D1E000875C875C875C875C875C875C875C875C27
:10D1F000875C875C875C875C875C875C875C875C17
:10D20000875C875C875C875C875C875C875C875C06
:10D21000875C875C875C875C875C875C875C875CF6
:10D22000875C875C875C875C875C875C875C875CE6
:10D23000875C871B96FB12490061002100000000FB
:10D240003165D6BAEF9DFFFFEF9EF7BE9CD300007D
:10D2500008000000002000816D349F5C871B875C04
:10D26000875C875C875D875D875D875D7F5C7F5CB2
:10D27000875C875C875C875C875C875C875C875C96
:10D28000875C875C875C875C875C875C875C875C86
:10D29000875C875C875C875C875C875C875C875C76
:10D2A000875C875C875C875C875C875C875C875C66
:10D2B000875C875C875C875C875C875C875C875C56
:10D2C000875C875C875C875C875C875C875C875C46
:10D2D000875C875C875C875C875C875C875C875C36
:10D2E000875C875C875C871B96FB12490061002185
:10D2F000000000003165D6BAEF9DFFFFEF9EF7BE3C
:10D300009CD3000008000000002000816D349F5C69
:10D31000871B875C875C875C875D875D875D875D32
:10D320007F5C7F5C875C875C875C875C875C875CF5
:10D33000875C875C875C875C875C875C875C875CD5
:10D34000875C875C875C875C875C875C875C875CC5
:10D35000875C875C875C875C875C875C875C875CB5
:10D36000875C875C875C875C875C875C875C875CA5
:10D37000875C875C875C875C875C875C875C875C95
:10D38000875C875C875C875C875C875C875C875C85
:10D39000875C875C875C875C875C871B96FB124990
:10D3A00000610021000000003165D6BAEF9DFFFF4B
:10D3B000EF9EF7BE9CD30000080000000020008113
:10D3C0006D349F5C871B875C875C875C875D875DAE
:10D3D000875D875D7F5C7F5C875C875C875C875C43
:10D3E000875C875C875C875C875C875C875C875C25
:10D3F000875C875C875C875C875C875C875C875C15
:10D40000875C875C875C875C875C875C875C875C04
:10D41000875C875C875C875C875C875C875C875CF4
:10D42000875C875C875C875C875C875C875C875CE4
:10D43000875C875C875C875C875C875C875C875CD4
:10D44000875C875C875C875C875C875C875C871B05
:10D4500096FB124900610021000000003165D6BA38
:10D46000EF9DFFFFEF9EF7BE9CD300000800000079
:10D47000002000816D349F5C871B875C875C875C24
:10D48000875D875D875D875D7F5C7F5C875C875C90
:10D49000875C875C875C875C875C875C875C875C74
:10D4A000875C875C875C875C875C875C875C875C64
:10D4B000875C875C875C875C875C875C875C875C54
:10D4C000875C875C875C875C875C875C875C875C44
:10D4D000875C875C875C875C875C875C875C875C34
:10D4E000875C875C875C875C875C875C875C875C24
:10D4F000875C875C875C875C875C875C875C875C14
:10D50000875C871B9F3C1A6A0062002100000800AC
:10D510003186DEDAF79DFFFFEF9EF7BE94B3000081
:10D5200008000000002000816D33973B871B877C3B
:10D53000875C875C875D875D875D875D7F5C7F5CDF
:10D54000875C875C875C875C875C875C875C875CC3
:10D55000875C875C875C875C875C875C875C875CB3
:10D56000875C875C875C875C875C875C875C875CA3
:10D57000875C875C875C875C875C875C875C875C93
:10D58000875C875C875C875C875C875C875C875C83
:10D59000875C875C875C875C875C875C875C875C73
:10D5A000875C875C875C875C875C875C875C875C63
:10D5B000875C875C875C871B9F3C1A6A006200213E
:10D5C000000008003186DEDAF79DFFFFEF9EF7BE10
:10D5D00094B3000008000000002000816D33973BE9
:10D5E000871B877C875C875C875D875D875D875D40
:10D5F0007F5C7F5C875C875C875C875C875C875C23
:10D60000875C875C875C875C875C875C875C875C02
:10D61000875C875C875C875C875C875C875C875CF2
:10D62000875C875C875C875C875C875C875C875CE2
:10D63000875C875C875C875C875C875C875C875CD2
:10D64000875C875C875C875C875C875C875C875CC2
:10D65000875C875C875C875C875C875C875C875CB2
:10D66000875C875C875C875C875C871B9F3C1A6A4A
:10D6700000620021000008003186DEDAEF9DFFFF26
:10D68000EF9EF7BE9CB30000080000000020008160
:10D690006D33973B871B877C875C875C875D875DE5
:10D6A000875D875D7F5C7F5C875C875C875C875C70
:10D6B000875C875C875C875C875C875C875C875C52
:10D6C000875C875C875C875C875C875C875C875C42
:10D6D000875C875C875C875C875C875C875C875C32
:10D6E000875C875C875C875C875C875C875C875C22
:10D6F000875C875C875C875C875C875C875C875C12
:10D70000875C875C875C875C875C875C875C875C01
:10D71000875C875C875C875C875C875C875C871B32
:10D720009F3C1A6A00620021000008003166DEBAE0
:10D73000EF9DFFFFEF9EF7BE9CD3000008000000A6
:10D74000002000816D33973B871B877C875C875C5B
:10D75000875D875D875D875D7F5C7F5C875C875CBD
:10D76000875C875C875C875C875C875C875C875CA1
:10D77000875C875C875C875C875C875C875C875C91
:10D78000875C875C875C875C875C875C875C875C81
:10D79000875C875C875C875C875C875C875C875C71
:10D7A000875C875C875C875C875C875C875C875C61
:10D7B000875C875C875C875C875C875C875C875C51
:10D7C000875C875C875C875C875C875C875C875C41
:10D7D000875C871B9F3C1A6A0062002100000800DA
:10D7E0003165D6BAEF9DFFFFEF9EF7BE9CD30000D8
:10D7F00008000000002000816D33973B871B877C69
:10D80000875C875C875D875D875D875D7F5C7F5C0C
:10D81000875C875C875C875C875C875C875C875CF0
:10D82000875C875C875C875C875C875C875C875CE0
:10D83000875C875C875C875C875C875C875C875CD0
:10D84000875C875C875C875C875C875C875C875CC0
:10D85000875C875C875C875C875C875C875C875CB0
:10D86000875C875C875C875C875C875C875C875CA0
:10D87000875C875C875C875C875C875C875C875C90
:10D88000875C875C875C871B9F3C1A6A006200216B
:10D89000000008003165D6BAEF7DFFFFEF9EF7BEAE
:10D8A0009CD3000008000000002000816D33973BEE
:10D8B000871B877C875C875C875D875D875D875D6D
:10D8C0007F5C7F5C875C875C875C875C875C875C50
:10D8D000875C875C875C875C875C875C875C875C30
:10D8E000875C875C875C875C875C875C875C875C20
:10D8F000875C875C875C875C875C875C875C875C10
:10D90000875C875C875C875C875C875C875C875CFF
:10D91000875C875C875C875C875C875C875C875CEF
:10D92000875C875C875C875C875C875C875C875CDF
:10D93000875C875C875C875C875C871B9F3C1A6A77
:10D9400000620021000008003165D6BAEF7DFFFFBC
:10D95000EF9EF7BE9CD3000008000000002000816D
:10D960006D33973B871B877C875C875C875D875D12
:10D97000875D875D7F5C7F5C875C875C875C875C9D
:10D98000875C875C875C875C875C875C875C875C7F
:10D99000875C875C875C875C875C875C875C875C6F
:10D9A000875C875C875C875C875C875C875C875C5F
:10D9B000875C875C875C875C875C875C875C875C4F
:10D9C000875C875C875C875C875C875C875C875C3F
:10D9D000875C875C875C875C875C875C875C875C2F
:10D9E000875C875C875C875C875C875C875C871B60
:10D9F0009F3C1A6A00620021000008003165D6BA17
:10DA0000EF7DF7FFEF9EF7BE9CD3000008000000FB
:10DA1000002000816D339F3B871B875C875C875CA0
:10DA2000875D875D875D875D875C875C875C875CDA
:10DA3000875C875C875C875C875C875C875C875CCE
:10DA4000875C875C875C875C875C875C875C875CBE
:10DA5000875C875C875C875C875C875C875C875CAE
:10DA6000875C875C875C875C875C875C875C875C9E
:10DA7000875C875C875C875C875C875C875C875C8E
:10DA8000875C875C875C875C875C875C875C875C7E
:10DA9000875C875C875C875C875C875C875C875C6E
:10DAA000873B8F7C96FB332D004100000000000077
:10DAB0002945CE79F7DEEFBEF7DFEF7DA514000034
:10DAC00000000000002000616CF39F1B86FA875C59
:10DAD000875C7F7C7F5D7F5D875D875D875C875C22
:10DAE000875C875C875C875C875C875C875C875C1E
:10DAF000875C875C875C875C875C875C875C875C0E
:10DB0000875C875C875C875C875C875C875C875CFD
:10DB1000875C875C875C875C875C875C875C875CED
:10DB2000875C875C875C875C875C875C875C875CDD
:10DB3000875C875C875C875C875C875C875C875CCD
:10DB4000875C875C875C875C875C875C875C875CBD
:10DB5000875C875C873B8F7C96FB332D0041000000
:10DB6000000000002945CE79F7DEEFBEF7DFEF7D3C
:10DB7000A514000000000000002000616CF39EFB73
:10DB800086FA875C875C7F7C7F7D7F7D7F5D875D9C
:10DB9000875C875C875C875C875C875C875C875C6D
:10DBA000875C875C875C875C875C875C875C875C5D
:10DBB000875C875C875C875C875C875C875C875C4D
:10DBC000875C875C875C875C875C875C875C875C3D
:10DBD000875C875C875C875C875C875C875C875C2D
:10DBE000875C875C875C875C875C875C875C875C1D
:10DBF000875C875C875C875C875C875C875C875C0D
:10DC0000875C875C875C875C873B8F7C96FB332DCA
:10DC100000410000000000002945CE79F7DEEFBE8C
:10DC2000F7DFEF7DA5140000000000000020006178
:10DC30006CF39EFB86FA875C875C7F7C7F7D7F7DB3
:10DC40007F5D875D875C875C875C875C875C875CC2
:10DC5000875C875C875C875C875C875C875C875CAC
:10DC6000875C875C875C875C875C875C875C875C9C
:10DC7000875C875C875C875C875C875C875C875C8C
:10DC8000875C875C875C875C875C875C875C875C7C
:10DC9000875C875C875C875C875C875C875C875C6C
:10DCA000875C875C875C875C875C875C875C875C5C
:10DCB000875C875C875C875C875C875C873B8F7C45
:10DCC00096FB332D00410000000000002945CE796D
:10DCD000F7BEEFBEF7DFEF7DA514002000000000C7
:10DCE000002000616CF39EFB86FA875C875C7F7C7A
:10DCF0007F7D7F7D7F5D875D875C875C875C875CE0
:10DD0000875C875C875C875C875C875C875C875CFB
:10DD1000875C875C875C875C875C875C875C875CEB
:10DD2000875C875C875C875C875C875C875C875CDB
:10DD3000875C875C875C875C875C875C875C875CCB
:10DD4000875C875C875C875C875C875C875C875CBB
:10DD5000875C875C875C875C875C875C875C875CAB
:10DD6000875C875C875C875C875C875C875C875C9B
:10DD7000873B8F7C96FB332D0041000000000000A4
:10DD80002925CE59F7BEEF9DFFFFEF9DA515002079
:10DD900000000000002000616CF39EFB86FA875CA7
:10DDA000875C7F7C7F7D7F7D7F5D875D875C875C17
:10DDB000875C875C875C875C875C875C875C875C4B
:10DDC000875C875C875C875C875C875C875C875C3B
:10DDD000875C875C875C875C875C875C875C875C2B
:10DDE000875C875C875C875C875C875C875C875C1B
:10DDF000875C875C875C875C875C875C875C875C0B
:10DE0000875C875C875C875C875C875C875C875CFA
:10DE1000875C875C875C875C875C875C875C875CEA
:10DE2000875C875C873B8F7C96FB332D004100002D
:10DE3000000000002924CE59F7BEEF9DFFFFEF9DA3
:10DE4000A535002100000000002000616CF39EFB5E
:10DE500086FA875C875C7F7C7F7D7F7D7F5D875DC9
:10DE6000875C875C875C875C875C875C875C875C9A
:10DE7000875C875C875C875C875C875C875C875C8A
:10DE8000875C875C875C875C875C875C875C875C7A
:10DE9000875C875C875C875C875C875C875C875C6A
:10DEA000875C875C875C875C875C875C875C875C5A
:10DEB000875C875C875C875C875C875C875C875C4A
:10DEC000875C875C875C875C875C875C875C875C3A
:10DED000875C875C875C875C873B8F7C96FB332DF8
:10DEE00000410000000000002924CE59F7BEEF9D3C
:10DEF000FFFFEF9EA535002100000000002000611B
:10DF00006CF39EFB86FA875C875C7F7C7F7D7F7DE0
:10DF10007F5D875D875C875C875C875C875C875CEF
:10DF2000875C875C875C875C875C875C875C875CD9
:10DF3000875C875C875C875C875C875C875C875CC9
:10DF4000875C875C875C875C875C875C875C875CB9
:10DF5000875C875C875C875C875C875C875C875CA9
:10DF6000875C875C875C875C875C875C875C875C99
:10DF7000875C875C875C875C875C875C875C875C89
:10DF8000875C875C875C875C875C875C873B8F7C72
:10DF900096FB332D00410000000000002924CE58DC
:10DFA000F7BEEF9DFFFFEF9EA535002100000000AA
:10DFB000002000616CF39EFB86FA875C875C7F7CA7
:10DFC0007F7D7F7D7F5D875D875C875C875C875C0D
:10DFD000875C875C875C875C875C875C875C875C29
:10DFE000875C875C875C875C875C875C875C875C19
:10DFF000875C875C875C875C875C875C875C875C09
:10E00000875C875C875C875C875C875C875C875CF8
:10E01000875C875C875C875C875C875C875C875CE8
:10E02000875C875C875C875C875C875C875C875CD8
:10E03000875C875C875C875C875C875C875C875CC8
:10E04000873C8F5C96FB3B6D006100000000000088
:10E050003165BDD6FFDEF7BEF7BEF7BEA515086178
:10E06000000000000020004064B29EFB8EFB875C35
:10E07000875C7F7C7F7D7F7D7F5D875D875C875C44
:10E08000875C875C875C875C875C875C875C875C78
:10E09000875C875C875C875C875C875C875C875C68
:10E0A000875C875C875C875C875C875C875C875C58
:10E0B000875C875C875C875C875C875C875C875C48
:10E0C000875C875C875C875C875C875C875C875C38
:10E0D000875C875C875C875C875C875C875C875C28
:10E0E000875C875C875C875C875C875C875C875C18
:10E0F000875C875C873C8F5C96FB3B6D0061000012
:10E10000000000003165BDD6F7DEF7BEF7BEF7BEF2
:10E11000A5350861000000000020004064B29EFBAD
:10E120008EFB875C875C7F7C7F7D7F7D7F5D875DED
:10E13000875C875C875C875C875C875C875C875CC7
:10E14000875C875C875C875C875C875C875C875CB7
:10E15000875C875C875C875C875C875C875C875CA7
:10E16000875C875C875C875C875C875C875C875C97
:10E17000875C875C875C875C875C875C875C875C87
:10E18000875C875C875C875C875C875C875C875C77
:10E19000875C875C875C875C875C875C875C875C67
:10E1A000875C875C875C875C873C8F5C96FB3B6DFC
:10E1B00000610000000000003165BDD6F7DEF7BE4B
:10E1C000F7BEF7BEA5350861000000000020004042
:10E1D00064B29EFB8EFB875C875C7F7C7F7D7F7D4E
:10E1E0007F5D875D875C875C875C875C875C875C1D
:10E1F000875C875C875C875C875C875C875C875C07
:10E20000875C875C875C875C875C875C875C875CF6
:10E21000875C875C875C875C875C875C875C875CE6
:10E22000875C875C875C875C875C875C875C875CD6
:10E23000875C875C875C875C875C875C875C875CC6
:10E24000875C875C875C875C875C875C875C875CB6
:10E25000875C875C875C875C875C875C873C8F5CBE
:10E2600096FB3B6D00610000000000002945BDB633
:10E27000F7DEF7BEF7BEF7BEA53508620000000066
:10E280000020004064B29EFB8EFB875C875C7F7C35
:10E290007F7D7F7D7F5D875D875C875C875C875C3A
:10E2A000875C875C875C875C875C875C875C875C56
:10E2B000875C875C875C875C875C875C875C875C46
:10E2C000875C875C875C875C875C875C875C875C36
:10E2D000875C875C875C875C875C875C875C875C26
:10E2E000875C875C875C875C875C875C875C875C16
:10E2F000875C875C875C875C875C875C875C875C06
:10E30000875C875C875C875C875C875C875C875CF5
:10E31000873C8F5C96FB3B6D0061000000000000B5
:10E320002945B5B6F7DEF7BEF7BEF7BEA5350862DC
:10E33000000000000020004064B29EFB8EFB875C62
:10E34000875C7F7C7F7D7F7D7F5D875D875C875C71
:10E35000875C875C875C875C875C875C875C875CA5
:10E36000875C875C875C875C875C875C875C875C95
:10E37000875C875C875C875C875C875C875C875C85
:10E38000875C875C875C875C875C875C875C875C75
:10E39000875C875C875C875C875C875C875C875C65
:10E3A000875C875C875C875C875C875C875C875C55
:10E3B000875C875C875C875C875C875C875C875C45
:10E3C000875C875C873C8F5C96FB3B6D006100003F
:10E3D000000000002945B5B6F7BEF7BEF7BEF7BE90
:10E3E000AD351082000000000020004064B29EFBAA
:10E3F0008EFB875C875C7F7C7F7D7F7D7F5D875D1B
:10E40000875C875C875C875C875C875C875C875CF4
:10E41000875C875C875C875C875C875C875C875CE4
:10E42000875C875C875C875C875C875C875C875CD4
:10E43000875C875C875C875C875C875C875C875CC4
:10E44000875C875C875C875C875C875C875C875CB4
:10E45000875C875C875C875C875C875C875C875CA4
:10E46000875C875C875C875C875C875C875C875C94
:10E47000875C875C875C875C873C8F5C96FB3B6D29
:10E4800000610000000000002945B5B6F7BEF7BEE8
:10E49000F7BEF7BEAD35108200000000002000403E
:10E4A00064B29EFB8EFB875C875C7F7C7F7D7F7D7B
:10E4B0007F5D875D875C875C875C875C875C875C4A
:10E4C000875C875C875C875C875C875C875C875C34
:10E4D000875C875C875C875C875C875C875C875C24
:10E4E000875C875C875C875C875C875C875C875C14
:10E4F000875C875C875C875C875C875C875C875C04
:10E50000875C875C875C875C875C875C875C875CF3
:10E51000875C875C875C875C875C875C875C875CE3
:10E52000875C875C875C875C875C875C873C8F5CEB
:10E5300096FB3B6D00620000000000002925B596A7
:10E54000F7BEF7BEF7BEF7DEAD5510820000000043
:10E550000020004064B29EFB8EFA8F5C875C7F7C5B
:10E560007F7D7F5D875D875D873C873C875C875CBF
:10E57000875C875C875C875C875C875C875C875C83
:10E58000875C875C875C875C7F5C875C875C875C7B
:10E59000875C875C875C875C875C875C875C875C63
:10E5A000875C875C875C875C875C875C875C875C53
:10E5B000875C875C875C875C875C875C875C875C43
:10E5C000875C875C875C7F7C7F7C7F7C7F7C7F7CBB
:10E5D0007F7C875C875C875C875C875C875C875C0B
:10E5E000875C8F1B9EFB4BCF0042000100010000A7
:10E5F0002904B596F7BEF7BEF7BEF7BEAD7510A2FB
:10E6000000000000002000405C5096B9971B8F3B33
:10E61000875C7F7C7F5D875D875D873D8F3C8F3C1E
:10E620008F3C873C873D873C873D873C873C873CC8
:10E63000875C875C875C7F5C7F7C7F7C7F7C7F7C6A
:10E64000875C875C875C875C875C875C875C875CB2
:10E65000875C875C875C875C875C875C875C875CA2
:10E66000875C875C875C875C875C875C875C875C92
:10E67000875C875C875C877B875C877B7F7C7F7C14
:10E680007F7C7F7C7F7C875C875C875C875C875C2A
:10E69000875C875C875C871B9EFC4BCF0042000138
:10E6A0000801000028E4B576F7BEF7BEF7BEF7BE56
:10E6B000AD7510A208000000002000405C5096B923
:10E6C000971B8F3B875C7F7C7F5D875D875D873D88
:10E6D0008F3C8F3C8F3D873D873D873D873D873D04
:10E6E000873C873C875C875C875C7F7C7F7C7F7C0A
:10E6F0007F7C7F7C7F5C875C875C875C875C875CDA
:10E70000875C875C875C875C875C875C875C875CF1
:10E71000875C875C875C875C875C875C875C875CE1
:10E72000875C875C875C875C875C875C875C875CD1
:10E73000875C875C875C875C875C875C875C875CC1
:10E74000875C875C875C875C875C871B9F1B4BCFE4
:10E7500000620001000100002904B576F7BEF7BE93
:10E76000F7BEF7DEAD7518A30000000000200040E2
:10E770005C5096B98F1B875C875C7F7C7F7D7F5D5B
:10E78000875D875D8F3D8F3D875C875C875C875C9D
:10E79000875C875C875C875C875C875C7F5C7F5C71
:10E7A0007F7C7F7C7F7C7F7C875C875C875C875CF1
:10E7B000875C875C875C875C875C875C875C875C41
:10E7C000875C875C875C875C875C875C875C875C31
:10E7D000875C875C875C875C875C875C875C875C21
:10E7E000875C875C875C875C875C875C875C875C11
:10E7F000875C875C875C875C875C875C875C871B42
:10E80000971B43EF00620001000100002104B57670
:10E81000F7BEF7BEF7BEF7DEAD7518C30000000007
:10E82000002000405C5096BA8F1B875C7F5C7F7C29
:10E830007F7D7F7D7F5D875D875D875D875C7F5C9A
:10E840007F5C7F5C7F5C875C875C875C7F5C7F5CD8
:10E850007F5C7F5C7F5C7F7C7F7C7F5C875C875C90
:10E86000875C875C875C875C875C875C875C875C90
:10E87000875C875C875C875C875C875C875C875C80
:10E88000875C875C875C875C875C875C875C875C70
:10E89000875C875C875C875C875C875C875C875C60
:10E8A000875C875C875C875C875C875C875C875C50
:10E8B000877C871B971B43EF00620020002100002C
:10E8C0002104B575F7BEF7BEF7BEF7DFAD7618C306
:10E8D00000000000004100415C5096BA8F1B875C2D
:10E8E0007F7C7F7D777D7F7D7F7D7F5D875D875CA2
:10E8F0007F7C7F7C7F7C7F7C7F7C7F7C7F7C7F7C40
:10E900007F7C7F7C7F5C7F5C7F5C875C875C875CD7
:10E91000875C875C875C875C875C875C875C875CDF
:10E92000875C875C875C875C875C875C875C875CCF
:10E93000875C875C875C875C875C875C875C875CBF
:10E94000875C875C875C875C875C875C875C875CAF
:10E95000875C875C875C875C875C875C875C7F5CA7
:10E960007F5C7F7C877C873B971B43EF00620020A6
:10E97000002100002103AD75F7BEF7BEF7BEFFDF33
:10E98000B57618C300000000004100415C5196BA02
:10E990008F1B875C7F7C7F7D777D7F7D7F7D7F5D2B
:10E9A000875D7F5C7F7C779C777C777C777C7F7CC6
:10E9B0007F7C7F7C7F7C7F7C7F7C7F5C875C875CCF
:10E9C000875C875C875C875C875C875C875C875C2F
:10E9D000875C875C875C875C875C875C875C875C1F
:10E9E000875C875C875C875C875C875C875C875C0F
:10E9F000875C875C875C875C7F5D7F5D7F5D875D13
:10EA0000875D875D875C875C875C875C7F5C7F5CFC
:10EA10007F7C7F7C7F7C7F7C877C871B971B43EF81
:10EA2000006100200020000018E3AD75F7BEF7BEBE
:10EA3000F7BEFFDFB57618C40000000000410041BA
:10EA40005C5196BA8F1B873C875C7F7D7F7D7F7D85
:10EA50007F7D7F7C875C7F5C7F7C7F7B779C779CE6
:10EA6000779C779C777C7F7C7F7C7F7C7F7C875CBE
:10EA7000875C875C875C875C875C875C875C875C7E
:10EA8000875C875C875C875C875C875C875C875C6E
:10EA9000875C875C875C875C875C875C875C875C5E
:10EAA000875C875C875C875C875C875C7F7D7F7D1C
:10EAB0007F7D7F5D7F5D875C875C875C875C875C33
:10EAC0007F7C7F7C7F7C7F7C7F7C7F7B877B8F1ABA
:10EAD0009F1A4BEE006100200020000018E3AD7586
:10EAE000F7BEF7BEF7BFFFDFB57618C40000000021
:10EAF000004100415C51969A96FB8F3C875C875C95
:10EB00007F5C7F5C875C875C875C875C7F7B7F7BCF
:10EB10007F7B7F7B7F7B7F7B7F7C7F7C7F7C7F7C21
:10EB20007F7C875C875C875C873C875C875C875CD5
:10EB3000875C875C875C875C875C875C875C875CBD
:10EB4000875C875C875C875C875C875C875C875CAD
:10EB5000875C875C875C875C875C875C875C7F5CA5
:10EB60007FBD7FBD7F9D775C7F5C877D875C7F1BE2
:10EB7000877C877C877C877C7F7B7F7B7F7B7F7BA1
:10EB8000871A971A9F1A542F00400020088100000E
:10EB90001903AD75FFFFE75CE75DFFFFB576210563
:10EBA000000000610020004153F096598E9A971B97
:10EBB0008F3C8F3C8F5C873C873C8F3C8F1B8F3B0F
:10EBC000873B873B7F3A7F3A879C87BC7F7C6F1A65
:10EBD0007F7C7F7C7F7C875C875C875C873C873C15
:10EBE000875C875C875C875C875C875C875C875C0D
:10EBF000875C875C875C875C875C875C875C875CFD
:10EC0000875C875C875C875C875C875C875C875CEC
:10EC1000875C7F5C6F3B777C7F9D7F5C7F3C7F3C2C
:10EC2000873C871B871B871A871A7F3A7F3A7F5A50
:10EC30007F5A873A973A9F3BA71A5C2F00400020E3
:10EC40000881000010A29D13FFFFF7FFFFDFFFFF09
:10EC5000A4F418A300000862002000C36451A69A1F
:10EC6000A6FBA77D971C971C971C8F1B96FB96FBFA
:10EC700096FB96FA975B975B979C979C873A76F9F9
:10EC80007F5B8FDD7F7C7F7C7F5C875C875C875CC4
:10EC9000873C873C875C875C875C875C875C875C9C
:10ECA000875C875C875C875C875C875C875C875C4C
:10ECB000875C875C875C875C875C875C875C875C3C
:10ECC000875C875C875C7F5C87BD7F9D7F5C771BF3
:10ECD0007F1B977C9F9D9F5C9F5C9F5C9F5B975B6E
:10ECE000975B8F5B8F5A975A96D99ED99E5853AE91
:10ECF0000040000008400000318594D2E73CE75C0A
:10ED0000EF5DE73C9CB331660000084100000082E3
:10ED10004B2C74D375147D967DD77DD77DD77DD749
:10ED20007DD67DB67DB67DB6759575B58657971A35
:10ED3000973B86FA873B97DD875C875C875C875CBF
:10ED4000875C875C873D873C875C875C875C875CEA
:10ED5000875C875C875C875C875C875C875C875C9B
:10ED6000875C875C875C875C875C875C875C875C8B
:10ED7000875C875C875C875C875C875C879D877C1A
:10ED8000873C871B973C971B86586D7564F364D24C
:10ED90005CD25CB154904C8F446F444F4C4F542F15
:10EDA00053CE2A270000000008200000000029851B
:10EDB00042683A083A084A29314600000000082013
:10EDC00000000000110419C711C711E801650165B1
:10EDD00001650145014501440124012422282269DD
:10EDE000332C5CD28E799F5C975B7EFA875B875C65
:10EDF000875C875C875C875C873D873C875C875C3A
:10EE0000875C875C875C875C875C875C875C875CEA
:10EE1000875C875C875C875C875C875C875C875CDA
:10EE2000875C875C875C875C875C875C875C875CCA
:10EE300076B98F3B9F7D96FB7DF754712AEB11C706
:10EE40000986096509440123010300E200E200C1CB
:10EE500000E200E200C200400000080010200800AC
:10EE600008401081006000000000084108420800CE
:10EE700008000820000000000000002000210041E0
:10EE80000062006200620061004100410041002018
:10EE90000020002100A211C64BEF8E389F1B86DA9E
:10EEA0008F3B875C875C875C875C875C875D875C62
:10EEB000875C875C875C875C875C875C875C875C3A
:10EEC000875C875C875C875C875C875C875C875C2A
:10EED000875C875C875C875C875C875C875C875C1A
:10EEE000875C875C8F1B9F5C96DB64F3228A00E45F
:10EEF00000610041002100200020002000200020AF
:10EF00000020002000400040002000000800100009
:10EF100008000800000000000000000000000000E1
:10EF200000000000080008000000000000000020B1
:10EF30000020002000200020000000000000000051
:10EF400000000000000000010001002100E33B6D13
:10EF50007DF79F7C8F3B8F3B875C875C875C875C02
:10EF6000875D875C875C875C875C875C875C875C88
:10EF7000875C875C875C875C875C875C875C875C79
:10EF8000875C875C875C875C875C875C875C875C69
:10EF9000875C875C875C8F3CAFBE969A5C92120858
:10EFA00000410021000108420000000008000800A4
:10EFB0000800000000000000008100810020000027
:10EFC0001020080008000800000000000040006158
:10EFD000086108410001000008000800080008005E
:10EFE00000000000004100010001000000000000DE
:10EFF00008000800080008001021080100010001B5
:10F000000021010343EF8EBA8F3B8F3B875C875C07
:10F01000875C875C875D875C875C875C875C875CD7
:10F02000875C875C875C875C875C875C875C875CC8
:10F03000875C875C875C875C875C875C875C875CB8
:10F04000875C875C875C875C875C8F3C9EDA6CB2F0
:10F050001A080041002100410021000008000800BA
:10F060000800080008000800080000000000002058
:10F07000000000000800080008001841000000001F
:10F080000000000000000000000000001020080048
:10F090000800082000000000000000000000000040
:10F0A0000000080008000800080008001000080020
:10F0B000000010C30062004112086513971B8F3BCC
:10F0C000875C875C875C875C875D875C875C875C27
:10F0D000875C875C875C875C875C875C875C875C18
:10F0E000875C875C875C875C875C875C875C7F7CF0
:10F0F000877C771B7F5C879D7F5C875C879D971BE8
:10F100009E17428A0082002000000861086100000A
:10F1100008200800000000000000000000000000BF
:10F1200000000000000000000000000000000000DF
:10F1300000000000000000000000000000200000AF
:10F1400000000000000000000000000000000000BF
:10F1500000000000000000200820000008001061EE
:10F1600000000000000010620001000000A2436DDA
:10F170009679A77D86FA7F3B879D7F5C879D7F3C44
:10F18000875C875C875D875C875D7F5C875C7F5C75
:10F19000875C7F5C875C875B875C875B875C875C61
:10F1A0007F7C7F7C7F7C771B7F5C879D7F5C7F5C27
:10F1B000879D8EFB7451212400000841000000004F
:10F1C000000000000000000000000020084108616D
:10F1D0001082108218C318C318E321042124294582
:10F1E00029652965318631A631A639C739E7420834
:10F1F000422842284A494A494A69528A528A52AAAE
:10F2000052AA5ACB630C5AEB630C632C5AEB52AAEA
:10F2100052AA5AEB52AA294400000000082000001C
:10F22000004119A785D69F3B86FA7F1A7F7C773BE2
:10F230007F7C771B875D875D875D875D7F5D7F5DF9
:10F240007F5C7F5C7F5C7F5C875C875C875C875CC6
:10F25000875C7F7C7F7C7F7C7F7C771B7F5C877D6E
:10F260007F5C877C877D8EBA42EB00200000108295
:10F270000000000021245ACB7BCF7BEF84108C51FF
:10F280008C7194B29CD39CF3AD75B596B5B6BDD7D1
:10F29000BDF7C638CE59CE59CE59CE79CE79D69A49
:10F2A000D6BAD6BADEDBDEDBDEFBDEFBE71CE71C14
:10F2B000E73CEF5DEF5DEF5DF79EEF7DF79EF79E1C
:10F2C000EF5DDEFBD6BADEFBBE3784502965000059
:10F2D00000200041002000417554971B873B7F5B55
:10F2E0007F7C773B7F7C7F5C875C875C875C875C0F
:10F2F0007F5C7F7C7F7C7F7C7F7C7F7C7F5C7F7C76
:10F300007F5C7F7C7F5C7F7C7F5C7F5C7F7C7F3BE6
:10F31000875C877D7F3C875C875C7E792A2800003C
:10F3200000000841000018E38410CE79EF5DEF5D26
:10F33000EF7DF79EF79EF7BEFFDFFFDFF7BEF7BE5C
:10F34000FFDFFFDFFFDFFFDFFFFFFFFFF79EF79E1F
:10F35000F79EF79EF79EF79EF79EF79EF79EF79E05
:10F36000F79EF79EF79EF79EF79EF79EF79EEF7D1E
:10F37000F79EF7BEEF5DDEDBD69ACE99E77CC678C6
:10F380006B8D10A200000000002000615CD28EFA9C
:10F390008F5B877B7F7C773B877C7F5C875C875C30
:10F3A000875C875C7F5C7F7C7F7C7F7C7F7C7F7CD5
:10F3B0007F7C7F7C7F7C7F7C7F7C7F5C7F5C875CCD
:10F3C000875C7F3C875C877D7F3C875D7F3C7618D0
:10F3D00009240000000000000000528ACE59FFFFFF
:10F3E000FFDFF7BEF7BEF7BEF7BEF7BEF79EF79E8C
:10F3F000F79EF79EEF7DEF7DEF7DEF7DEF5DEF5D9B
:10F40000FFFFFFDFFFDFFFDFFFDFFFDFF7BEF7BE3E
:10F41000FFDFFFDFFFDFFFDFFFDFF7BEF7BEF7BE77
:10F42000FFDFF7BEFFDFFFFFF7BEE71CDEDBD6FB2B
:10F43000CEDACEFA8470190300000000006100A249
:10F440004C508EB98F3B873B7F3B76FA877C7F3B66
:10F45000875C875C875C875C7F5C7F7C7F7C7F7C54
:10F460007F7C7F7C7F7D7F7C7F7C7F7C7F7C7F5CE3
:10F47000875C875C875C873C875D875C871C8F5DCA
:10F48000871C75D7004100000000000008417BCFB9
:10F49000E73CFFFFFFDFFFDFF7BEF7BEF7BEF7BEBB
:10F4A000F7BEF79EFFFFFFFFFFFFFFFFFFFFFFFF1E
:10F4B000FFFFFFFFEF7DEF7DEF7DEF7DEF7DEF7DC8
:10F4C000F79EF79EEF7DEF7DEF7DF79EF79EF79E0F
:10F4D000F7BEF7BEF79EF79EF7BEFFDFEF7DDEFBC0
:10F4E000D6BAD6DACEFAD71B8CB22144000000413E
:10F4F00000610040542F9699973B8F5B873B871B99
:10F500008F7C873B875C875C875C875C875C7F7CC4
:10F510007F7C7F7C7F7C7F7C777D777D7F7D7F7D1F
:10F520007F5D875D875C873C873C871C8F5D8F3C58
:10F5300086FB8F5C86FB6D95002000000841000073
:10F5400010828430EF7DFFDFF7BEF7BEF7BEF7BE57
:10F55000F7BEF7BEF7BEF7BEEF7DEF7DEF7DEF7D27
:10F56000EF7DEF7DF79EF79EFFDFFFDFFFDFFFDF21
:10F57000FFDFFFDFFFDFFFDFF7BEF7BEF7BEF7BE3F
:10F58000F7BEFFDFFFDFFFDFF7BEF79EF7BEF7BE78
:10F59000EF7DDEFBD6BAD6DAD6DAD6FA94B22945B2
:10F5A000000000210020002053EF96789EFA96FA82
:10F5B0008EFB8EFA9F5C8EDB8F3B8F3B8F3C875C94
:10F5C000875C7F7C7F7C7F7C7F7C7F7C777D777D89
:10F5D0007F7D7F5D875D875C8F3C8F3C8F1C8EFCC1
:10F5E000973C971C8EFB973C8EDB6D5500200000EE
:10F5F0000000000010828410EF5DFFFFFFDFFFDFDF
:10F60000F7BEF7BEF7BEF7BEF7BEF7BEF7BEF7BE52
:10F61000F7BEF7BEF7BEF7BEF79EF79EF79EF79EC2
:10F62000EF7DEF7DEF5DE73CE73CE73CE73CE73C07
:10F63000E73CE71CE71CDEFBDEFBDEFBDEFBDEFB64
:10F64000DEFBDEFBD69AC618BDF7BE17AD95BE171A
:10F650008C50290400000000002100414B4D8DB664
:10F6600096388E388E588E58969A86389F1B971BE0
:10F670008F3B8F3B875B875B7F7C7F7C7F7C7F7C46
:10F680007F9D7F5C7F5C875D873C86FC8EFB96FC64
:10F690009F3D96DB8E9A96BBA71CA71C8E9985D69C
:10F6A000002008410000000021048410CE79E71CEE
:10F6B000DEFBDEDBD6BAD69ACE59C618BDF7BDF74B
:10F6C000B5B6B5B6B596AD55A534A5149CF39CD387
:10F6D00094928C718C51843084107BEF7BEF7BCFC4
:10F6E00073AE73AE738E738E6B6D6B4D6B4D632CFF
:10F6F000630C630C5AEB5AEB5ACB52AA528A528AC9
:10F7000052894228316520A318211000080000000A
:10F71000216632493AEB2AAA22892ACB3B0C3B4D7F
:10F720004C516D9696FB9F9D8F5C871A7F3B7F7C2B
:10F730007F7C7F7C773C7F7D877D873C8F3C973DBE
:10F74000971C96BB863875966CF464B364B25C7192
:10F7500043CF3B2C00200020000000000000294582
:10F760004208422831A631A631A6318629652945AD
:10F770002945294518E318E318E318C318C310A254
:10F7800010A210A208610861086108410841002028
:10F790000020000000200020000000000000000009
:10F7A0000000000000200000000000000000000039
:10F7B00000000000002000000800080010001000F9
:10F7C00008000800000000410082004100410021C3
:10F7D0000021006201250A073BAE75B6973B979C56
:10F7E0008F7C877C7F7C7F7C7F3C877C8F5D8F3CA0
:10F7F000971C96DB75965431226A11E80145010485
:10F800000124012400E300610020084108410000B8
:10F8100000000020000000000000000000000000C8
:10F8200000000000000000000000000000000000D8
:10F830000020002000200020000000000000000048
:10F8400000000000000000000000000000000000B8
:10F8500000000000000000000000000000000000A8
:10F860000000000000200020000000000800100040
:10F8700018001801100110010001000100210021F1
:10F8800000210001002100620021004101043BAE83
:10F8900086389F5C975C873B875C7F7C877C873C56
:10F8A000871C8F1B867964F31A8A00A300620041CB
:10F8B0000021002100200061006100200000000004
:10F8C0000000000000000000000000200000000018
:10F8D0000000000000000000000000000000000028
:10F8E0000000000000000000000000000000000018
:10F8F0000000000000000000000000000000000008
:10F9000000000000000000000000000000000000F7
:10F9100000000000000000000000000000000000E7
:10F920000800080010001000080008000000000097
:10F930000000002100410001000100420883002175
:10F94000004109A64C108638971B873B875B875C74
:10F950008F5C8F3B973C8E9954B209E8004100219F
:10F9600000420021000000000020004000200000B4
:10F97000002000000000000000000000000008411E
:10F980000000000000000000000000000000000077
:10F990000000000000000000000000000000000067
:10F9A0000020002000000000000000000000000017
:10F9B00000200020002000200000000000000000C7
:10F9C0000020002000200020002000000000002077
:10F9D0000040004000200800100010001001080145
:10F9E0000000000000200041004100210000000054
:10F9F000000000220001004109A65CB28EDA979C4B
:10FA0000875B875B871A975C971B65541249006177
:10FA1000004100A300000000000000000000000002
:10FA20000000000000200020002000200020000036
:10FA300000000000000000000000000000000000C6
:10FA40000000000000200020002000000000000056
:10FA500000000000000000000000000000000000A6
:10FA60000000000000000000000000000000000096
:10FA70000000000000000000000000000000000086
:10FA80000000000000200020002000000000000016
:10FA90000800082100000000002000200020004194
:10FAA00000210000000008010022002100612B0B52
:10FAB0007DF69F9C875B875B8F1B973B75F7232B9E
:10FAC00000A20041004108A30000080010211020FE
:10FAD0001020102010401040000000000000000026
:10FAE00000000020000000000000000000000000F6
:10FAF000000000200020084100000000000000007D
:10FB000000200020002008410020002000200841A3
:10FB10000841086108611082086108610861086194
:10FB200010821082108210A210A210A210A210A2A5
:10FB300018C318C318C310E311841184194419247D
:10FB40002124210421042124194521C6198600C23B
:10FB5000008108E310C300210800180210420001D0
:10FB6000002109A654B2973B8F3B875B9F5C96FAB6
:10FB700054910144004100A30082000000000800ED
:10FB800008000800080008000820104118A218E426
:10FB9000210418C318E4296631A6296631A639C79D
:10FBA00039E742084A494A6A52AA52AB6B6E6B8ED9
:10FBB00073AE7BCF7BF0843084318C518C929492E5
:10FBC00094B29CD39CF4A514A534A535B596B596EE
:10FBD000B5B6B5D7BDD7BDF8C618C618C639C6392B
:10FBE000CE59CE79CE9AD69AD6BACEDBC6DAC6FB35
:10FBF000CEFBCEDBD6DBD6DBD6BBCEBBC69ACEFBEE
:10FC0000AE597C925BAE63EF63AF52CC18830801B0
:10FC100000000001002100C33BCE973B8F3B875B78
:10FC20009EDAB75C11E700E400210021000000210A
:10FC300018C342296B6E73AF73AF8431949394935E
:10FC4000A4F4A514A535AD56B576B5B7BDB7BDD8E6
:10FC5000C5F8C618C619CE39CE5AD67AD69AD69BCA
:10FC6000D6BBD6BBD6DBD6DBD6DBD6DBD6DBD6DB4C
:10FC7000CEBBD6BBD6BBD6BBD6BBD6BBD6BBD6BB04
:10FC8000D6FBD6FBD6DBD6DBD6DBD6DBD6DBD6DBAC
:10FC9000CEBBCEBBCEBBCEBBCEBBCEBBCEBBCEBB1C
:10FCA000CEDBCEDBCEDBD6BBD6BCCEDCCEDCCEDC38
:10FCB000CEDCC6BCB67A8D155BD05BD064115B8F91
:10FCC0003A29006200010001004100E322CB96BA0C
:10FCD0008F3B875B96799E790103006100000000ED
:10FCE000000018C394B2B5D7CEBACE9AC67AD6BCA5
:10FCF000DEDCD6BCD6BBD6BBD6BBD6BBD6BBD6BB52
:10FD0000D6BBD6BBD6BBD6BBD6BBD6BBD6BBD6BB6B
:10FD1000D6BBD6DBCEBBCEBBCE9BCE9BCE9ACE9AED
:10FD2000CE9ACE9AD6DBD6DBD6BBCEBBCEBBCEBB75
:10FD3000CEBBCEBBCE9ACE9ACE9ACE9ACE9BCE9B3F
:10FD4000CE9BCEBBD6FCD6FCD6FCD6FCD6FCD6FCD5
:10FD5000D6FCD6FCD6DCD6DCD6DCD6FCD6FCD6FC73
:10FD6000D6FDCEFDD71DCF1DC6BC957763F15BD008
:10FD700064315BB0532D1125002100210021006268
:10FD80001A2886388F3B8F5B9EBA8E380061004000
:10FD90000020002000204207BE38CEDAD73CCEFB40
:10FDA000CEDBD6DCD6BCCE7BD6FCD6FCD6FBD6FBD7
:10FDB000CEDBCEDBCEBBCEBBD6FCD6FCD6FBD6FB99
:10FDC000D6DBCEDBCEDBCEDBD6FBD6FBD6FBD6FB43
:10FDD000D6FBD6FBD6FBD6FBD6FBD6FBD6FBD6FB9B
:10FDE000D6FBD6FBD6FBD6FBCEBBCEBBCEDBCEDB6B
:10FDF000D6DBD6FBD6FBD6FBCEBACEBACEBACEBABF
:10FE0000CEBACEBACEBACEBACE9ACE9ACE9BCE9B30
:10FE1000CE9BCE9BC69BC6BBC69BBEBBBE7B955630
:10FE200063D05BAF641163D063AF1925000000009D
:10FE30000021004112088E58973B8F3BA71B8E373D
:10FE400000600060002000000881632CCE99D6FA83
:10FE5000CF1BCEDACEDBD6FCD6DCCE7ACEDBCEDB49
:10FE6000CEDBCEDBCEDBCEDBCEDBCEDBC6DBC6DB5A
:10FE7000C6DBC6DBC6DBC6DBC6DBCEDBC6BACEBAAC
:10FE8000CEBACEBACEDBCEDBD6DBD6FBC69ACEBAA6
:10FE9000CEBACEBACEBBCEDBCEDBD6DBCEDBD6DB6C
:10FEA000D6DBD6DBD6DBD6DBD6DBD6DBD6FBD6FB8A
:10FEB000D6FBD6FBD6FBD6FBD6FBD6FBD6DBD6DBFA
:10FEC000D6DBD6FBD6FCD6FCD6FCCEFCCEDCC6DC24
:10FED000C6BB9DB76C315BCF6C316BF06BAE210450
:10FEE000000000000021002019E78E58971B8F3B6F
:10FEF0009EFA86160060006000200000088173CE24
:10FF0000CEDACEDACEDAC6BACEDBD71CD6FCCEBB82
:10FF1000CEFBCF1BCF1BCF1BCF1BCF1BCEFBCF1BD3
:10FF2000CF1CCF1BCF1BCF1BCF1BCF1BCEFBCEFBC2
:10FF3000D6FBD6FBD6FBD6FBD6FBD6FBD6DBD6DB79
:10FF4000D6FBD6FBD6DBD6DBD6DBD6DBD6DBD6DBE9
:10FF5000D6BBD6DBD6BBCEBACE9ACE9ACE7ACE9AC6
:10FF6000D6BBD6BAD6BBD6BAD6BBD6BAD6BBD6BA0D
:10FF7000D69AD69AD69ACE9ACEBACEBACEBACEBAA9
:10FF8000CEDBC6BAC69AA5B66C105B8E63CF638E05
:10FF90006B4D2903080000000000002011A685F623
:10FFA000971B8F3B9ED985F6006000610020000002
:10FFB00010A17BCEDF1BD6FACEDACEDACEDBD6DBD3
:10FFC000D6BBCE9ACEFBCEFBC6FAC6DAC6BABE996F
:10FFD000BE79BE79BE99BE99BE79B658B658AE37CD
:10FFE000AE17ADF7BE18B617B5F7B5D7ADB6AD9627
:10FFF000A575A5759D549D349D34951394F394D3A4
:020000040801F1
:100000008CB28C928C718C718C51843184308410C0
:1000100084107BF073AE73AE73AE73AE73AE73AE1B
:1000200073AE73AE6B6D6B6D6B6D6B6D6B6D6B8D5E
:100030006B8D6B8D6BAE638D638E532C320829C72D
:100040003228320741E71040080008000000002075
:1000500019E68DF6971A8F3BA6D98DF60040006001
:1000600000200000106162EBC637BE17B5D6ADD6D2
:10007000ADB6AD76AD35A5359CF394F394D28CB284
:1000800084717C507C307C0F638D638D636D634C19
:100090005B4C5B2C530B530B4A694A49424942283B
:1000A00042083A0739E739E7296529652945214496
:1000B00021242104190318E318C318C318A318A294
:1000C0001882108210621062106210821062108218
:1000D00010621082106210611040104010401040F9
:1000E0001041084108610861086100200861088228
:1000F000000000200882086110400800080000008D
:100100000000006122288DF69F1A8F3BA6D98DD55D
:100110000040002000000000000039A5420739C659
:1001200031A629852965210420C420C420E418E3D0
:1001300018C310A208610841002000000000000060
:1001400000000000000000000000000000000000AF
:10015000000000000000000000000000000000009F
:100160000000000000000000000000000000080087
:10017000080008000000000000000000000000006F
:10018000000000000000000000000000080008005F
:100190000800080008000800000000000820000017
:1001A0000000002000000000002000000000080007
:1001B000102000000000002019E67574971A8F3B8C
:1001C000A699A6780040002000200800080008003A
:1001D00008000000002000000000000000000000F7
:1001E00000000000080008000800080008000800DF
:1001F00008000800000000000000000000000000EF
:1002000000000000000000000000000000000020CE
:1002100000000000000000000000000000000000DE
:1002200000000000000000000000000000000000CE
:100230000800080008000800080000000000000096
:10024000080008000000000000000000000000009E
:10025000000000000000000000000000000000009E
:100260000000000000000860000000202A6985F6F8
:10027000971A8F3B96379E5800400041002000009F
:1002800008001861000000000000000000000000ED
:10029000000000000800080008000800080108012C
:1002A000080108010800080008000800080008010B
:1002B000080108010000000000000000000000002C
:1002C000000000000000000000000000000000002E
:1002D000000000000000000000000000000000001E
:1002E000000000010000000000000000000000000D
:1002F00000000000000000000000000000000000FE
:1003000000000000000000000000000000000000ED
:100310000000000008A200200040008100200040F2
:1003200032EB8E58973B8F3BA6BA9E580061004037
:10033000000000000000000000000000000000209D
:1003400000000001000100010000000000000000AA
:10035000000000000000000000000000000000009D
:1003600000000000000000000041004100410021A9
:10037000002000200020002000200020002000207D
:10038000002000200020002000200020000000208D
:10039000000000200000002000200020002000219C
:1003A0000021004100410041004000400040004069
:1003B0000041004100410041004100410021002175
:1003C0000021002100410041004000400040004069
:1003D000004100E343CE96DA8F3B875B9F1B861775
:1003E00000A20041006100820882004100410040FB
:1003F0000061004100210021000100010042004194
:1004000000410021002100210021002100210021C4
:100410000021002100210021002100210041004194
:1004200000410041004100410041004100410041C4
:1004300000410061006100610082008200410041D2
:100440000041004100410061006100610041004144
:1004500000410041004100410061006100810081D4
:10046000008100810081008200820082008200827F
:1004700000820082008200830083008200C200E3C9
:100480000124012409A62B0C6D759F5C8F5B875B93
:10049000977C8698022800E30061004000400040FD
:1004A0000040006000610061004100410022004204
:1004B00000410041004100410041006100610062D3
:1004C00000410041004100410041004100610061E4
:1004D00001650165018501A601C609E709E70A076B
:1004E0001A691A691A891A891A8922AA22AA22CA99
:1004F0003BAD3BAD3BAE3BCE3BCE43CE43EE43EEBE
:10050000549154915C915CB15CB25CB25CD25CD2AF
:10051000651365136513651365136513651365141A
:10052000651465146D146D146D146D146D146514DB
:100530005CD35CF35CD35CB265147DF796FB977D6E
:10054000875B7F7B8FBD97BD5533234C01A500A2F0
:10055000012409A609E70A070A2712481A69228A0C
:1005600022AB22AB3BCF3C0F44304C50549154B2A1
:100570005CF35CF37DD67DF6861786378E588E79D0
:10058000969996B98EBA8EB996BA96DA96DA96DABE
:1005900096DA96FA9F1B9F3B9F3B9F3BA73CA75C2D
:1005A000A75C9F5C8EFA8F1A8F1A971A971B973B3E
:1005B000973B973B8EDA8ED98EDA8EFA8EFA8EFAC8
:1005C0008EFA8F1A973B973B973B973B973B973B0E
:1005D000973B973B971C971C971C971C971C971C45
:1005E000971C971C9F5D973D96FC96DB971C9F3D43
:1005F000973C871B875C7F7C6F1A8FDD873B767803
:100600006575651385F68E587DD67DF67E177E3826
:1006100086588E79967A969A86B97ED986FA871AFE
:100620008F3B8F3B8F5B8F5B7EB97ED97EDA86FAFC
:10063000871A8F3B8F3B8F5B8F5B8F5B8F3B8F3B33
:100640008F3B8F3B8F3B8F3B86FA86FA86FA871A61
:1006500086FA871A871A871A875B875B875B875BAF
:10066000875B875B875B875B875B875B875B875B7A
:10067000875B875B875B875B875B875B875B875B6A
:10068000875C875C875C875C875C875C873C873C92
:10069000873D873D873D873D875D871C871C8F1C75
:1006A0008F1D8F1C871C7F1B7F7C7F7C6F3B7F9CFB
:1006B000879C873B8F1B8EFA971B8699971B971BEE
:1006C0008F3B8F3B973C973C973C973C8F7C879C1C
:1006D000877C877B875B7F5B7F3B7F3B877C877CDF
:1006E000877B877B875B875B875B875B875B875BBA
:1006F000875B875B875B875B875B875B877B877BAA
:10070000875B875B875B875B875B875B7F7B7F7BA9
:100710007F7B7F7B7F7B7F7B7F7B7F7B7F7B7F7B09
:100720007F7B7F7B7F7B7F7B7F7B7F7B7F7B7F7CF8
:100730007F7C7F7C7F7C7F7C7F5C7F5C7F5C7F5C61
:100740007F5C875D875D875D875D875D7F3D7F1C03
:10075000873D8F5D873C871C873C8FBE7F7C7F7C7D
:100760007F5C7F7C875C875C875C875C8F3C8F3C91
:10077000875C875C875C875C875C873C873C873CC1
:10078000875C875C875C875C875C875C875C875C51
:10079000875C875C875C875C875C875C875C875C41
:1007A000875C875C875C875C875C875C875C875C31
:1007B000875C875C875C875C875C875C875C875C21
:1007C000875C875C875C875C875C875C875C875C11
:1007D000875C875C875C875C875C875C875C875C01
:1007E000875C875C875C875C875C875C875C875CF1
:1007F000875C875C875C875C875C875C875C875CE1
:10080000875C875C875C875C875C875C875C875CD0
:10081000875C7F5C875B873B873B8F5C8F5D8F3D11
:100820008F3D8F5D877E877D7F7D6F5C6F7B6F9B4C
:100830006FFC6FFC6FFD6FFC6FDC6F9B775B7F5B0A
:100840008F5B975C9F3C9EFB9EBA9EBA9E999E7959
:100850008E178DD674D27CB2749274717471747167
:1008600074917491747174717471747174917491E0
:10087000749174917C9284D39534959595B69E1716
:100880009E78A6D9A77A9F5A975987387F187F38BC
:1008900087797FBA6F9C67BD6F9D6F7D775D775D50
:1008A0007F7D879E7F3C7F3C7F7C7FBD7FBC77BC0C
:1008B0006F9B675A6F9B779C779C777C775C7F5C9C
:1008C0007F5D877E875D875D87BC879C877B875C34
:1008D000873C871C871C871D6E9A76DB7F5C87BDF3
:1008E00087DD7FBC777A6F3A6F1A771A7F3B873B39
:1008F0008F3B971B96BA969A6D145C72438E32CBDF
:100900001A2809A6012400E30082006100410020AA
:1009100000200020002000200020002000200020D7
:1009200000200020002000200041008208E3112464
:10093000118519C6224822891A883BAC5D127E3681
:100940008ED88F1997398F5A76DA773C877D877ED4
:10095000875D7F1C7EDB76BB8F7E875C7F1B771A73
:10096000773B779B7FDC7FFD779B779C779C7F7CB9
:100970007F7C7F5C7F3D7F3D875D875D779B6F9B45
:100980006F7B6F5B775C7F7D877E8F9E9FDF979EFF
:100990008F3C8EFB8EFB973B9F5B9F1BB71DAE5B17
:1009A00095777473532F320A10E5002208A4086368
:1009B00000420021002100410061006100000000B0
:1009C0000000000000000000000000200000000007
:1009D0000000000000000000000000000000000017
:1009E00000000000000100010021004100610062E0
:1009F00000620041006101031A283B2C6CF47D5613
:100A00008DF99E7BA6DCAEFDA71DA73D8EBB8EDBC0
:100A10008F3C8F7C877C877C777B775B777B775B72
:100A2000775C7F7C7F7D7F5D7F3D7F1C875D875D01
:100A30007FDC7FDC77BC777B773B7F3C7F3C7EFC39
:100A40007E9A869A8EBB9EFCAF1CA6BA8DD7851463
:100A500031E9294718A510430803080208010801D5
:100A60000801080000000000000000200000000055
:100A70000000000000000000000000000000000076
:100A80000000000000000000000000000000000066
:100A9000084208420842082100210001000100012B
:100AA000000100020001000100010001084310A440
:100AB0000002002319263A4B5B9084F5A63AB6FC57
:100AC000AEFCA71C9F1C971B8EFB871B873B875B7D
:100AD0007F5B7F3B7F3B7F5C877D877D877D875DFD
:100AE000875D875D771A7F5B7F7B7F5B877C8FDE8F
:100AF00097DE9F9EAFFF9F3D861864D3436E21E82B
:100B000000620021086300020001000100010000F2
:100B10000800080008000800102008200820000035
:100B20000000000000600060004000400020002045
:100B300000200020002000200020002000200020B5
:100B400000200020002000400020002000200000A5
:100B5000000000000001000108011802180318023B
:100B6000100110011802100208010001000100220A
:100B700000A30125649275558E59A71CA75DA75C3B
:100B8000971C8EFB8F5C875C873B873B873C875D30
:100B9000875D877D875D875D96FB973C971B86BA4F
:100BA0007E9986DA86DA7E794450232C01C700824A
:100BB0000041002000410062000000000000000031
:100BC000000008201040104008000800100010002D
:100BD000100010001820206010000800080010000D
:100BE0001000100010001000102010201020102005
:100BF0001000100010001000102010000800080065
:100C000008000800080008002082180110001000E9
:100C10001000100018011001100010000800000062
:100C200000000020006100A200810986330C5C9264
:100C30007D969659A6DBA73D973C975C975C8F3CC9
:100C4000871C871B873C875D875D875DAE5AAE3A00
:100C500085765411332D22EC128A020700C200A1BE
:100C6000008100600040002000200020006000A003
:100C700000A00060002000200000080018002000F4
:100C800030003000380040204860588070C180C279
:100C9000810389449164998599A599A699A599A5F7
:100CA00099A599A5998599859985998588E480C3A1
:100CB00078827062688258614841402020001800A4
:100CC00010001000082000200000000000000800B4
:100CD000080000200020002000400040006000606C
:100CE00000600061012432CC74F49E7A8E7996FA09
:100CF0009F3C973C8F1B86FB7F1C875C875D7F5DDD
:100D0000420B420A21470043002200620082006138
:100D10000081008100600020002000000000082009
:100D20000000002000200800080018003880510151
:100D30006121796291E5A226B247BA47BA67CA67CC
:100D4000DA28E228E228E248E248E228E228E2073C
:100D5000E249E248E248E228E228E228E228E20802
:100D6000F249EA29E208DA08D229CA48BA28B228A0
:100D7000A207920779C5594340A0282018001800FF
:100D800010001000100008000000002000200040AB
:100D900000400040004000400041006200E5118733
:100DA0007D758E389EFBA73C971C86FB871C877D34
:100DB000875D7F5D08020002000100220001002023
:100DC0000020002000200020002008000800100063
:100DD000180020003000504068E181839A25B2A8B5
:100DE000C2A8BA47CA67D247DA27E227EA27EA2722
:100DF000F207F207FA07FA07FA07FA07F1E7F2072C
:100E0000F1E7F1E7FA28FA28FA08FA28FA08FA07C7
:100E1000FA07FA07FA27FA27FA27F207F207EA078A
:100E2000EA07E207E207E228DA28DA48DA48D228B5
:100E3000CA27BA4879235902488030202000180078
:100E400010000800082000000020004000200020C2
:100E500000210062004112077514969AAF9E975CBC
:100E60007EBA97BE875D7F5D0001000100010842E8
:100E70000000002010610820080010001800200069
:100E80003000484071049165B1C5C9E6D227D22728
:100E9000DA47E288EA88E227F289FA68FA48FA280B
:100EA000FA07F9E7F9E7F9C7F9E7F9E7F9E7F9E741
:100EB000F9C6F1C6F1C6F1A6F9E7F9E7F9E7F9E7EE
:100EC000F9E7F9C6F9C6F9C6FA06FA06FA06FA0605
:100ED000FA06FA06FA06FA07FA27FA27FA27FA07AD
:100EE000F9E7F1C6F1A6E1A6CA49B228A1C79185E2
:100EF000812360A148003000200018001000082065
:100F00000820000000000020008200410104228A25
:100F100075B6AFDE8F3C7F1B875C7F5D0041002193
:100F200000410041000000000800180020003800C7
:100F3000604080C3A145B9A7CA09E229FA08FA08A6
:100F4000FA08F9C7F9A7F9E7F1E7F1E7E9C7E9E72F
:100F5000E9E7E9E7E9E7EA07EA07EA07E9E7E9E7AE
:100F6000E9E7F207F228F228F228F248F228F228FC
:100F7000F228F228F228F228F228F228F227F226A4
:100F8000F226F226F206EA06EA06EA06E1C5E9C515
:100F9000E9E5EA06F226F227F247F228FA4AFA2BA6
:100FA000F22AF26AF28AE269C1E7A9A578C258403A
:100FB0003000180010000000000000200062002037
:100FC0000021006122EB86798F3C875C7F5C7F7C0F
:100FD00000A200610061002000000800280030002D
:100FE00068818903B9C7E26AF2ABFA6BFA2AF9C8D9
:100FF000F946F966F987F9A7F9A7F1E8F228EA288E
:10100000EA48E269DA69DA69D269D289D269D289B1
:10101000CA89CA88CA89CA89CA89CAA9CA89CAA9F9
:10102000CA68CA68CA68CA88CA89CA88CA89CA888E
:10103000C267C266CA67CA67CA87D287D287DA8799
:10104000E2C9E2A8E2A8E267E247E226DA06E1C6E0
:10105000E967F147F167F988F9E9FA29FA49F2698C
:10106000DA69B1A678C248202800180010000800EC
:1010700000000021006200410125653486DA979D59
:101080007F5C7F7C0080006000600020080038A149
:1010900071A589A5BA48D248E228F208F1E8F9C852
:1010A000F9C8F9E8FA08F228F249F269EA89DA8916
:1010B000CA69C268AA48A2279A0789E67985716435
:1010C0006924612340A030C03080286020202000A7
:1010D0001800180018001800180018001800180050
:1010E0001800180030C030E039004941596269A346
:1010F00079A481C49205A1E5AA06BA06C247D268BE
:10110000DA89E289FA6AFA4AFA2AF9E9F9A7F98743
:10111000F9A7F1C7F228DA08B9C6A186816560E3AC
:1011200030201800080000000000002100A36D75A9
:101130008EFB873C7F5C7F7C0040004000200800E5
:1011400018006123AA89CACAE2A9EA69F228F1C78C
:10115000F1A6F986F9C7FA08F2CBD269BA07B1E667
:10116000A1C6896470E258C14860406038402800D8
:101170002000180018001000084000400040004007
:10118000002000200020002000200020002000205F
:10119000002000200020002000200020000000008F
:1011A000080008001800200028003000480058609F
:1011B00070C2814491A5A1C6C228D248E269F289D1
:1011C000FA69FA28FA07F9C7F9E7E9C7D186B986B3
:1011D000A9A7998670E44841180008000000002182
:1011E00000616D348EDA875C7F7C7F7C00000000BC
:1011F00010001800280070A2BA48D288DA27EA271F
:10120000FA48FA68FA48FA07FA07E247BA8881A466
:1012100058804820380028001800180010001000DE
:10122000100010001000100010011001000000005C
:101230000000000000000821082108410800080003
:10124000080008000800000000000800102210023A
:1012500010021001100110001000100018001800FA
:101260001800180018001800180020003820484006
:1012700068A09963CA26EA88F227F1C6FA28F1A67F
:10128000D104B8A3B905B987A16779052800100171
:10129000082108A300415CD386BA8F7D7F7C7F7CC8
:1012A0000000080010001800280070A2C227E248C1
:1012B000E9E7F1E7FA07F226F206F206F226DA6823
:1012C000922748E1180018001000080008000800E4
:1012D00000000000000008000800080010011001D4
:1012E00010010800080008000800080008000800B5
:1012F00008000800080008000800080008000800AE
:101300001001180110011001100110001000080058
:10131000100008000800000000000000082008403D
:1013200000000800200058E0AA25DAC8EA87E9E5AD
:10133000F9E6F1A5D924C8E4C966C1A7A92578832F
:1013400028000800000000A3004175758EDA873B75
:101350007F7C7F7C0800080000000800180058808F
:10136000CAA9EA28F9E7F9E7FA06F226EA26EA2600
:10137000F206DA6861232060080000000000000027
:1013800000000040000000000000080008001000FD
:1013900010001000100010001000100010001000CD
:1013A00010001000080008000800080008000800ED
:1013B000080010001800180018001800180010008D
:1013C00010000800000000000000000000200020C5
:1013D0000020004000400880080020007122C2A8C0
:1013E000E2C8EA47F206FA06D103C903C144B1656F
:1013F000A98570A2180008000000004000A25CD27D
:10140000973B8F3B875C7F7C08000000000000203A
:10141000100058A0CAA9EA28F9E7F9C6FA06F22688
:10142000EA26EA26F206DA48796530A218001800A2
:1014300018401020080008001000100018002000BC
:10144000280028003000300030003000380038001C
:1014500040404860488150A148604860486048600A
:1014600048604860486048604000380038003000FC
:1014700028002000200018001000100008000800BC
:101480000000000000000000000000201000280004
:101490008184CAC9E288E206EA06F206D122C123A3
:1014A000C164B164A98570C2180008000000004042
:1014B00000A25CD2973B8F3B875C7F7C08000000DA
:1014C00000000020100058A0CAA9EA28F9E7F9C6D0
:1014D000FA06F226EA26EA26F206E247A9A66061A3
:1014E00038003800300038003800400048005020F4
:1014F000606170C389059966A9A8B1C8CA49D24973
:10150000D249D249D269D26AD26ADA8ADA8ADA8AC6
:10151000DA8ADA8ADA8ADA8ADA8ADA8ACA8ACA89CC
:10152000C269BA48AA08A1E799C691C668A260A292
:1015300050614820380028002000200018001800C2
:1015400028005000A9E6DAC9EA67EA26F206F22680
:10155000D122C123B964B185A98570C218000800E1
:101560000000004000A25CD2973B8F3B875C7F7CF1
:101570000800000000000020100058A0CAA9EA28B6
:10158000F9E7F9C6FA06F226EA26EA26F206EA277B
:10159000E2AAB1868861802088819103A185A9C6CD
:1015A000BA28BA28C228CA29DA29DA49E24AEA4915
:1015B000FA49FA29F229F208E9E8E9C7E9A7E1A618
:1015C000E9E8E9E7E9E8E9E7E9E8E9E7E9E8E9E797
:1015D000EA68EA68E268E248DA48D228D228CA28EB
:1015E000D289CA69BA48B1E7A1869144890480E3E7
:1015F00060415821680090E3D268EA88EA06FA263A
:10160000F205F226C922C123B964B185A9A570C229
:10161000180008000000004000A25CD2973B8F3BFE
:10162000875C7F7C0800000000000020100058A0AC
:10163000CAA9EA28F9E7F9C6FA06F226EA26EA264E
:10164000F206F207F228EA27EA27EA68EA88E2685F
:10165000E268E268EA88EA68EA48F228F207F1E715
:10166000F9C7F9C7FA07FA07FA07FA07FA07FA27D4
:10167000FA27FA27FA27FA27FA27FA27FA27FA2762
:10168000FA27FA27FA27FA26FA27FA27FA47FA4812
:10169000FA68F268EA48EA48EA48E248E248DA4882
:1016A000DA48DA49D229CA09C9C7E228FA89F20711
:1016B000E9A4FA26F205F226C942B923B984B18514
:1016C000A98570C2180008000000004000A25CD28A
:1016D000973B8F3B875C7F7C080000000000002068
:1016E000100058A0CAA9EA28F9E7F9C6FA06F226B6
:1016F000EA26EA26F206F206F1C5F1E6FA27FA47EB
:10170000F226EA05E205EA06E1C4E1C5E9C5F1C54C
:10171000F9E6F9E6FA07FA07F1A4F1A4F1C4F1C574
:10172000F1C5F1E5F1E5F9E5F1E5F1E5F1E5F1E521
:10173000F1E5F1E5F1E5F1C5F1A4F1A4F1A4F1A41D
:10174000F1C4F1C4F1E5F1E5E9A5E9C5E9C5E9E5CB
:10175000E9E6EA06EA06EA07F24AFA6AF229FA290B
:10176000FA48F1C5F1A4FA67F205F226C943B94374
:10177000B984B185A98670A2180008000000004055
:1017800000A25CD2973B8F3B875C7F7C0800000007
:1017900000000020100058A0CAA9EA28F9E7F9C6FD
:1017A000FA06F226EA26EA26F206F206FA88FA672E
:1017B000F226E1E4E1E4EA25EA66F287FAA7FA878D
:1017C000FA66FA26F205F1C5F1A4E9A4FA66F286F2
:1017D000F286EA66EA66EA65EA45EA45EA65EA65A6
:1017E000EA65EA65EA65EA65EA65F245FA45FA45B9
:1017F000FA45FA45FA45FA65FA65FA66FA86FA662E
:10180000FA66F266F246F246F246F227E986F9C82F
:10181000F1A6F1A6FA07F9E6F1E5FA66EA25EA4645
:10182000C143B943B965B165B16670A2180008003B
:101830000000004000A25CD2973B8F3B875C7F7C1E
:101840000800000000000020100058A0CAA9EA28E3
:10185000F9E7F9C6FA06F226EA26EA26F206F206C1
:10186000F225EA25EA05E205EA45EA66EA45E204E8
:10187000E204E204E204EA05F225F225FA26FA4639
:10188000EA25E225E225E245EA45EA45EA45EA4558
:10189000EA45EA45EA45EA45EA45EA45EA45EA45D0
:1018A000EA24EA24EA24EA24EA24EA44EA45EA4566
:1018B000E1E4E1E4E204E204EA05EA25EA25F206CD
:1018C000F9E7FA08F9C6F1A5FA26FA26E9E4EA04E6
:1018D000EA25EA46C143B943B965B965B16678827C
:1018E000180008000000004000A25CD2973B8F3B2C
:1018F000875C7F7C0800000000000020100058A0DA
:10190000CAA9EA28F9E7F9C6FA06F226EA26EA267B
:10191000F206F206EA26EA26EA46EA46EA46E246FF
:10192000E246E246EA46EA46EA46EA26EA26F2269F
:10193000F226F226F206F206F206F206F206F206A7
:10194000F206F206F206F206F206F206F206F206D7
:10195000F206F225EA45EA45EA45EA45EA45EA455E
:10196000EA45EA45EA45EA45EA45EA45EA45EA261E
:10197000EA26F226F206FA06FA06F206F225F22521
:10198000EA45EA45E245E246C143B924C165B945A5
:10199000B9468063200008000000004000A25CD22D
:1019A000971B871B875C7F7C0800000000000020DD
:1019B000100058A0CAA9EA28F9E7F9C6FA06F226E3
:1019C000EA26EA26F206F206F226EA26EA26EA26BF
:1019D000EA26EA26EA26EA26EA26EA26EA26EA2687
:1019E000F226F226F206F206F9E6F9E6F9E6F9E65B
:1019F000F9E6F9E6F9E6F9E6F9E6F9E6F9E6F9E6EF
:101A0000F9E6F9E6F9E6FA06F225EA45EA45EA4595
:101A1000EA25EA25EA26EA26EA26EA26EA26EA2648
:101A2000F226F226F226F226F206F206F225F22538
:101A3000EA25EA45EA45E245E246E266C143B924C1
:101A4000C145B945B9268063200008000000004068
:101A500000A25CD2971B871B875C7F7C080000007C
:101A600000000020100058A0CAA9EA28F9E7F9C62A
:101A7000FA06F226EA26EA26F206F206FA07F9E75D
:101A8000F9E7F207F207F207F207F207F207F207A7
:101A9000F207F9E7F9E7F9E7F9E7F9E7F9E7F9E72D
:101AA000F9E7F9E7F9E7F9E7F9E7F9E7F9E7F9E736
:101AB000F9E7F9E7F9E7F9E7F9E7F9E6F206F206F7
:101AC000F206F206F206F206F206F206FA06FA0646
:101AD000FA06FA06F9E6F9E6F9E6F206F226EA2649
:101AE000EA45EA45EA45EA45EA45E246E246E24792
:101AF000C144B924C145C125C12680622000080027
:101B00000000004000A25CD2971B871B875C7F7C93
:101B10000800000000000020100058A0CAA9EA2810
:101B2000F9E7F9C6FA06F226EA26EA26F206FA06E6
:101B3000F9E7F9E7F9E7F9E7F9E7F9E7F9E7F9E7A5
:101B4000F9E7F9E7F9E7F9E7F9E7F9E7F9E7F9E795
:101B5000F9E7F9E7F9E7F9E7F9E7F9E7F9E7F9E785
:101B6000F9E7F9E7F9E7F9E7F9E7F9E7F9E7F9E775
:101B7000F9E7F9E6F9E6F9E6F9E7F9E7F9E7F9E768
:101B8000F9E7F9E7F9E7F9E7F9E7F9E7F9E7F9E656
:101B9000F226EA46EA46EA46EA46EA46EA46EA46DD
:101BA000E226E247C144B924C145B945B94680623D
:101BB000200008000000004000A25CD2971B871B99
:101BC000875C7F7C0800000000000020100058A007
:101BD000CAA9EA28F9E7F9C6FA06F226EA26EA26A9
:101BE000F206FA06F9E7F9E7F9E7F9E7F9E7F9E7BD
:101BF000F9E7F9E7F9E7F9E7F9E7F9E7F9E7F9E7E5
:101C0000F9E7F9E7F206F226F226F226F226F226A4
:101C1000F226F226F226F226F226F226F226F22604
:101C2000F226F206F9E7F9E7F9E7F9E7F9E7F9E764
:101C3000F9E7F9E7F9E6F9E6F9E6F9E6F9E6F9E6AA
:101C4000F9E6F9E6F206EA26EA26F226F226F22676
:101C5000F226F227EA07EA28C144B924C145B9456A
:101C6000B1667882180008000000004000A25CD233
:101C7000971B871B875C7F7C08000000000000200A
:101C8000100058A0CAA9EA28F9E7F9C6FA06F22610
:101C9000EA26EA26F206FA06F9E7F9E7F9E7F9E7AC
:101CA000F9E7F9E7F9E7F9E7F9E7F9E7F9E7F9E734
:101CB000FA07FA07F207F206F226EA26EA26EA26E9
:101CC000EA26EA26EA26EA26EA26EA26EA26EA2694
:101CD000EA26EA26EA26F226F206F9E6F9E7F9E626
:101CE000F9E6F9E6F9E6F9E6F9E6FA06FA06FA0699
:101CF000FA06FA06FA06FA06F206F206F206F20604
:101D0000FA06FA07FA07F207F1E7F228C924B9241C
:101D1000B965B165B16670A2180008000000004006
:101D200000A25CD2971B871B875C7F7C08000000A9
:101D300000000020100058A0CAA9EA28F9E7F9C657
:101D4000FA06F226EA26EA26F206F206F226F2263B
:101D5000F226F226F226F226F206F226F206F22603
:101D6000F226EA26EA26EA26EA26EA26F226F205FC
:101D7000F205F205F205F205F205F205F205F205AB
:101D8000F205F205F205F205F205F206F206F22678
:101D9000F226F226F226F226F226F226F226F22683
:101DA000EA26EA26EA26EA26EA26F226FA06F9E7EB
:101DB000F9E7F9E7F9C7F9C7F9C7F9E7F1E7F20871
:101DC000C924B924B965B185A98670A21800080094
:101DD0000000004000A25CD2971B871B875C7F7CC1
:101DE0000800080000000820100058A0D2A9EA2826
:101DF000F9E7F9C6F9E6F206EA26F226F206F20655
:101E0000F226EA26EA26F226F226F226F226F22622
:101E1000F226EA26EA26EA26EA26EA46EA46EA26FA
:101E2000F226F205F206F205F206F205F206F205D6
:101E3000F206F205F206F205F206F205F206F206E5
:101E4000F226F226F226F226F226F226F226EA26DA
:101E5000EA26EA26EA25EA25EA25EA25EA45F226DF
:101E6000F9E7F9E7F9C7F9C7F9C7F9C7F9C7F9C732
:101E7000F9E7F208C924B924B965A985A98570C212
:101E8000180008000000004000A25CD2971B871BCE
:101E9000875C7F7C0801080000000800180058A03B
:101EA000D288EA27F9C6F9C6F9E6FA06F206F2067A
:101EB000F9E7F9E6FA06F206F206F206F206F2068B
:101EC000F206F206F206F206F226F226F225F225D4
:101ED000F225F226EA26EA26EA26EA26EA26EA2673
:101EE000EA26EA26EA26EA26EA26EA26EA26EA2672
:101EF000EA26F226F205FA05FA05FA05FA05F205D0
:101F0000F205F205F205F205F205F205F206F20617
:101F1000F206F206F9E7F9E7F9E7F9E7F9E7F9E791
:101F2000F9E7F9E7F1E7F227C144B924B985B185AA
:101F3000A98570A2180008000000004000E3653386
:101F4000973C871B875C7F7C080108000000082005
:101F5000180058A0D288EA27F9C6F9C6F9E5FA05AB
:101F6000F206F206F9E7F9E7F9E6FA06F206F206F2
:101F7000F206F206F206F206F206F206F206F206A1
:101F8000F205F205F205F226F226F226F226F226F4
:101F9000F226F226F226F226F226F226F226F22681
:101FA000F226F226F226F206FA06FA05FA05FA05F4
:101FB000FA05FA05FA05FA05FA06F206F206F2063D
:101FC000F206F206F206F206F207F207F207F2064E
:101FD000FA06FA06FA06F206EA06EA27C143B94308
:101FE000B984B185A98570A21800080000000040DE
:101FF00000E36513973C871B875C7F7C0801000129
:1020000000000020100058A0CAA8EA27F9E6F9C687
:10201000F9E5F205F226F206F9E7F9E7F207F2062A
:10202000F206F206F206F206F206F226F226F22690
:10203000F226F226F226F226F226F206F9E6F9E672
:10204000F9E6F9E6F9E6F9E6F9E6F9E6F9E6F9E698
:10205000F9E6F9E6F9E6F9E6F9E6F9E6FA06F2064E
:10206000F206F206F206F206F206F226F206F20690
:10207000F206F226F206F226F206F226EA26EA2610
:10208000EA26F226F226F226F206F206EA06EA2707
:10209000C943B923B965B165B16578A218000000DC
:1020A0000000004000C26513973B871B875C7F7C64
:1020B0000001000100200040080050C0CAA9E2470A
:1020C000F9E6F9E5FA05F225EA26F226F206FA061D
:1020D000F207EA27EA27EA27F226F226F226F22674
:1020E000F226F226EA26EA26EA26EA26EA26F20678
:1020F000F9E6F9C6F9C6F9C6F9C6F9C6F9C6F9C6C8
:10210000F9C6F9C6F9C6F9C6F9C6F9C6F9C6F9E6B7
:10211000F206F226F226F226F226F226F226F2261F
:10212000F226EA26F226EA26F226F226F226EA2607
:10213000EA46E246EA46EA46EA25F226F226F22690
:10214000EA06EA27C923C123C165B945B965788282
:10215000180000000000004000C264F2973B871B9B
:10216000875C7F7C0002002100200040080050C0F6
:10217000CAC9E247FA06F9E5FA05F225EA25EA2690
:10218000F206F206F226EA27EA27EA27EA27EA27F2
:10219000EA27EA27EA27EA27F227F226F227F22699
:1021A000F227F226F206FA05FA05FA05FA05FA050B
:1021B000FA05FA05FA05FA05FA05FA05FA05FA0527
:1021C000FA05F206F226EA27EA27EA27EA27EA26AC
:1021D000EA27EA27EA27EA27EA27EA27EA27EA2777
:1021E000EA27EA26E266E265E265E245EA45EA2593
:1021F000F225F226EA06F227C923C104C145B945F2
:10220000B9457882180000000000004000C25CF26E
:10221000971B873B875C7F7C0002002200200040E8
:10222000080050C1CAC9E247F9E6F9E5FA05F22506
:10223000EA45EA25F206F206F226EA26F226F22618
:10224000F226F226F226F226F226F226F206F2060E
:10225000F206F206F207F226F226F225F225F22520
:10226000F225F225F225F225F225F225F225F225B6
:10227000F225F225F225F226EA26EA27EA27EA27BE
:10228000EA27EA26EA27F226F226F226F226F226A4
:10229000F226F226F226EA26E245E265E245EA4522
:1022A000EA45EA25F225F226EA06F227C924C10406
:1022B000C145C145B94680822000000000000040B1
:1022C00000A25CD2971B873B875C7F7C00020022C8
:1022D00000210040080050C1CAA9EA27F9E6F9C662
:1022E000FA05F225EA25EA25F206F206F206F205DB
:1022F000F206F206F206F206F206F206F206F2061E
:10230000FA06FA06FA06FA06FA06F206EA26EA4596
:10231000EA45EA45EA45EA45EA45EA45EA45EA4545
:10232000EA45EA45EA45EA45EA45EA26F226F22682
:10233000F207F206F206F206F206F206F206F206DC
:10234000F206F206F206F206F206F225EA45EA4540
:10235000EA45F225F225F205F205F206F206F22729
:10236000C924C104C145B945B946788218000000A6
:102370000000004000A25CD2971B873B875C7F7CFB
:102380000003000200010020100058A1D289EA28B1
:10239000F9C7F9C6F9E5F205F225F226F206FA06C2
:1023A000FA05FA05FA05FA05FA05FA05FA05FA0535
:1023B000FA05FA06FA06F9E6F9E6F9E6F9E6F206AA
:1023C000F226EA26EA26EA26EA26EA26EA26EA2685
:1023D000EA26EA26EA26EA26EA26EA26EA26EA267D
:1023E000F226F206F206F206F206F206F206F2060D
:1023F000F206F206F206FA05FA05FA05FA05FA05FA
:10240000F205F225F205FA05FA05FA05FA05FA06CB
:10241000F1E6F207C924C104C145B945B94678823D
:10242000180000000000004000A25CD2971B873B10
:10243000875C7F7C000200020001082018005881A0
:10244000D289F208F9A6F9A6F9E5FA06F226F226EB
:10245000F206F9E6FA05FA05FA05FA05FA05FA05AB
:10246000FA05FA05FA26FA06F9E6F9C5F1C5F1C545
:10247000F9E6F9E6F1E6F1E6F1E6F207FA07FA071E
:10248000FA27FA27F1E6F1E6F1E6F1E6F1E6F1E600
:10249000F1E6F1E6F1E6EA06F206F226F226FA277E
:1024A000FA47FA47FA06FA06FA06FA05FA05FA05AD
:1024B000FA05FA05F1A4F9C5FA26FA47FA27FA0649
:1024C000F9C5F9C5FA07FA48D144C124B945B1455F
:1024D000B16678C3180008000000004000A25CD27A
:1024E000971B873B875C7F7C080200020000080086
:1024F00018006081DA69F1E8F9C7F9A6F9A5F1A534
:10250000E9E5EA06F227FA47F1C4F1C4F1C4F1E4BF
:10251000FA05FA25FA26FA26F205F206F206F2265E
:10252000FA47FA47F247FA48F207EA08EA08EA08DF
:10253000EA08E9E7E9E8E9E7F208F208F208F20850
:10254000F208F208F208EA08EA47EA47EA27E20650
:10255000E206E1E6E1C5E1C5EA06EA06F226F22670
:10256000F226F226FA46FA26FA27F9E6F985E94430
:10257000E923F164F9C6FA27E985E9C6C103B9047C
:10258000B965B166B18678C3180008000000004044
:1025900000A25CD2971B873B875C7F7C0802080106
:1025A0000000080018006061DA69F9E8F987F9A607
:1025B000F9E6FA27F267EA47EA27EA07FA47F24616
:1025C000F246F226EA06E205E1E5D9E5E226E2274F
:1025D000E247E267E268E247DA27D227DA69DA8A75
:1025E000D26AD249D249CA28CA28CA28CA28CA28BF
:1025F000CA28CA28CA28CA28CA28CA28D248D248FB
:10260000DA68DA88E2A9E2A9EAC9EAC9E267E26718
:10261000E247E246E246E226E226E206E1A6F1E7EA
:10262000FA49FA89FA69FA28F9E7F1C6F1E7EA27DF
:10263000C144C145C186B986A986708218000800C8
:102640000000004000A25CD2971B873B875C7F7C28
:10265000080108010000080018006061DA69F1E86B
:10266000F986F9A6F9E7F247EA68E268E228E22784
:10267000DA27DA46E247E267E288E2A8DAA8DAC9AE
:10268000D2A9D2A9CAA8C288BA47B206A9C6A1A629
:1026900078E370E370C370A268A268826882688180
:1026A000604160416041604160416041604168411A
:1026B0007061788180A288E391239964A185A9A59E
:1026C000C247C247C267CA88CAA8D2A8DAC8DAC94C
:1026D000E269EA49EA28E207E1C6E1C6E9E7EA0772
:1026E000EA28EA48C145B945B986B986A966708223
:1026F000180008000000004000A25CD2971B873B36
:10270000875C7F7C000100010000082018005880D1
:10271000D289F208F9E8F9C7E9C6D9E6D226D26823
:10272000DA89E2CAD2CACAC9C288BA47AA0699C512
:10273000918489846040582048004000380030006F
:1027400028002800180018001800180018001800A9
:1027500018001800180018001800180018001800B9
:102760001800180020002800280030003000300039
:102770003000380050205040608068E2794381A4E6
:1027800091E599E6C289CA89CA89CA89D248D248DC
:10279000DA48E268DA07DA28B924B104B965B9661B
:1027A000B98678A3180008000000004000A25CD29F
:1027B000971B873B875C7F7C000000000020002087
:1027C000100058A0D2A9EA28F1C7F9E7EA48E2A91F
:1027D000D2C9CAA9C248BA289A0791C6816568E2D7
:1027E0005040400028002800280020001800180051
:1027F0001000100010001000000000000000000099
:102800000000000000000000082008200820082028
:1028100008200820082008201000100010001000D8
:1028200010001000180018001800180018002000F0
:1028300020002800300038005080710291E6AA88FC
:10284000C2C9CAC9CA89D268D269E289C1A6B965B2
:10285000B966B945B96580831800080000000040DA
:1028600000A25CD2971B873B875C7F7C0000002026
:1028700000200040100050C0CAA9E248E9C6E9E7BC
:10288000E247CA67B226918480C2686130002000A6
:102890002000200020001800180010000800000090
:1028A0000000000000000020004100410000000086
:1028B0000000000000000000000000000000000018
:1028C0000000000000000000000000000001000106
:1028D0000001000100010000000000000841084163
:1028E0001020102010001000080010001800180020
:1028F00020002800480068A09163A9E6B9E6D268E4
:10290000C1C6C1A6C186B925B925808220000800AC
:102910000000004000A25CD2971B873B875C7F7C55
:102920000000002000200040080048C1BAEACA891F
:10293000E2CACA289944686040003000300028008C
:10294000180010001000100008000800000000002F
:102950000020004100610061006100610041004110
:102960000041004100210021002100200020002022
:102970000020002000200020002000200020002156
:10298000004200420042004200420021002100219A
:1029900000210020000000000000000000000000F6
:1029A000080010001000180020002800380048001F
:1029B000686089249104A165A986A966B18780E42D
:1029C000180008000000004000A25CD2971B8F3B5B
:1029D000875C7F7C0820080000000800182049441C
:1029E00071E78208484138002800180010000800EC
:1029F000080008000800080010010801000000009D
:102A00000001002100200020004000400040006143
:102A10000061006100C200E301040145098609C7A5
:102A200012071228120712281A281A281A28120721
:102A300011C709C60124010400E300C3008200613C
:102A4000004100410041002100210001000100017E
:102A5000000100010000080008000800080008004C
:102A600010001800180020002800380060A389C753
:102A700091A77125180008000000004100416CD2A8
:102A8000AF9D7E99875C875C000008000800080005
:102A900010001800286128611000080008000820B4
:102AA0000040006000400020000100010001000122
:102AB0000001002100210062006200C309651A289C
:102AC000330B4BCE5C5064B16D546D74757575B538
:102AD0007DD67DF686178637861786378E388E37F1
:102AE000863886177DF77DD686177DF67595651332
:102AF00054714BEF3B6D3B2C01660945010500E429
:102B000000A300620021000100010001000100217A
:102B10000021002000000000000000001020202004
:102B200030203841402138212000080000000041B9
:102B300000416492AF5D8EFB873C875C00000840DB
:102B400010611020080008001000080010000000AC
:102B50000000000000200040006000A100410021B2
:102B600000C311862A6A4B6D647174F39E389658BF
:102B70009E799EB99EDAA71BA73BA75B96FA971A88
:102B8000971B971B9F3B9F3B9F3B9F5B9F3B9F5B85
:102B90009F5C9F5C9F5C9F3B971B971A971B971BA3
:102BA000971B9F1B9F1B9F1BA6FBA6FBB75CAEFB47
:102BB0009E597D555C313B0C19E80966092500C317
:102BC000004100410041006100810081008100401E
:102BD000000008000800100018002800100008007D
:102BE0000000006100415C519EFB8F1B873C875CAD
:102BF00000000000000000000000000000000000D5
:102C000000000000006100A200C200A1006000609E
:102C10003B4D4BCF64B27D758E389EBAA71BAF5C1F
:102C2000A73B9F3B9F1B971A96FA8EDA8ED986D9BF
:102C30008F1B8F1B8F1B8F1B8F1B8F1B8F1B8F1B44
:102C40008F1A871A8F1B8F1B8F1B871A86FA86FA9B
:102C500086FA871A8F1A8F1B8F1B971B971B971B40
:102C600096DA96FB9F1BA73CA73CA71C9EDB9EBA4F
:102C700064B353EF2ACA09E70144010300810060ED
:102C800000A1004000400040088108000800080042
:102C9000080000000000004100825C9296FB86FB69
:102CA000873C875C002000200000002000200000FE
:102CB0000000000000200020004100610185334C2D
:102CC0006D338E788EBA96FB9F5C9F7C9F5C973BA2
:102CD0008F1A86FA8F3B8F3B8F5B8F5C977C979C1C
:102CE000979C97BD877C877C877C877C877C877C4B
:102CF000877C877C875B875B875C875C875B875B80
:102D0000875B873B8F7C877C875C875B873B871BE8
:102D1000871B871B8F3B8F3B8F3B8F1B8F1B86FA3D
:102D200086BA86B9AF9DA75C9F3C9F1B8ED97E3724
:102D30005D334470232B01E500A1006000400020BA
:102D4000002000610000088200200020008164F360
:102D50009F3C8F1B873C875D006100400041006104
:102D60000041002000210021004101043B2C6D1393
:102D700096799F3BA77C9F9D86FA7F1B873B7F3B75
:102D80007F3B875B877C8F9C875C875B875B7F3B18
:102D90007F3B7F3A771A771A773B773B773B7F3BCE
:102DA0007F5B7F5B7F5C7F5C773B773B773B773BF1
:102DB000773B773B773B773B773B7F3B7F5B7F7C0A
:102DC000879C8F9D8FBD8FBD7F3B7F3B7F3B7F3C33
:102DD000875C875C877C8F7C76797E9986FA977C86
:102DE0009FBD9FBD977B871A86B96DB53C2F128812
:102DF000010300600060008100200081002000418C
:102E000000E36534971B871B875C875D00410041A9
:102E100000410041004100410145226974F485B63A
:102E200096BAA73C9F5C8F1B7EDA76D9877C7F9C05
:102E30007F7C775B773B773B7F7C7F9C7F7C7F7C55
:102E40007F7C7F9C7F9C879D87BD87BD7F7C7F7CAF
:102E50007F7C7F7C7F7C7F7C7F7C7F7C7F7C7F7C9A
:102E60007F7C7F7C7F7C7F7C7F7C7F7C879D7F9D40
:102E70007F7C7F5C773B771B6F1B6EFA7F9D7F9D0E
:102E80007F7C7F7C775C775C775C7F3C8FBE8F9D9F
:102E9000875C7F1B771A7F1A7F3A873B7EF98F5BAF
:102EA0009F9C8ED96574338D018500610040004080
:102EB000004109A62B0C7DF786DA871B875C875DAE
:102EC00001240124010400E300E40A085C519E9AF5
:102ED0009EDB9F1C9F3C973C871B873B8F9C8FFEF4
:102EE000775B777C7FBD7FBD7F9D777C777C775CD0
:102EF0007F9D7F9D7F7C7F7C775C773C773B773BBA
:102F00007F7C7F7C7F7C7F7C7F7C7F7C7F7C7F5C09
:102F10007F7C7F7C7F5C7F5C7F5C7F7C7F7C7F7C39
:102F20007F5C7F5C7F5C7F5C7F7C7F7C7F7C7F7C49
:102F3000775C775C777C7F9C7F9D779C779C7F7CA0
:102F4000773C7F5C7F7C7F7C7F7C7F5B7F5C877C4A
:102F50007F3B873B871B8F1A971B86B95D132B4CD2
:102F600000810061012454507DD79F5C86FB873C23
:102F7000875D875D8617861885F775956D346D7545
:102F800086599F1B971B971B8F3C875C875C875CD0
:102F90007F7C7F7C777D779D779D779D777D777D23
:102FA000777D777D7F7D7F7D7F7D7F7D7F7D7F7D51
:102FB0007F7D7F5D7F5D7F5D7F5D7F5D7F5D7F5D11
:102FC0007F5D7F5D7F5D7F5D7F5D7F5D7F5D7F5D21
:102FD0007F5D7F5D7F5D7F5D7F5D7F5D7F5D7F5D11
:102FE0007F7D7F7D7F7D7F7D7F7D777D777D777D19
:102FF000777D7F7C7F7C7F7C7F7C7F7C7F7C7F7C00
:103000007F7C7F7C875C875C875B8F3B8F3B8F3BC4
:10301000971B9F1B5450540F6D3496B996FB8EFB33
:103020008F5D8F5D875D7F5D96BA9EDB9EDB8EBA7E
:1030300086598E9996FBA77D8F3C8F3C8F3C875C91
:10304000875C7F7C7F7C777C777D777D777D777DE4
:10305000777D777D777D777D7F7D7F7D7F7D7F7DB0
:103060007F5D7F5D7F5D7F5D875D875D875D875D60
:10307000875D875D875D875D875D875D875D875D30
:10308000875D875D875D875D875D875D875D875D20
:103090007F5D7F5D7F5D7F7D7F7D7F7D7F7D7F7DB0
:1030A000777D777D777D7F7D7F7C7F7C7F7C7F7C5C
:1030B0007F7C7F7C7F7C7F5C875C875C875C8F3CD0
:1030C0008F3C8F3C8F3C971B96998E1796B9AF7D9E
:1030D0009F5C8F1B871C7F1C875D7F5D000000004D
:0C30E000000000000102030406070809BC
:0830EC001CD1FE7F0100000071
:0430F400AD01000822
:0430F8008901000842
:1030FC0000010203FFFFC8000024F40010000000D0
:04310C0001000000BE
:0400000508001E7D54
:00000001FF
