:020000040800F2
:100000000000022069360008913300089733000889
:100010009D330008A3330008A93300080000000046
:10002000000000000000000000000000AF330008E6
:10003000BD33000800000000CB330008D9330008AE
:10004000B9360008B9360008B9360008B9360008D4
:10005000B9360008B9360008B9360008B9360008C4
:10006000B9360008B9360008B9360008B9360008B4
:10007000B9360008B9360008B9360008B9360008A4
:10008000B9360008B9360008B9360008B936000894
:10009000B9360008B9360008B9360008B936000884
:1000A000B9360008B9360008B9360008B936000874
:1000B000E5330008B9360008F9330008B9360008FE
:1000C000B9360008B9360008B9360008B936000854
:1000D000B9360008B9360008B9360008B936000844
:1000E000B9360008B9360008B9360008B936000834
:1000F000B9360008B9360008B9360008B936000824
:10010000B9360008B9360008B9360008B936000813
:10011000B9360008B9360008B9360008B936000803
:10012000B9360008B9360008B9360008B9360008F3
:10013000B9360008B9360008B9360008B9360008E3
:10014000B9360008B9360008B9360008B9360008D3
:10015000B9360008B9360008B9360008B9360008C3
:10016000B9360008B9360008B9360008B9360008B3
:10017000B9360008B9360008B9360008000000009A
:08018000B9360008B936000889
:1001880010B5054C237833B9044B13B10448AFF3C9
:1001980000800123237010BD14000020000000001F
:1001A800306F000808B5034B1BB103490348AFF390
:1001B800008008BD0000000018000020306F000813
:1001C800034613F8012B002AFBD1181A013870478F
:1001D80053B94AB9002908BF00281CBF4FF0FF31A6
:1001E8004FF0FF3000F070B9ADF1080C6DE904CEA6
:1001F80000F006F8DDF804E0DDE9022304B07047FA
:100208002DE9F047089E0D4604460F46002B4AD1BB
:100218008A42944665D9B2FA82F343B102FA03FCE2
:10022800C3F120029F4020FA02F217439C404FEA94
:100238001C4E1FFA8CF5B7FBFEF1220C0EFB117752
:1002480042EA074201FB05F090420AD91CEB020280
:1002580001F1FF3780F01C81904240F21981023988
:100268006244121AA4B2B2FBFEF00EFB102244EA5A
:10027800024400FB05F5A5420AD91CEB040400F171
:10028800FF3280F00781A54240F2048164440238BD
:1002980040EA0140641B00211EB1DC400023C6E98E
:1002A8000043BDE8F0878B4208D9002E00F0ED80AE
:1002B8000021C6E900050846BDE8F087B3FA83F1D6
:1002C800002949D1AB4202D3824200F2F880841A55
:1002D80065EB030201201746002EE2D0C6E900476D
:1002E800DFE702B9FFDEB2FA82F3002B40F090801C
:1002F8008A1A4FEA1C471FFA8CFE0121B2FBF7F558
:1003080007FB1520220C42EA00420EFB05F0904242
:1003180008D91CEB020205F1FF3802D2904200F224
:10032800CB804546121AA4B2B2FBF7F007FB1022A5
:1003380044EA02440EFB00FEA64508D91CEB04045F
:1003480000F1FF3202D2A64500F2BB801046A4EBB2
:100358000E0440EA05409FE7C1F120078B4022FACE
:1003680007FC4CEA030C05FA01F420FA07F3FD40F8
:100378004FEA1C492343B5FBF9F81FFA8CFE09FB29
:1003880018551C0C44EA054408FB0EF5A54202FA70
:1003980001F200FA01F00BD91CEB040408F1FF3A52
:1003A80080F08880A54240F28580A8F10208644464
:1003B800641B9DB2B4FBF9F309FB134445EA0444FA
:1003C80003FB0EFEA64508D91CEB040403F1FF3518
:1003D8006CD2A6456AD9023B644443EA0843A3FBAE
:1003E8000295A4EB0E04AC42C846AE4656D353D091
:1003F80056B1B0EB080264EB0E0404FA07F7CA40E2
:10040800CC401743C6E9007418460021BDE8F087C0
:10041800C3F1200102FA03FC20FA01F225FA01F1E6
:100428009D402A434FEA1C471FFA8CFEB1FBF7F0A8
:1004380007FB1015110C41EA054100FB0EF58D4232
:1004480004FA03F408D91CEB010100F1FF382FD29C
:100458008D422DD902386144491B92B2B1FBF7F5A0
:1004680007FB151142EA014205FB0EF1914208D93A
:100478001CEB020205F1FF3816D2914214D9023D55
:100488006244521A45EA004138E73146304608E7E7
:100498003946E6E61046FBE64845A9D2B9EB02081C
:1004A80065EB0C0E013BA3E74546EAE72B4694E7CC
:1004B8004046D1E7D0467BE7023D624432E7084632
:1004C8000AE76444023842E7704700BF80B584B049
:1004D80000AF002208212F4803F030FC0122082138
:1004E8002C4803F02BFC0A2302222B492B4805F049
:1004F80076FB0023FB604FF400437B8100237B6085
:100508003FE07B68002B06DB7B68032B03DC7B6802
:100518000433FB6018E07B68032B07DD7B68072B3F
:1005280004DC7B68C3F10703FB600DE07B68072BE5
:1005380006DD7B680B2B03DC7B680433FB6003E080
:100548007B68C3F11703FB60134B1A887B89134040
:100558009BB2002B05D0124AFB68002122F8131029
:1005680009E00F4AFB6832F81330013399B20C4A9C
:10057800FB6822F813107B895B087B817B68013359
:100588007B607B680F2BBCDD00BF00BF1037BD460A
:1005980080BD00BF000C0240500000206401002014
:1005A8003000002080B500AF1E2003F035F8034668
:1005B8001A461C4B1A70162003F02EF803461A46EA
:1005C800184B5A70152003F027F803461A46154BA6
:1005D8009A70062003F020F803461A46114BDA7089
:1005E8000F2003F019F803461A460E4B1A7109201A
:1005F80003F012F803461A460A4B5A71172003F003
:100608000BF803461A46074B9A7132230322D0216E
:10061800054804F011F80346002B00D0FEE700BFA0
:1006280080BD00BF54000020B800002080B588B00D
:1006380004AF03460A46FB711346BB71BB791846E3
:1006480002F0EAFF0346FB73FB799AB20A2302938E
:100658000123019307F10F0300930123D0210348DD
:1006680003F0CAFC00BF1037BD4680BDB8000020AB
:1006780080B584B004AF0A23029307230193254B66
:10068800009301230022D021234803F0AFFD214B22
:100698001B78184602F0A6FF03461A461F4B1A702D
:1006A8001C4B5B78184602F09DFF03461A461C4B0C
:1006B8001A70184B9B78184602F094FF03461A46A6
:1006C800184B1A70134BDB78184602F08BFF034661
:1006D8001A46154B1A700F4B1B79184602F082FF09
:1006E80003461A46114B1A700A4B5B79184602F0FA
:1006F80079FF03461A460E4B1A70064B9B7918462B
:1007080002F070FF03461A460A4B1A7000BFBD4636
:1007180080BD00BF54000020B80000205D0000200C
:100728005C0000205B0000205F0000205E000020CD
:10073800600000206100002080B58EB000AF07F196
:100748001C0300221A605A609A60DA601A615A61C2
:100758009A613B4600221A605A609A60DA601A6110
:100768005A619A612F4B4FF020421A602D4B2E4A46
:100778005A602C4B00229A602A4B0022DA60294BDF
:1007880000221A61274B10225A61264B00229A61D7
:10079800244B0022DA61234B00221A62214B0022EB
:1007A8005A62204B4FF480529A621E4B0022DA6242
:1007B8001C4B4FF480421A631A4B00225A63194BA0
:1007C80000229A63174B00225A640F23FB610F2300
:1007D8003B623C237B620023BB621023FB62112334
:1007E8003B6300237B6308233B600F237B60092363
:1007F800BB600023FB6010233B6111237B61002356
:10080800BB613A4607F11C031946064805F0CAFDC4
:100818000346002B01D002F099FC00BF3837BD46D3
:1008280080BD00BF64000020040100A080B586B030
:1008380000AF3B1D00221A605A609A60DA601A61A4
:100848001C4B1B68002B31D11A4B01221A60002364
:100858003B60194B9B6B184A43F001039363164B9B
:100868009B6B03F001033B603B684FF688737B602A
:100878000223BB600023FB6003233B610C237B61E5
:100888003B1D19460D4803F0BDF84CF2B3737B606D
:100898000223BB600023FB6003233B610C237B61C5
:1008A8003B1D1946064803F0ADF800E000BF1837B5
:1008B800BD4680BDB4000020003802400010024050
:1008C800000C024080B582B000AF7860FFF7AEFF41
:1008D80000BF0837BD4680BD80B58CB000AF07F1BA
:1008E8001C0300221A605A609A60DA601A610023B9
:1008F800BB616F4B1B6B6E4A43F0100313636C4B69
:100908001B6B03F01003BB61BB6900237B61684B61
:100918001B6B674A43F004031363654B1B6B03F0BF
:1009280004037B617B6900233B61614B1B6B604A5D
:1009380043F0800313635E4B1B6B03F080033B6142
:100948003B690023FB605A4B1B6B594A43F0010378
:100958001363574B1B6B03F00103FB60FB68002319
:10096800BB60534B1B6B524A43F008031363504B55
:100978001B6B03F00803BB60BB6800237B604C4B18
:100988001B6B4B4A43F040031363494B1B6B03F04B
:1009980040037B607B6800233B60454B1B6B444AEC
:1009A80043F002031363424B1B6B03F002033B60EB
:1009B8003B68002270213F4803F0C0F900224FF441
:1009C80000513D4803F0BAF9002240213B4803F0AA
:1009D800B5F900224FF48071394803F0AFF90022CD
:1009E8000821384803F0AAF97023FB6101233B6210
:1009F80000237B620023BB6207F11C0319462D48C4
:100A080003F000F84FF40053FB6101233B6200231D
:100A18007B620023BB6207F11C031946264802F0DB
:100A2800F1FFC023FB6100233B6200237B6207F1D7
:100A38001C031946224802F0E5FF3023FB6100231E
:100A48003B6200237B6207F11C0319461A4802F037
:100A5800D9FF4023FB6101233B6200237B62002313
:100A6800BB6207F11C031946144802F0CBFF4FF490
:100A78008073FB6101233B6200237B620023BB621E
:100A880007F11C0319460E4802F0BCFF0823FB615E
:100A980001233B6200237B620023BB6207F11C0336
:100AA8001946084802F0AEFF00BF3037BD4680BD8A
:100AB80000380240001002400008024000180240BE
:100AC80000000240000C024080B500AF124B134AF0
:100AD8001A60114B124A5A600F4B00229A600E4B53
:100AE8000022DA600C4B4FF480421A610A4B002254
:100AF8005A61094B00229A61074B0022DA61064BC2
:100B080000221A62044803F033F90346002B01D08F
:100B180002F01CFB00BF80BDB8000020005400405C
:100B2800A086010080B58AB000AF786007F1140391
:100B380000221A605A609A60DA601A617B681B6842
:100B4800194A93422BD100233B61184B1B6B174A60
:100B580043F002031363154B1B6B03F002033B6165
:100B68003B69C0237B611223BB610023FB61032324
:100B78003B6204237B6207F1140319460C4802F018
:100B880041FF0023FB60094B1B6C084A43F4001328
:100B98001364064B1B6C03F40013FB60FB6800BF77
:100BA8002837BD4680BD00BF0054004000380240D1
:100BB8000004024080B483B000AF0346FB80044ABF
:100BC800FB88138000BF0C37BD465DF8047B704777
:100BD800FEFF0F6080B483B000AF0346FB80044A79
:100BE800FB88538000BF0C37BD465DF8047B704717
:100BF800FEFF0F6080B483B000AF064B5B889BB2EA
:100C0800FB80FB889BB218460C37BD465DF8047B19
:100C1800704700BFFEFF0F6090B583B000AF044679
:100C2800084611461A462346FB800346BB800B46FE
:100C38007B8013463B802A20FFF7BCFFFB881B0AFA
:100C48009BB21846FFF7C6FFFB88DBB29BB218467B
:100C5800FFF7C0FF7B881B0A9BB21846FFF7BAFF55
:100C68007B88DBB29BB21846FFF7B4FF2B20FFF757
:100C7800A1FFBB881B0A9BB21846FFF7ABFFBB88D6
:100C8800DBB29BB21846FFF7A5FF3B881B0A9BB255
:100C98001846FFF79FFF3B88DBB29BB21846FFF769
:100CA80099FF2C20FFF786FF00BF0C37BD4690BD8B
:100CB80080B584B000AF0346FB80154B1B88013B11
:100CC8009AB2134B5B88013B9BB200210020FFF7CF
:100CD800A3FF0023FB8111E00023BB8106E0FB8812
:100CE8001846FFF777FFBB890133BB81084B5B8848
:100CF800BA899A42F3D3FB890133FB81044B1B88E1
:100D0800FA899A42E8D300BF00BF1037BD4680BDBC
:100D18000C01002080B582B000AF0346FB800B4673
:100D2800BB8013467B80BB88FA88B988F888FFF7B0
:100D380073FF7B881846FFF74DFF00BF0837BD4695
:100D480080BD000090B587B000AF04460846114644
:100D58001A462346FB800346BB800B46FB701346AE
:100D68003B8000237B75FB883B8297F82C305B081F
:100D7800FB73FB7BDB08DBB21A46FB7B03F0070344
:100D8800DBB2002B14BF01230023DBB213449AB259
:100D980097F82C309BB212FB03F3BB81FB78203B06
:100DA800FB70FB7B9AB2FB8813449BB2013B9CB25D
:100DB80097F82C309AB2BB8813449BB2013B9BB284
:100DC800B988F8882246FFF727FF00237B827AE05C
:100DD80097F82C300C2B28D097F82C30102B08D1F2
:100DE800FA787B8A3C4912010A4413441B78FB7544
:100DF8001BE097F82C30182B0BD1FA78798A3748F2
:100E080013465B0013441B0103440B441B78FB751A
:100E18000BE097F82C30202B5AD1FA787B8A30498E
:100E280092010A4413441B78FB750023BB7544E008
:100E380097F83030002B20D1FA7DBB7D42FA03F3BE
:100E480003F00103002B04D03B881846FFF7C2FECD
:100E580003E03B8D1846FFF7BDFE7B7D01337B75B4
:100E68007B7DFA7BB3FBF2F101FB02F29B1ADBB24A
:100E7800002B1FD100237B7522E0FA7DBB7D42FA4F
:100E880003F303F00103002B05D03A88B988FB88E7
:100E98001846FFF73FFFFB880133FB80FA883B8A3F
:100EA800D21AFB7B9A4205D13B8AFB80BB8801336F
:100EB800BB8005E0BB7D0133BB75BB7D072BB7D974
:100EC8007B8A01337B827A8ABB899A4280D300E08D
:100ED80000BF1C37BD4690BDF86F0008E8750008D4
:100EE800B887000880B485B000AF03460A46FB7196
:100EF8001346BB710123FB6004E0FA79FB6802FB2F
:100F080003F3FB60BB795A1EBA71002BF5D1FB685D
:100F180018461437BD465DF8047B704790B589B014
:100F280004AF0446084611461A462346FB8003468A
:100F3800BB800B467B8013467B700023BB7397F8FE
:100F480028305B087B730023FB7359E07C887A7830
:100F5800FB7BD31ADBB2013BDBB219460A20FFF751
:100F6800C1FF0346B4FBF3F12A4BA3FB0123DA08C4
:100F780013469B0013445B00CA1A13463B73BB7BA2
:100F8800002B21D1FA7B7B78013B9A421CDA3B7B10
:100F9800002B17D1FB7B9AB27B7B9BB212FB03F32E
:100FA8009AB2FB88134498B23A8CB988002302930A
:100FB80097F828300193BB8C009313462022FFF743
:100FC800C1FE1AE00123BB73FB7B9AB27B7B9BB209
:100FD80012FB03F39AB2FB88134498B23B7B30337D
:100FE800DAB23C8CB9880023029397F82830019331
:100FF800BB8C00932346FFF7A5FEFB7B0133FB73F5
:10100800FA7B7B789A42A1D300BF00BF1437BD4654
:1010180090BD00BFCDCCCCCC80B483B000AF03462C
:10102800FB71FB791B09DBB203F00303DBB2002B76
:1010380007D00A4B4FF4A0721A80084BF0225A804E
:1010480006E0064BF0221A80044B4FF4A0725A8037
:1010580000BF0C37BD465DF8047B70470C010020CB
:1010680080B500AF00224FF40051AA4802F066FE96
:101078004FF4FA7002F090FB01224FF40051A5489A
:1010880002F05CFE4FF4FA7002F086FB0020FFF7D6
:10109800C3FFD320FFF78EFDFFF7ACFD03461A46CA
:1010A8009D4B9A80FFF7A6FD03461A469A4B9A80F5
:1010B800FFF7A0FD03461A46974B9A80964B9B88EC
:1010C8001B029AB2944B9A80FFF794FD03461A4686
:1010D800914B9B8813439AB28F4B9A80CF20FFF78E
:1010E80069FD0020FFF776FDC120FFF773FD302072
:1010F800FFF770FDED20FFF75DFD6420FFF76AFD47
:101108000320FFF767FD1220FFF764FD8120FFF73A
:1011180061FDE820FFF74EFD8520FFF75BFD1020FD
:10112800FFF758FD7A20FFF755FDCB20FFF742FD6A
:101138003920FFF74FFD2C20FFF74CFD0020FFF76B
:1011480049FD3420FFF746FD0220FFF743FDF72055
:10115800FFF730FD2020FFF73DFDEA20FFF72AFDCD
:101168000020FFF737FD0020FFF734FDC020FFF710
:1011780021FD1B20FFF72EFDC120FFF71BFD0120DD
:10118800FFF728FDC520FFF715FD3020FFF722FDEA
:101198003020FFF71FFDC720FFF70CFDB720FFF732
:1011A80019FD3620FFF706FD0820FFF713FD3A204A
:1011B800FFF700FD5520FFF70DFDB120FFF7FAFC02
:1011C8000020FFF707FD1A20FFF704FDB620FFF700
:1011D800F1FC0A20FFF7FEFCA220FFF7FBFCF2203F
:1011E800FFF7E8FC0020FFF7F5FC2620FFF7E2FCFC
:1011F8000120FFF7EFFCE020FFF7DCFC0F20FFF7F2
:10120800E9FC2A20FFF7E6FC2820FFF7E3FC08208A
:10121800FFF7E0FC0E20FFF7DDFC0820FFF7DAFC03
:101228005420FFF7D7FCA920FFF7D4FC4320FFF791
:10123800D1FC0A20FFF7CEFC0F20FFF7CBFC0020E3
:10124800FFF7C8FC0020FFF7C5FC0020FFF7C2FC31
:101258000020FFF7BFFCE120FFF7ACFC0020FFF700
:10126800B9FC1520FFF7B6FC1720FFF7B3FC0720E1
:10127800FFF7B0FC1120FFF7ADFC0620FFF7AAFC32
:101288002B20FFF7A7FC5620FFF7A4FC3C20FFF714
:10129800A1FC0520FFF79EFC1020FFF79BFC0F2008
:1012A800FFF798FC3F20FFF795FC3F20FFF792FCE3
:1012B8000F20FFF78FFC2B20FFF77CFC0020FFF7A7
:1012C80089FC0020FFF786FC0120FFF783FC3F2004
:1012D800FFF780FC2A20FFF76DFC0020FFF77AFC5F
:1012E8000020FFF777FC0020FFF774FCEF20FFF7E2
:1012F80071FC1120FFF75EFC782002F04DFA2920DE
:10130800FFF758FC01224FF48071044802F016FDE3
:1013180000BF80BD000802400C0100200000024010
:1013280090B58BB004AFBA601A460346FB810B46F2
:10133800BB811346FB80FB89BB820023FB7548E019
:10134800FB7D002B45D1FA89264B1B88194697F857
:101358002C305B08DBB2CB1A9A423FDCBA89214BAE
:101368005B88194697F82C30CB1A9A4236DCBB6852
:101378001B78802B02D90123FB752AE0BB681B78F8
:101388000D2B0BD197F82C309AB2BB891344BB8133
:10139800BB8AFB81BB680133BB6017E0BB681A7866
:1013A800FC88B989F88997F83030029397F82C307F
:1013B80001933B8D00932346FFF7C4FC97F82C302C
:1013C8005B08DBB29AB2FB891344FB81BB6801332B
:1013D800BB60BB681B78002BB2D100E000BF1C3794
:1013E800BD4690BD0C01002080B58AB004AFBA603C
:1013F8001A460346FB810B46BB811346FB80B8683F
:10140800FEF7DEFE0346FB820F4B1B881A46FB8A5B
:10141800DB00D31ADA0F13445B10BB82FA89BB8A4C
:10142800134498B2FA88B98997F82830029397F844
:10143800243001933B8C00931346BA68FFF770FF82
:1014480000BF1837BD4680BD0C01002080B500AF35
:101458003F4B1B88DBB29AB23D4B1A803D4B1B8831
:101468001A463D4B9B5C1B021AB2394B1B881BB2B8
:1014780013431BB29AB2364B1A80364B1B88032B88
:1014880046D801A252F823F0A1140008BF1400089E
:10149800DD140008FB1400082D4B1B8843F0B00333
:1014A8009AB22B4B1A802A4B1B8823F040039AB21E
:1014B800274B1A802DE0264B1B8843F0D0039AB2A5
:1014C800234B1A80224B1B8823F020039AB2204B0F
:1014D8001A801EE01E4B1B8843F0E0039AB21C4B97
:1014E8001A801B4B1B8823F010039AB2184B1A80E2
:1014F8000FE0174B1B8843F070039AB2144B1A8005
:10150800134B1B8823F080039AB2114B1A8000E01A
:1015180000BF104B1B8801335A4203F0030302F04B
:10152800030258BF53429AB20A4B1A800022402144
:101538000A4802F003FC012302220549084804F086
:1015480012FA01224021054802F0F8FB00BF80BDD5
:1015580004000020120100200000002000180240B2
:101568006401002080B500AF02F0A4F800F024F870
:10157800FFF7B2F901F058FF01F060FEFFF7DCF861
:10158800FFF7A2FA01F09CFF00F080F80020FFF7B7
:101598008FFB00F099F800BF064B1B78002BFBD09F
:1015A800044B00221A70FEF791FF00F0ADF800F02E
:1015B80001FBF0E75801002080B594B000AF07F1B7
:1015C800200330220021184605F082FC07F10C03A5
:1015D80000221A605A609A60DA601A610023BB60C0
:1015E800284B1B6C274A43F080531364254B1B6C14
:1015F80003F08053BB60BB6800237B60224B1B68F1
:10160800214A43F4804313601F4B1B6803F4804353
:101618007B607B6802233B620123FB6210233B63F0
:101628000223BB630023FB6308233B64A8237B647A
:101638000223BB640423FB6407F12003184603F06C
:1016480085FC0346002B01D001F080FD0F23FB60D1
:1016580002233B6100237B614FF4A053BB614FF42D
:10166800A053FB6107F10C030521184603F0E6FEC1
:101678000346002B01D001F069FD00BF5037BD467D
:1016880080BD00BF003802400070004080B500AF48
:10169800002220210B4802F051FB0022402109487A
:1016A80002F04CFB00221021064802F047FBFFF72E
:1016B800D7FCFEF777FF01F04FFD322001F056FD11
:1016C80000BF80BD0010024080B500AF1721062082
:1016D800FEF7ACFF0A210520FEF7A8FF142104201D
:1016E800FEF7A4FF06210320FEF7A0FF1421022025
:1016F800FEF79CFF0B210120FEF798FF1721002021
:10170800FEF794FF00BF80BD80B584B004AFBE4B28
:101718001B68002B03D0BC4B1B68082B01D1FEF7BC
:10172800A7FFBA4B1B78BA4AA2FB0323DB08DBB23C
:101738009AB218230293002301934FF4FC63009399
:10174800012364214620FFF7E9FBB04B1A78B04B20
:10175800A3FB0213D9080B469B000B445B00D31A6A
:10176800DBB29AB218230293002301934FF4FC636F
:101778000093012364215320FFF7D0FB0023029339
:1017880018230193002300934FF4FC633A22642149
:101798006020FFF7D7FA9F4B1B789D4AA2FB0323D3
:1017A800DB08DBB29AB218230293002301934FF4AB
:1017B800FC630093012364216E20FFF7AFFB954B78
:1017C8001A78934BA3FB0213D9080B469B000B44D2
:1017D8005B00D31ADBB29AB2182302930023019359
:1017E8004FF4FC630093012364217B20FFF796FBF1
:1017F8000023029318230193002300934FF4FC6302
:101808003A2264218820FFF79DFA834B1B78804A8F
:10181800A2FB0323DB08DBB29AB21823029300234E
:1018280001934FF4FC630093012364219620FFF792
:1018380075FB794B1A78764BA3FB0213D9080B4634
:101848009B000B445B00D31ADBB29AB218230293B5
:10185800002301934FF4FC63009301236421A32028
:10186800FFF75CFB6D4B1B78013B062B72D801A27E
:1018780052F823F099180008B5180008D118000884
:10188800ED18000809190008251900084119000871
:101898000023029318230193002300934FF6E0736B
:1018A8005F4A82211420FFF73BFD53E00023029397
:1018B80018230193002300934FF6E073594A8221BD
:1018C8001420FFF72DFD45E0002302931823019310
:1018D800002300934FF6E073534A82211420FFF748
:1018E8001FFD37E000230293182301930023009380
:1018F8004FF6E0734D4A82211420FFF711FD29E0CD
:101908000023029318230193002300934FF6E073FA
:10191800474A82211420FFF703FD1BE000230293AE
:1019280018230193002300934FF6E073414A822164
:101938001420FFF7F5FC0DE0002302931823019310
:10194800002300934FF6E0733B4A82211420FFF7EF
:10195800E7FC00BF394B1B78013B0B2B00F2E880FA
:1019680001A252F823F000BFA1190008BD19000810
:10197800D9190008F5190008591A0008751A00083D
:10198800911A0008AD1A0008C91A0008E51A0008DB
:10199800011B00081D1B0008002302931823019354
:1019A800002300934FF6E073254A82216920FFF750
:1019B800B7FCBDE000230293182301930023009392
:1019C8004FF6E0731F4A82216920FFF7A9FCAFE0B8
:1019D8000023029318230193002300934FF6E0732A
:1019E800194A82216920FFF79BFCA1E0002302939A
:1019F80018230193002300934FF6E073134A8221C2
:101A08006920FFF78DFC93E0140100205B000020A3
:101A1800CDCCCCCC5C0000205D0000205F00002015
:101A2800486F00084C6F0008506F0008546F00089A
:101A3800586F00085C6F0008606F000860000020A5
:101A4800646F0008686F00086C6F0008706F00080A
:101A58000023029318230193002300934FF6E073A9
:101A68004A4A82216920FFF75BFC61E00023029368
:101A780018230193002300934FF6E073444A822110
:101A88006920FFF74DFC53E00023029318230193CC
:101A9800002300934FF6E0733E4A82216920FFF746
:101AA8003FFC45E000230293182301930023009391
:101AB8004FF6E073384A82216920FFF731FC37E09E
:101AC8000023029318230193002300934FF6E07339
:101AD800324A82216920FFF723FC29E00023029380
:101AE80018230193002300934FF6E0732C4A8221B8
:101AF8006920FFF715FC1BE00023029318230193CC
:101B0800002300934FF6E073264A82216920FFF7ED
:101B180007FC0DE000230293182301930023009390
:101B28004FF6E073204A82216920FFF7F9FB00BFD6
:101B38001E4B1B789AB218230293002301934FF689
:101B4800E0730093022382214620FFF7E7F9182368
:101B58000293002301934FF6E073009302231422AB
:101B680082219620FFF7DAF9114B1B789AB21823D5
:101B78000293002301934FF6E0730093022382211E
:101B8800B020FFF7CBF900BFBD4680BD746F0008D9
:101B9800786F00087C6F0008806F0008846F000869
:101BA800886F00088C6F0008906F00085E000020A6
:101BB8006100002080B584B004AF184B1B68102B5F
:101BC80000F2678401A252F823F000BF191C000834
:101BD800A91E0008051F0008BD1F000819200008DD
:101BE8007520000829210008611F0008291C000829
:101BF8009B240008FD21000843220008CF2200088A
:101C0800152300085B230008E12300088922000847
:101C1800024B08221A6000F05DBC00BF14010020CE
:101C280000230293102301931F2300934FF6FF73A1
:101C3800824A00210020FFF7D7FB00F06DFC034625
:101C4800002B25D07E4B01221A607E4B1B781A464A
:101C58007D4B1A607D4B1B781A467D4B1A607D4B75
:101C68001B781A467C4B1A607C4B1B781A467C4BB7
:101C78001A607C4B1B781A467B4B1A607B4B1B788F
:101C88001A467B4B1A607B4B1B781A467A4B1A60B4
:101C980000F062FC0346002B48D0694B0A221A6008
:101CA800684B1B781A46684B1A60684B1B781A46B3
:101CB800674B1A60674B1B781A46674B1A60674B6D
:101CC8001B781A46664B1A60664B1B781A46664B99
:101CD8001A60664B1B781A46654B1A60654B1B7871
:101CE8001A46654B1A605B4B1B781A46634B1A60A1
:101CF800544B1B781A46624B1A60544B1B781A4691
:101D0800604B1A60554B1B781A465F4B1A60594B4B
:101D18001B781A465D4B1A60524B1B781A465C4B6F
:101D28001A60524B1B781A465A4B1A605A4B1B685A
:101D3800002B3ED0474B1B781A46504B1B689A42E3
:101D480037D1404B1B781A464D4B1B689A4230D10D
:101D58003E4B1B781A464B4B1B689A4229D13F4B86
:101D68001B781A46484B1B689A4222D1414B1B7874
:101D78001A46464B1B689A421BD13A4B1B781A46A7
:101D8800434B1B689A4214D1384B1B781A46414B77
:101D98001B689A420DD100230293182301934FF632
:101DA800FF7300934FF478433C4AC8210020FFF7A3
:101DB8001BFB394B1B68002B00F06F83254B1B78EE
:101DC8001A462E4B1B6805339A4240F066831D4B1A
:101DD8001B781A462A4B1B689A4240F05E831B4BBD
:101DE8001B781A46274B1B689A4240F056831B4BB8
:101DF8001B781A46244B1B689A4240F04E831D4BB1
:101E08001B781A46214B1B689A4240F04683154BB3
:101E18001B781A461E4B1B689A4240F03E83134BB0
:101E28001B781A461B4B1B689A4240F036830020E9
:101E3800FEF73EFF184B00221A602EE3946F00084D
:101E4800140100205B000020200100205C0000201D
:101E5800240100205D0000201C0100205E000020FD
:101E680028010020600000203001002061000020CF
:101E7800340100205F0000202C01002038010020E0
:101E88003C010020400100204401002048010020BE
:101E98004C0100205001002054010020B06F0008C0
:101EA80000230293102301931F2300934FF6FF731F
:101EB8008D4A00210020FFF797FA00F095FB00F00B
:101EC8002BFB0346002B0DD0884B02221A60884B4F
:101ED8001B68DAB2874B1A70864B1B7819460220AA
:101EE800FEF7A4FB00F028FB0346002B00F0D78286
:101EF800804B1B781A467E4B1A60D0E2002302936F
:101F0800102301931F2300934FF6FF73764A002195
:101F18000020FFF769FA00F0C1FB00F0FDFA034664
:101F2800002B0DD0714B07221A60734B1B68DAB275
:101F3800724B1A70714B1B7819460120FEF776FB1D
:101F480000F0FAFA0346002B00F0AB826B4B1B78CB
:101F58001A46694B1A60A4E20023029310230193E6
:101F68001F2300934FF6FF735F4A00210020FFF7FD
:101F78003BFA00F0EDFB00F0CFFA0346002B0DD042
:101F88005A4B03221A605E4B1B68DAB25D4B1A701B
:101F98005C4B1B7819460020FEF748FB00F0CCFA92
:101FA8000346002B00F07F82564B1B781A46544B91
:101FB8001A6078E200230293102301931F230093F1
:101FC8004FF6FF73484A00210020FFF70DFA00F092
:101FD80019FC00F0A1FA0346002B0DD0434B042254
:101FE8001A60494B1B68DAB2484B1A70474B1B788A
:101FF80019460320FEF71AFB00F09EFA0346002B51
:1020080000F05382414B1B781A463F4B1A604CE252
:1020180000230293102301931F2300934FF6FF73AD
:10202800314A00210020FFF7DFF900F0B9FC00F089
:1020380073FA0346002B0DD02C4B05221A60344B43
:102048001B68DAB2334B1A70324B1B7819460420DE
:10205800FEF7ECFA00F070FA0346002B00F0278236
:102068002C4B1B781A462A4B1A6020E20023029355
:10207800102301931F2300934FF6FF731A4A002180
:102088000020FFF7B1F900F003FD00F045FA034620
:10209800002B18D0154B06221A601F4B1B68DAB2AA
:1020A8001E4B1A701D4B1B7819460520FEF7BEFA09
:1020B800174B1B68DAB2174B1A70164B1B78194668
:1020C8000420FEF7B3FA00F037FA0346002B00F0BD
:1020D800F081124B1B781A460F4B1A600D4B1B7878
:1020E8001A460B4B1A60E4E1BC6F0008140100208B
:1020F800200100205B000020240100205C0000205B
:102108001C0100205D0000202C0100205F00002041
:10211800280100205E00002030010020600000201F
:1021280000230293102301931F2300934FF6FF739C
:10213800944A00210020FFF757F900F039FD00F01C
:10214800EBF90346002B44D08F4B08221A608F4BC3
:102158001B68DAB28E4B1A708D4B1B781946062015
:10216800FEF764FA8B4B1B68DAB28B4B1A708A4BFA
:102178001B7819460520FEF759FA884B1B68DAB216
:10218800874B1A70864B1B7819460420FEF74EFAC7
:10219800844B1B68DAB2844B1A70834B1B78194640
:1021A8000220FEF743FA814B1B68DAB2804B1A70A3
:1021B8007F4B1B7819460120FEF738FA7D4B1B68C8
:1021C800DAB27D4B1A707C4B1B7819460020FEF75B
:1021D8002DFA00F0B1F90346002B00F06C816C4B2E
:1021E8001B781A46694B1A606D4B1B781A466B4B65
:1021F8001A6060E100230293102301931F230093C8
:102208004FF6FF736D4A00210020FFF7EDF800F04C
:1022180051FD00F0A1F90346002B02D05A4B0B22C6
:102228001A6000F089F90346002B00F046815E4BE6
:102238001B781A46624B1A603FE100230293102371
:1022480001931F2300934FF6FF735C4A002100207F
:10225800FFF7CAF800F07AFD00F07EF90346002B7C
:1022680002D0494B10221A6000F066F90346002B91
:1022780000F025814E4B1B781A46524B1A601EE11E
:1022880000230293102301931F2300934FF6FF733B
:102298004A4A00210020FFF7A7F800F0A3FD00F04C
:1022A8005BF90346002B02D0374B0C221A6000F072
:1022B80043F90346002B00F004813F4B1B781A4674
:1022C800414B1A60FDE000230293102301931F2362
:1022D80000934FF6FF73394A00210020FFF784F876
:1022E80000F0CCFD00F038F90346002B02D0264B55
:1022F8000D221A6000F020F90346002B00F0E3805D
:10230800324B1B781A46324B1A60DCE000230293EA
:10231800102301931F2300934FF6FF73274A0021D0
:102328000020FFF761F800F0F5FD00F015F903460D
:10233800002B02D0144B0E221A6000F0FDF8034661
:10234800002B00F0C280164B1B781A46214B1A60EE
:10235800BBE000230293102301931F2300934FF641
:10236800FF73164A00210020FFF73EF800F030FE08
:1023780000F0F2F80346002B00F0A980024B0F2270
:102388001A60A4E0BC6F000814010020340100208A
:10239800610000203001002060000020280100209A
:1023A8005E000020200100205B00002024010020A6
:1023B8005C0000201C0100205D000020D86F000890
:1023C8003C01002040010020380100205F0000206F
:1023D80048010020440100200023029310230193A8
:1023E8001F2300934FF6FF733C4A00210020FEF79D
:1023F800FBFF00F051FE00F0AFF80346002B68D059
:10240800374B08221A60374B1B68DAB2364B1A7002
:10241800354B1B7819460620FEF708F9334B1B6825
:10242800DAB2334B1A70324B1B7819460520FEF787
:10243800FDF8304B1B68DAB22F4B1A702E4B1B7805
:1024480019460420FEF7F2F82C4B1B68DAB22C4B25
:102458001A702B4B1B7819460220FEF7E7F8294B18
:102468001B68DAB2284B1A70274B1B7819460120D3
:10247800FEF7DCF8254B1B68DAB2254B1A70244BA3
:102488001B7819460020FEF7D1F8224B01221A606A
:102498001FE0134B00221A601CE000BF1AE000BFC7
:1024A80018E000BF16E000BF14E000BF12E000BF54
:1024B80010E000BF0EE000BF0CE000BF0AE000BF64
:1024C80008E000BF06E000BF04E000BF02E000BF74
:1024D80000E000BF00BFBD4680BD00BFD86F000848
:1024E8001401002034010020610000203001002088
:1024F80060000020280100205E000020200100204C
:102508005B000020240100205C0000201C0100204A
:102518005D0000205401002080B400AF054B1B8BE8
:10252800012B01D1012300E000231846BD465DF8C8
:10253800047B70473000002080B400AF054B9B8BB4
:10254800012B01D1012300E000231846BD465DF8A8
:10255800047B70473000002080B400AF054B5B8BD4
:10256800012B01D1012300E000231846BD465DF888
:10257800047B70473000002080B400AF0B4BDB8831
:10258800012B0AD0094BDB88092B08D9074BDB88BC
:1025980003F003039BB2002B01D1012300E00023C9
:1025A8001846BD465DF8047B704700BF3000002028
:1025B80080B400AF0B4BDB89012B0AD0094BDB89B8
:1025C800092B08D9074BDB8903F003039BB2002BC7
:1025D80001D1012300E000231846BD465DF8047BC5
:1025E800704700BF3000002080B584B004AF274B8F
:1025F8001B68591C264B83FB0123DA10CB17D21A10
:1026080013469B0013449B00CA1A204B1A601F4BA9
:102618001B68042B0CDC002302931823019300236E
:1026280000934FF4FC631B4A64214620FEF778FEB2
:10263800FFF7A2FF0346002B0CD0174B1B78013382
:10264800DAB2154B1A70144B1B78172B02D9124BA0
:1026580000221A70FFF7ACFF0346002B0CD00E4B7C
:102668001B78013BDAB20C4B1A700B4B1B78FF2B13
:1026780002D1094B17221A70074B1B781946022002
:10268800FDF7D4FF00BFBD4680BD00BF1801002084
:1026980067666666F06F00085B00002080B584B04E
:1026A80004AF274B1B68591C264B83FB0123DA1008
:1026B800CB17D21A13469B0013449B00CA1A204B0F
:1026C8001A601F4B1B68042B0CDC00230293182391
:1026D8000193002300934FF4FC631B4A64216E208E
:1026E800FEF71EFEFFF748FF0346002B0CD0174BE2
:1026F8001B780133DAB2154B1A70144B1B783B2B3D
:1027080002D9124B00221A70FFF752FF0346002B22
:102718000CD00E4B1B78013BDAB20C4B1A700B4BEA
:102728001B78FF2B02D1094B3B221A70074B1B78F1
:1027380019460120FDF77AFF00BFBD4680BD00BFE6
:102748001801002067666666F06F00085C000020CC
:1027580080B584B004AF274B1B68591C264B83FBFC
:102768000123DA10CB17D21A13469B0013449B009F
:10277800CA1A204B1A601F4B1B68042B0CDC002361
:10278800029318230193002300934FF4FC631B4A20
:1027980064219620FEF7C4FDFFF7EEFE0346002BEA
:1027A8000CD0174B1B780133DAB2154B1A70144B47
:1027B8001B783B2B02D9124B00221A70FFF7F8FE48
:1027C8000346002B0CD00E4B1B78013BDAB20C4BA6
:1027D8001A700B4B1B78FF2B02D1094B3B221A7046
:1027E800074B1B7819460020FDF720FF00BFBD46A8
:1027F80080BD00BF1801002067666666F06F00089C
:102808005D00002080B584B004AF274B1B68591CBD
:10281800264B83FB0123DA10CB17D21A13469B00F1
:1028280013449B00CA1A204B1A601F4B1B68042BC9
:102838000CDC0023029318230193002300934FF626
:10284800E0731B4A82211420FEF76AFDFFF794FE0D
:102858000346002B0CD0174B1B780133DAB2154B0B
:102868001A70144B1B78072B02D9124B01221A70CD
:10287800FFF79EFE0346002B0CD00E4B1B78013B46
:10288800DAB20C4B1A700B4B1B78002B02D1094B98
:1028980007221A70074B1B7819460320FDF7C6FE5E
:1028A80000BFBD4680BD00BF180100206766666690
:1028B800F46F00085F00002080B483B000AF786038
:1028C8007A68144B83FB0213D911D317CB1A4FF430
:1028D800C87101FB03F3D31A002B11D07B6803F0F6
:1028E8000303002B0ED17A680A4B83FB021359119C
:1028F800D317CB1A642101FB03F3D31A002B01D0A1
:10290800012300E0002318460C37BD465DF8047B20
:10291800704700BF1F85EB5180B582B000AF0346FA
:102928000A46FB711346BB71FB790C2B8CBF012245
:102938000022D2B2002A2ED1012202FA03F341F278
:10294800AA521A40002A14BF01220022D2B2002A39
:1029580012D103F42562002A14BF01220022D2B248
:10296800002A0BD103F00403002B14BF012300231A
:10297800DBB2002B04D10EE01F230DE01E230BE079
:10298800BB791846FFF798FF0346002B01D01D239B
:1029980002E01C2300E01F2318460837BD4680BD0F
:1029A80080B586B004AF344B1B68591C334B83FB8E
:1029B8000123DA10CB17D21A13469B0013449B004D
:1029C800CA1A2D4B1A602C4B1B68042B0CDC0023F5
:1029D800029318230193002300934FF6E073284ACB
:1029E80082214620FEF79CFCFFF7C6FD0346002B1C
:1029F80019D0244B1B780133DAB2224B1A70224BC0
:102A08001B68DBB2214A1268D2B211461846FFF79A
:102A180083FF0346FB711B4B1B78FA799A4202D25B
:102A2800184B01221A70FFF7C3FD0346002B18D07C
:102A3800144B1B78013BDAB2124B1A70124B1B680D
:102A4800DBB2124A1268D2B211461846FFF764FF89
:102A58000346BB710B4B1B78002B02D1094ABB798B
:102A68001370084B1B7819460420FDF7DFFD00BFE3
:102A78000837BD4680BD00BF18010020676666663E
:102A8800F06F00085E0000203001002034010020B3
:102A980080B586B004AF404B1B68591C3F4B83FB85
:102AA8000123DA10CB17D21A13469B0013449B005C
:102AB800CA1A394B1A60384B1B68042B0CDC0023EC
:102AC800029318230193002300934FF6E073344ACE
:102AD80082216920FEF724FCFFF74EFD0346002BF8
:102AE80025D0304B1B780133DAB22E4B1A702D4BA0
:102AF8001B780C2B02D92B4B01221A70294B1B78FF
:102B0800294A1268D2B211461846FFF705FF034654
:102B1800FB71264B1B78FA799A4208D2234AFB7933
:102B28001370224B1B7819460420FDF77FFDFFF731
:102B38003FFD0346002B25D01A4B1B78013BDAB228
:102B4800184B1A70174B1B78002B02D1154B0C220F
:102B58001A70144B1B78144A1268D2B211461846E0
:102B6800FFF7DAFE0346BB71104B1B78BA799A421D
:102B780008D20E4ABB7913700C4B1B7819460420F7
:102B8800FDF754FD074B1B7819460520FDF74EFD50
:102B980000BF0837BD4680BD18010020676666661D
:102BA800F46F000860000020340100205E0000205F
:102BB80080B586B004AF394B1B68591C384B83FB72
:102BC8000123DA10CB17D21A13469B0013449B003B
:102BD800CA1A324B1A60314B1B68042B0CDC0023D9
:102BE800029318230193002300934FF6E0732D4AB4
:102BF8008221B020FEF794FBFFF7BEFC0346002BB2
:102C08001ED0294B1B780133DAB2274B1A70274B99
:102C18001B68DBB2244A127811461846FFF77CFE7F
:102C28000346FB71224B1B78FA799A4208D2204A54
:102C3800FB7913701E4B1B7819460420FDF7F6FC30
:102C4800FFF7B6FC0346002B1ED0174B1B78013B41
:102C5800DAB2154B1A70154B1B68DBB2124A1278A0
:102C680011461846FFF758FE0346BB71104B1B78F8
:102C7800BA799A4208D20E4ABB7913700C4B1B786A
:102C880019460420FDF7D2FC074B1B78194606208D
:102C9800FDF7CCFC00BF0837BD4680BD18010020F9
:102CA80067666666F06F000861000020300100204A
:102CB8005E00002080B584B004AF1E4B1B68591C11
:102CC8001D4B83FB0123DA10CB17D21A13469B0046
:102CD80013449B00CA1A174B1A60164B1B68042B27
:102CE8000CDC0023029318230193002300934FF474
:102CF800FC63124A64214620FEF712FBFFF73CFCF6
:102D08000346002B0ED00E4B1B780133DAB20C4B66
:102D18001A700B4B1B78172B04D90A4B1B68DAB2B5
:102D2800074B1A70064B1B781A46074B1A6000BFF0
:102D3800BD4680BD1801002067666666F06F000812
:102D48005B000020200100203C01002080B584B0F9
:102D580004AF1E4B1B68591C1D4B83FB0123DA1063
:102D6800CB17D21A13469B0013449B00CA1A174B61
:102D78001A60164B1B68042B0CDC002302931823E3
:102D88000193002300934FF4FC63124A64216E20E0
:102D9800FEF7C6FAFFF7F0FB0346002B0ED00E4BEA
:102DA8001B780133DAB20C4B1A700B4B1B783B2B98
:102DB80004D90A4B1B68DAB2074B1A70064B1B780A
:102DC8001A46074B1A6000BFBD4680BD1801002097
:102DD80067666666F06F00085C000020240100202A
:102DE8004001002080B584B004AF1E4B1B68591CFD
:102DF8001D4B83FB0123DA10CB17D21A13469B0015
:102E080013449B00CA1A174B1A60164B1B68042BF5
:102E18000CDC0023029318230193002300934FF442
:102E2800FC63124A64219620FEF77AFAFFF7A4FBA6
:102E38000346002B0ED00E4B1B780133DAB20C4B35
:102E48001A700B4B1B783B2B04D90A4B1B68DAB260
:102E5800074B1A70064B1B781A46074B1A6000BFBF
:102E6800BD4680BD1801002067666666F06F0008E1
:102E78005D0000201C0100203801002080B584B0CE
:102E880004AF1E4B1B68591C1D4B83FB0123DA1032
:102E9800CB17D21A13469B0013449B00CA1A174B30
:102EA8001A60164B1B68042B0CDC002302931823B2
:102EB8000193002300934FF6E073124A82211420F5
:102EC800FEF72EFAFFF758FB0346002B0ED00E4BE9
:102ED8001B780133DAB20C4B1A700B4B1B78072B9B
:102EE80004D90A4B1B68DAB2074B1A70064B1B78D9
:102EF8001A46074B1A6000BFBD4680BD1801002066
:102F080067666666F46F00085F0000202C010020E9
:102F18004801002080B586B004AF254B1B68591CBA
:102F2800244B83FB0123DA10CB17D21A13469B00DC
:102F380013449B00CA1A1E4B1A601D4B1B68042BB6
:102F48000CDC0023029318230193002300934FF60F
:102F5800E073194A82214620FEF7E2F9FFF70CFBDD
:102F68000346002B1BD0154B1B780133DAB2134BE9
:102F78001A70134B1B68DBB2124A1268D2B21146A0
:102F88001846FFF7C9FC0346FB710C4B1B78FA790E
:102F98009A4204D20C4B1B68DAB2084B1A70074BE2
:102FA8001B781A46094B1A6000BF0837BD4680BD1A
:102FB8001801002067666666F06F00085E00002052
:102FC80030010020340100202801002044010020A5
:102FD80080B586B004AF284B1B68591C274B83FB70
:102FE8000123DA10CB17D21A13469B0013449B0017
:102FF800CA1A214B1A60204B1B68042B0CDC0023D7
:10300800029318230193002300934FF6E0731C4AA0
:1030180082216920FEF784F9FFF7AEFA0346002BF8
:1030280021D0184B1B780133DAB2164B1A70154BA6
:103038001B780C2B04D9144B1B68DAB2114B1A708D
:10304800104B1B78114A1268D2B211461846FFF786
:1030580063FC0346FB710E4B1B78FA799A4202D245
:103068000B4AFB791370074B1B781A46094B1A60F9
:1030780000BF0837BD4680BD180100206766666638
:10308800F46F0008600000203001002034010020A7
:103098005E0000204C01002080B586B004AF244BB0
:1030A8001B68591C234B83FB0123DA10CB17D21A58
:1030B80013469B0013449B00CA1A1D4B1A601C4BF5
:1030C8001B68042B0CDC00230293182301930023B4
:1030D80000934FF6E073184A8221B020FEF720F9DA
:1030E800FFF74AFA0346002B18D0144B1B7801331C
:1030F800DAB2124B1A70124B1B68DBB20F4A127805
:1031080011461846FFF708FC0346FB710D4B1B7868
:10311800FA799A4202D20B4AFB791370074B1B7853
:103128001A46094B1A6000BF0837BD4680BD00BF6C
:103138001801002067666666F06F000861000020CD
:103148004C0100205E0000205001002080B400AF38
:1031580072B600BFFEE7000080B500AF024803F07A
:10316800B5F900BF80BD00BFBC01002080B483B0AA
:1031780000AF78607B689AB2074B1A80064B1A88B2
:10318800064B1A80064B00221A7000BF0C37BD464A
:103198005DF8047B704700BF5C0100205A010020E5
:1031A8005801002080B582B000AF78607B681B684A
:1031B800B3F1804F14D11A4B1B88002B10D0184B39
:1031C8001B88013B9AB2164B1A80154B1B88002BA3
:1031D80006D1144B01221A70134B1A88104B1A800F
:1031E8007B681B68114A934216D1114B1B88002B30
:1031F80010D00F4B1B88013B9AB20D4B1A800C4B19
:103208001B88002B06D10B4B01221A700A4B1A8817
:10321800074B1A80FEF71AF900BF0837BD4680BD74
:103228005A010020580100205C01002000080040DD
:10323800600100205E0100206201002080B500AF1F
:10324800174B184A1A60164B4FF482725A60144B87
:1032580000229A60124B0022DA60114B00221A6198
:103268000F4B00225A610E4B4FF400729A610C4BBF
:103278000022DA610A4B00221A62094B00225A62C4
:10328800074B00229A62064B0A22DA62044802F0CF
:10329800E1FA0346002B01D0FFF758FF00BF80BDBD
:1032A800640100200030014080B58AB000AF78602A
:1032B80007F1140300221A605A609A60DA601A61F2
:1032C8007B681B68194A93422BD100233B61184B3A
:1032D8005B6C174A43F480535364154B5B6C03F4DF
:1032E80080533B613B690023FB60114B1B6B104A09
:1032F80043F0020313630E4B1B6B03F00203FB60E6
:10330800FB6838237B610223BB610023FB61032335
:103318003B6205237B6207F114031946054800F058
:1033280071FB00BF2837BD4680BD00BF003001409B
:10333800003802400004024080B483B000AF00238C
:103348007B60104B5B6C0F4A43F4804353640D4B16
:103358005B6C03F480437B607B6800233B60094B14
:103368001B6C084A43F080531364064B1B6C03F034
:1033780080533B603B6800BF0C37BD465DF8047B5B
:10338800704700BF0038024080B400AFFEE780B449
:1033980000AFFEE780B400AFFEE780B400AFFEE701
:1033A80080B400AFFEE780B400AF00BFBD465DF853
:1033B800047B704780B400AF00BFBD465DF8047B56
:1033C800704780B400AF00BFBD465DF8047B70470E
:1033D80080B500AF00F0C0F900BF80BD80B500AF78
:1033E800024803F0E3F800BF80BD00BFBC01002025
:1033F80080B500AF024803F0D9F800BF80BD00BF18
:103408000402002080B400AF064BD3F88830054A88
:1034180043F47003C2F8883000BFBD465DF8047BF2
:10342800704700BF00ED00E080B586B000AF07F13F
:10343800080300221A605A609A60DA603B4600224C
:103448001A605A601D4B4FF080421A601B4B40F2C5
:1034580047325A60194B00229A60184B6322DA608F
:10346800164B00221A61154B00229A61134802F08C
:10347800DDFF0346002B01D0FFF768FE4FF48053B1
:10348800BB6007F1080319460C4803F097F9034697
:10349800002B01D0FFF75AFE00233B6000237B601E
:1034A8003B461946054803F0B3FB0346002B01D001
:1034B800FFF74CFE00BF1837BD4680BDBC01002099
:1034C80080B586B000AF07F1080300221A605A6081
:1034D8009A60DA603B4600221A605A601D4B1E4A09
:1034E8001A601C4B40F247325A601A4B00229A600D
:1034F800184B6322DA60174B00221A61154B002221
:103508009A61144802F092FF0346002B01D0FFF79E
:103518001DFE4FF48053BB6007F1080319460D48A0
:1035280003F04CF90346002B01D0FFF70FFE0023F0
:103538003B6000237B603B461946064803F068FB66
:103548000346002B01D0FFF701FE00BF1837BD4628
:1035580080BD00BF040200200008004080B584B090
:1035680000AF78607B681B68B3F1804F16D10023E9
:10357800FB601A4B1B6C194A43F001031364174B89
:103588001B6C03F00103FB60FB68002200211C2078
:1035980000F001FA1C2000F01AFA1AE07B681B6898
:1035A8000F4A934215D10023BB600C4B1B6C0B4A8E
:1035B80043F004031364094B1B6C03F00403BB6062
:1035C800BB68002200211E2000F0E5F91E2000F053
:1035D800FEF900BF1037BD4680BD00BF003802406D
:1035E8000008004080B483B000AF0346FB71FB794C
:1035F8001B09DBB21A46920013445B00DAB2FB796E
:1036080003F00F03DBB21344DBB218460C37BD4698
:103618005DF8047B7047000080B483B000AF0346B8
:10362800FB71FB790D4AA2FB0323DB08DBB21B010C
:1036380058B2FA79094BA3FB0213D9080B469B0031
:103648000B445B00D31ADBB25BB203435BB2DBB261
:1036580018460C37BD465DF8047B7047CDCCCCCC02
:10366800DFF834D00D480E490E4A002302E0D45842
:10367800C4500433C4188C42F9D30B4A0B4C0023B2
:1036880001E013600432A242FBD3FFF7BBFE03F054
:1036980027FCFDF767FF70470000022000000020AC
:1036A80014000020A09F00081400002050020020F1
:1036B800FEE7000080B500AF0E4B1B680D4A43F4CF
:1036C800007313600B4B1B680A4A43F48063136052
:1036D800084B1B68074A43F480731360032000F00B
:1036E8004FF90F2000F008F8FFF726FE00231846D0
:1036F80080BD00BF003C024080B582B000AF78605A
:10370800124B1A68124B1B7819464FF47A73B3FBA5
:10371800F1F3B2FBF3F3184600F067F90346002B08
:1037280001D001230EE07B680F2B0AD800227968AC
:103738004FF0FF3000F02FF9064A7B681360002332
:1037480000E0012318460837BD4680BD0800002068
:10375800100000200C00002080B400AF064B1B783E
:103768001A46064B1B681344044A136000BFBD4643
:103778005DF8047B704700BF100000204C02002059
:1037880080B400AF034B1B681846BD465DF8047B48
:10379800704700BF4C02002080B584B000AF78604D
:1037A800FFF7EEFFB8607B68FB60FB68B3F1FF3F93
:1037B80005D00A4B1B781A46FB681344FB6000BF10
:1037C800FFF7DEFF0246BB68D31AFA689A42F7D8B9
:1037D80000BF00BF1037BD4680BD00BF10000020ED
:1037E80080B485B000AF78607B6803F00703FB60A6
:1037F8000C4BDB68BB60BA684FF6FF031340BB6035
:10380800FB681A02BB68134343F0BF6343F40033F9
:10381800BB60044ABB68D36000BF1437BD465DF87F
:10382800047B704700ED00E080B400AF044BDB6818
:103838001B0A03F007031846BD465DF8047B704772
:1038480000ED00E080B483B000AF0346FB7197F948
:103858000730002B0BDBFB7903F01F02074997F9B0
:1038680007305B09012000FA02F241F8232000BF6B
:103878000C37BD465DF8047B704700BF00E100E0EF
:1038880080B483B000AF03463960FB7197F9073005
:10389800002B0ADB3B68DAB20C4997F907301201B2
:1038A800D2B20B4483F800230AE03B68DAB2084935
:1038B800FB7903F00F03043B1201D2B20B441A76D2
:1038C80000BF0C37BD465DF8047B704700E100E09F
:1038D80000ED00E080B489B000AFF860B9607A60AC
:1038E800FB6803F00703FB61FB69C3F10703042BC3
:1038F80028BF0423BB61FB690433062B02D9FB698B
:10390800033B00E000237B614FF0FF32BB6902FA02
:1039180003F3DA43BB681A407B699A404FF0FF31E2
:103928007B6901FA03F3D9437B680B4013431846BC
:103938002437BD465DF8047B7047000080B582B02F
:1039480000AF78607B68013BB3F1807F01D301232E
:103958000FE00A4A7B68013B53600F214FF0FF30AC
:10396800FFF78EFF054B00229A60044B07221A606E
:10397800002318460837BD4680BD00BF10E000E0B0
:1039880080B582B000AF78607868FFF729FF00BF84
:103998000837BD4680BD80B586B000AF0346B96024
:1039A8007A60FB7300237B61FFF73EFF78617A68DA
:1039B800B9687869FFF78EFF024697F90F3011460C
:1039C8001846FFF75DFF00BF1837BD4680BD80B5BC
:1039D80082B000AF0346FB7197F907301846FFF72E
:1039E80031FF00BF0837BD4680BD80B582B000AF4B
:1039F80078607868FFF7A2FF034618460837BD4687
:103A080080BD000080B489B000AF786039600023C1
:103A18007B6100233B610023BB610023FB616BE1F9
:103A28000122FB6902FA03F37B613B681B687A6930
:103A380013403B613A697B699A4240F05A813B687E
:103A48005B6803F00303012B05D03B685B6803F058
:103A58000303022B30D17B689B68BB61FB695B0069
:103A6800032202FA03F3DB43BA691340BB613B68E4
:103A7800DA68FB695B0002FA03F3BA691343BB61B6
:103A88007B68BA699A607B685B68BB610122FB69E5
:103A980002FA03F3DB43BA691340BB613B685B6816
:103AA8001B0903F00102FB6902FA03F3BA69134325
:103AB800BB617B68BA695A603B685B6803F00303C3
:103AC800032B17D07B68DB68BB61FB695B000322B3
:103AD80002FA03F3DB43BA691340BB613B689A6897
:103AE800FB695B0002FA03F3BA691343BB617B68A5
:103AF800BA69DA603B685B6803F00303022B23D1E1
:103B0800FB69DA087B68083253F82230BB61FB692D
:103B180003F007039B000F2202FA03F3DB43BA69A1
:103B28001340BB613B681A69FB6903F007039B00FC
:103B380002FA03F3BA691343BB61FB69DA087B68CD
:103B48000832B96943F822107B681B68BB61FB69BE
:103B58005B00032202FA03F3DB43BA691340BB613B
:103B68003B685B6803F00302FB695B0002FA03F33E
:103B7800BA691343BB617B68BA691A603B685B68C2
:103B880003F44033002B00F0B4800023FB60604B4B
:103B98005B6C5F4A43F4804353645D4B5B6C03F496
:103BA8008043FB60FB685B4AFB699B08023352F861
:103BB8002330BB61FB6903F003039B000F2202FA69
:103BC80003F3DB43BA691340BB617B68524A9342F3
:103BD8002BD07B68514A934225D07B68504A934248
:103BE8001FD07B684F4A934219D07B684E4A934254
:103BF80013D07B684D4A93420DD07B684C4A934260
:103C080007D07B684B4A934201D107230EE0082373
:103C18000CE006230AE0052308E0042306E003235A
:103C280004E0022302E0012300E00023FA6902F025
:103C3800030292009340BA691343BB613549FB699B
:103C48009B080233BA6941F823203B4B1B68BB61D0
:103C58003B69DB43BA691340BB613B685B6803F4AB
:103C68008033002B03D0BA693B691343BB61324AE6
:103C7800BB691360304B5B68BB613B69DB43BA6966
:103C88001340BB613B685B6803F40033002B03D02F
:103C9800BA693B691343BB61274ABB695360264B2A
:103CA8009B68BB613B69DB43BA691340BB613B68F6
:103CB8005B6803F48013002B03D0BA693B69134394
:103CC800BB611D4ABB6993601B4BDB68BB613B69E9
:103CD800DB43BA691340BB613B685B6803F40013BC
:103CE800002B03D0BA693B691343BB61124ABB6915
:103CF800D360FB690133FB61FB690F2B7FF690AE44
:103D080000BF00BF2437BD465DF8047B704700BF85
:103D18000038024000380140000002400004024020
:103D280000080240000C024000100240001402404B
:103D380000180240001C0240003C014080B483B0DF
:103D480000AF78600B467B8013467B707B78002B36
:103D580003D07A887B689A6103E07B881A047B68C1
:103D68009A6100BF0C37BD465DF8047B70470000C0
:103D780080B584B000AF78607B68002B01D1012347
:103D88002BE17B6893F83D30DBB2002B06D17B68D2
:103D9800002283F83C207868FCF7C4FE7B68242264
:103DA80083F83D207B681B681A687B681B6822F0D3
:103DB80001021A607B681B681A687B681B6842F4FA
:103DC80000421A607B681B681A687B681B6822F4CB
:103DD80000421A6001F02AFDF8607B685B68814A3E
:103DE800934207D8FB68804A934294BF012300237B
:103DF800DBB206E0FB687D4A934294BF01230023AF
:103E0800DBB2002B01D00123E7E0FB68784AA2FB74
:103E180003239B0CBB607B681B685B6823F03F0136
:103E28007B681B68BA680A435A607B681B681B6A10
:103E380023F03F017B685B686A4A934202D8BB68FB
:103E4800013309E0BB684FF4967202FB03F3694A39
:103E5800A2FB03239B0901337A6812680B431362A0
:103E68007B681B68DB6923F44F4222F0FF027B6802
:103E78005B685C498B4219D8FB68591E7B685B6894
:103E88005B00B1FBF3F3591C40F6FC730B40002BAD
:103E98000AD0FB68591E7B685B685B00B1FBF3F3D3
:103EA8000133C3F30B0351E004234FE07B689B68A5
:103EB800002B11D1FB68581E7B6859680B465B00C4
:103EC8000B44B0FBF3F30133C3F30B03002B0CBF1C
:103ED80001230023DBB212E0FB68581E7B68596897
:103EE8000B469B000B4499000B44B0FBF3F30133E2
:103EF800C3F30B03002B0CBF01230023DBB2002B01
:103F080001D0012322E07B689B68002B0ED1FB685F
:103F1800581E7B6859680B465B000B44B0FBF3F3F3
:103F28000133C3F30B0343F400430FE0FB68581E4F
:103F38007B6859680B469B000B4499000B44B0FB07
:103F4800F3F30133C3F30B0343F44043796809687F
:103F58001343CB617B681B681B6823F0C0017B6837
:103F6800DA697B681B6A1A437B681B680A431A6014
:103F78007B681B689B6823F4034323F0FF037A687C
:103F880011697A68D26811437A6812680B439360A2
:103F98007B681B68DB6823F0FF017B685A697B68D4
:103FA8009B691A437B681B680A43DA607B681B6855
:103FB8001A687B681B6842F001021A607B6800225D
:103FC8001A647B68202283F83D207B6800221A63EC
:103FD8007B68002283F83E20002318461037BD4630
:103FE80080BD00BFA08601007F841E00FF083D0041
:103FF80083DE1B43D34D621080B588B002AFF860F2
:10400800084611461A4603467B810B463B811346F8
:10401800FB80FFF7B5FB7861FB6893F83D30DBB2B6
:10402800202B40F0D9807B690093192301226D4928
:10403800F86800F0ADFD0346002B01D00223CCE068
:10404800FB6893F83C30012B01D10223C5E0FB68E3
:10405800012283F83C20FB681B681B6803F00103FE
:10406800012B07D0FB681B681A68FB681B6842F0C5
:1040780001021A60FB681B681A68FB681B6822F457
:1040880000621A60FB68212283F83D20FB68402209
:1040980083F83E20FB6800221A64FB683A6A5A6279
:1040A800FB68BA8C5A85FB685B8D9AB2FB681A85E7
:1040B800FB684D4ADA62F8883A8979897B69019305
:1040C800BB6A00930346F86800F0E4FB0346002B44
:1040D80052D0012381E07A69B96AF86800F02EFEAF
:1040E8000346002B0DD0FB681B6C042B07D1FB6823
:1040F8001B681A68FB681B6842F400721A60012387
:104108006BE0FB685B6A1A78FB681B681A61FB68DE
:104118005B6A5A1CFB685A62FB681B8D013B9AB2AA
:10412800FB681A85FB685B8D9BB2013B9AB2FB6802
:104138005A85FB681B685B6903F00403042B1BD1D9
:10414800FB681B8D002B17D0FB685B6A1A78FB682D
:104158001B681A61FB685B6A5A1CFB685A62FB6839
:104168001B8D013B9AB2FB681A85FB685B8D9BB27D
:10417800013B9AB2FB685A85FB681B8D002BAAD1BC
:104188007A69B96AF86800F01AFE0346002B0DD068
:10419800FB681B6C042B07D1FB681B681A68FB685B
:1041A8001B6842F400721A60012316E0FB681B6862
:1041B8001A68FB681B6842F400721A60FB682022C8
:1041C80083F83D20FB68002283F83E20FB6800222C
:1041D80083F83C20002300E0022318461837BD4628
:1041E80080BD00BF020010000000FFFF80B58CB04A
:1041F80002AFF860084611461A4603467B810B4613
:104208003B811346FB80FFF7BBFA7862FB6893F8A3
:104218003D30DBB2202B40F008827B6A00931923E3
:1042280001227B49F86800F0B3FC0346002B01D05B
:104238000223FBE1FB6893F83C30012B01D10223F8
:10424800F4E1FB68012283F83C20FB681B681B68CB
:1042580003F00103012B07D0FB681B681A68FB6891
:104268001B6842F001021A60FB681B681A68FB6849
:104278001B6822F400621A60FB68222283F83D2042
:10428800FB68402283F83E20FB6800221A64FB6822
:104298003A6B5A62FB68BA8E5A85FB685B8D9AB294
:1042A800FB681A85FB685B4ADA62F8883A8979897B
:1042B8007B6A0193BB6B00930346F86800F080FBB0
:1042C8000346002B01D00123B0E1FB681B8D002BB6
:1042D80013D100233B62FB681B685B693B62FB6888
:1042E8001B689B693B623B6AFB681B681A68FB6832
:1042F8001B6842F400721A6084E1FB681B8D012B75
:104308001BD1FB681B681A68FB681B6822F4806273
:104318001A600023FB61FB681B685B69FB61FB6833
:104328001B689B69FB61FB69FB681B681A68FB6873
:104338001B6842F400721A6064E1FB681B8D022B53
:104348001BD1FB681B681A68FB681B6822F4806233
:104358001A60FB681B681A68FB681B6842F40062F5
:104368001A600023BB61FB681B685B69BB61FB6863
:104378001B689B69BB61BB6944E100237B61FB68E7
:104388001B685B697B61FB681B689B697B617B6958
:1043980038E1FB681B8D032B00F2F180FB681B8D55
:1043A800012B23D17A6AB96BF86800F049FD0346FE
:1043B800002B01D0012339E1FB681B681A69FB68EF
:1043C8005B6AD2B21A70FB685B6A5A1CFB685A6255
:1043D800FB681B8D013B9AB2FB681A85FB685B8DF5
:1043E8009BB2013B9AB2FB685A850BE1FB681B8DB7
:1043F800022B4ED17B6A0093BB6B00220649F868FA
:1044080000F0C6FB0346002B08D001230EE100BFD5
:10441800020010000000FFFF04000100FB681B6899
:104428001A68FB681B6842F400721A60FB681B6814
:104438001A69FB685B6AD2B21A70FB685B6A5A1C1D
:10444800FB685A62FB681B8D013B9AB2FB681A85B0
:10445800FB685B8D9BB2013B9AB2FB685A85FB688F
:104468001B681A69FB685B6AD2B21A70FB685B6AE0
:104478005A1CFB685A62FB681B8D013B9AB2FB68A9
:104488001A85FB685B8D9BB2013B9AB2FB685A8523
:10449800B8E07B6A0093BB6B00226649F86800F0BD
:1044A80077FB0346002B01D00123BFE0FB681B68A4
:1044B8001A68FB681B6822F480621A60FB681B6834
:1044C8001A69FB685B6AD2B21A70FB685B6A5A1C8D
:1044D800FB685A62FB681B8D013B9AB2FB681A8520
:1044E800FB685B8D9BB2013B9AB2FB685A857B6A7D
:1044F8000093BB6B00224F49F86800F049FB034664
:10450800002B01D0012391E0FB681B681A68FB6847
:104518001B6842F400721A60FB681B681A69FB6822
:104528005B6AD2B21A70FB685B6A5A1CFB685A62F3
:10453800FB681B8D013B9AB2FB681A85FB685B8D93
:104548009BB2013B9AB2FB685A85FB681B681A69E3
:10455800FB685B6AD2B21A70FB685B6A5A1CFB681C
:104568005A62FB681B8D013B9AB2FB681A85FB688F
:104578005B8D9BB2013B9AB2FB685A8542E07A6A2E
:10458800B96BF86800F05CFC0346002B01D00123EE
:104598004CE0FB681B681A69FB685B6AD2B21A7048
:1045A800FB685B6A5A1CFB685A62FB681B8D013BFF
:1045B8009AB2FB681A85FB685B8D9BB2013B9AB285
:1045C800FB685A85FB681B685B6903F00403042BCE
:1045D80018D1FB681B681A69FB685B6AD2B21A704B
:1045E800FB685B6A5A1CFB685A62FB681B8D013BBF
:1045F8009AB2FB681A85FB685B8D9BB2013B9AB245
:10460800FB685A85FB681B8D002B7FF4C2AEFB68E4
:10461800202283F83D20FB68002283F83E20FB68B7
:10462800002283F83C20002300E0022318462837A4
:10463800BD4680BD0400010080B58AB002AFF860B5
:104648007A603B600B467B81FFF79AF8F86101239B
:10465800BB61FB6893F83D30DBB2202B40F0118141
:10466800FB690093192301228849F86800F090FA41
:104678000346002B01D0022304E1FB6893F83C3089
:10468800012B01D10223FDE0FB68012283F83C20C5
:10469800FB681B681B6803F00103012B07D0FB684C
:1046A8001B681A68FB681B6842F001021A60FB6805
:1046B8001B681A68FB681B6822F400621A60FB68B2
:1046C800242283F83D20FB6800221A64FB68704AA4
:1046D800DA62FB681B681A68FB681B6842F4807220
:1046E8001A60FB6900933B6800224FF00111F868DB
:1046F80000F04EFA0346002B0DD0FB681B681B68C0
:1047080003F48073B3F5807F03D1FB684FF4007224
:104718001A640323B6E07B89DBB21A46FB681B6880
:1047280002F0FE021A61FFF72BF8F861FB681B68BC
:104738005B6903F00203022B0CBF01230023DBB2E9
:10474800FB75FB681B685B6903F48063B3F5806FD6
:104758000CBF01230023DBB2BB7525E0FFF710F87F
:104768000246FB69D31A3A689A4202D33B68002B87
:1047780003D1FB68A02283F83D20FB681B685B69B6
:1047880003F00203022B0CBF01230023DBB2FB75ED
:10479800FB681B685B6903F48063B3F5806F0CBF2B
:1047A80001230023DBB2BB75FB6893F83D30DBB215
:1047B800A02B05D0FB7D002B02D1BB7D002BCDD0DB
:1047C800FB68202283F83D20FB681B685B6903F0C7
:1047D8000203022B29D1FB681B681A68FB681B6857
:1047E80042F400721A6000233B61FB681B685B6936
:1047F8003B61FB681B689B693B613B69FB690093F4
:10480800192301222149F86800F0C2F90346002B58
:1048180001D0012336E0FB68202283F83D20FB68A5
:10482800002283F83C2000232CE0FB681B681A68F0
:10483800FB681B6842F400721A60FB681B686FF41F
:1048480080625A61FB690093192301220F49F868B5
:1048580000F09EF90346002B01D0012312E0BB694A
:104868000133BB61BA697B689A42FFF432AFFB68D7
:10487800202283F83D20FB68002283F83C20012396
:1048880000E0022318462037BD4680BD0200100014
:104898000000FFFF80B588B002AFF86008461146F7
:1048A8001A4603467B810B463B811346FB80FB6817
:1048B8001B681A68FB681B6842F480721A607B6A7E
:1048C80000933B6A00224FF00111F86800F060F98C
:1048D8000346002B0DD0FB681B681B6803F480732C
:1048E800B3F5807F03D1FB684FF400721A64032389
:1048F8005FE07B89DBB21A46FB681B6802F0FE02A8
:104908001A617B6A3A6A2D49F86800F098F90346FB
:10491800002B01D001234CE000237B61FB681B685E
:104928005B697B61FB681B689B697B617B697A6A51
:10493800396AF86800F002FA0346002B0DD0FB68CC
:104948001B6C042B07D1FB681B681A68FB681B6883
:1049580042F400721A6001232BE0FB88012B05D179
:104968003B89DAB2FB681B681A6121E03B891B0AA4
:104978009BB2DAB2FB681B681A617A6A396AF8680E
:1049880000F0DCF90346002B0DD0FB681B6C042BF0
:1049980007D1FB681B681A68FB681B6842F4007241
:1049A8001A60012305E03B89DAB2FB681B681A61CB
:1049B800002318461837BD4680BD00BF020001001D
:1049C80080B588B002AFF860084611461A4603461B
:1049D8007B810B463B811346FB80FB681B681A688A
:1049E800FB681B6842F480621A60FB681B681A68DF
:1049F800FB681B6842F480721A607B6A00933B6A0A
:104A080000224FF00111F86800F0C2F80346002BAD
:104A18000DD0FB681B681B6803F48073B3F5807FB7
:104A280003D1FB684FF400721A640323AAE07B8960
:104A3800DBB21A46FB681B6802F0FE021A617B6A49
:104A48003A6A5249F86800F0FAF80346002B01D098
:104A5800012397E000237B61FB681B685B697B612E
:104A6800FB681B689B697B617B697A6A396AF868AD
:104A780000F064F90346002B0DD0FB681B6C042B77
:104A880007D1FB681B681A68FB681B6842F4007250
:104A98001A60012376E0FB88012B05D13B89DAB245
:104AA800FB681B681A6121E03B891B0A9BB2DAB2DA
:104AB800FB681B681A617A6A396AF86800F03EF97F
:104AC8000346002B0DD0FB681B6C042B07D1FB6839
:104AD8001B681A68FB681B6842F400721A6001239D
:104AE80050E03B89DAB2FB681B681A617A6A396A56
:104AF800F86800F023F90346002B0DD0FB681B6C07
:104B0800042B07D1FB681B681A68FB681B6842F412
:104B180000721A60012335E0FB681B681A68FB689D
:104B28001B6842F480721A607B6A00933B6A002219
:104B38004FF00111F86800F02BF80346002B0DD058
:104B4800FB681B681B6803F48073B3F5807F03D18F
:104B5800FB684FF400721A64032313E07B89DBB20D
:104B680043F00103DAB2FB681B681A617B6A3A6A90
:104B78000649F86800F063F80346002B01D00123CA
:104B880000E0002318461837BD4680BD020001002A
:104B980080B584B000AFF860B9603B601346FB7124
:104BA80025E03B68B3F1FF3F21D0FEF7E9FD02465F
:104BB800BB69D31A3A689A4202D33B68002B16D1D4
:104BC800FB6800221A63FB68202283F83D20FB68FB
:104BD800002283F83E20FB681B6C43F02002FB6830
:104BE8001A64FB68002283F83C20012323E0BB6899
:104BF8001B0CDBB2012B0DD1FB681B685B69DA4328
:104C0800BB6813409BB2002B0CBF01230023DBB20F
:104C18001A460CE0FB681B689B69DA43BB681340C3
:104C28009BB2002B0CBF01230023DBB21A46FB7991
:104C38009A42B6D0002318461037BD4680BD80B5CD
:104C480084B000AFF860B9607A603B6051E0FB68FF
:104C58001B685B6903F48063B3F5806F23D1FB683D
:104C68001B681A68FB681B6842F400721A60FB68CC
:104C78001B686FF480625A61FB6800221A63FB6844
:104C8800202283F83D20FB68002283F83E20FB6841
:104C98001B6C43F00402FB681A64FB68002283F86B
:104CA8003C20012346E07B68B3F1FF3F21D0FEF7AB
:104CB80067FD02463B68D31A7A689A4202D37B683A
:104CC800002B16D1FB6800221A63FB68202283F8A8
:104CD8003D20FB68002283F83E20FB681B6C43F0F4
:104CE8002002FB681A64FB68002283F83C20012339
:104CF80020E0BB681B0CDBB2012B0CD1FB681B68E6
:104D08005B69DA43BB6813409BB2002B14BF0123D5
:104D18000023DBB20BE0FB681B689B69DA43BB68C6
:104D280013409BB2002B14BF01230023DBB2002BDE
:104D38008DD1002318461037BD4680BD80B584B09C
:104D480000AFF860B9607A602DE0F86800F0CEF83E
:104D58000346002B01D001232DE0BB68B3F1FF3FD0
:104D680021D0FEF70DFD02467B68D31ABA689A4235
:104D780002D3BB68002B16D1FB6800221A63FB68BC
:104D8800202283F83D20FB68002283F83E20FB6840
:104D98001B6C43F02002FB681A64FB68002283F84E
:104DA8003C20012307E0FB681B685B6903F0800374
:104DB800802BCAD1002318461037BD4680BD80B568
:104DC80084B000AFF860B9607A602DE0F86800F050
:104DD8008DF80346002B01D001232DE0BB68B3F109
:104DE800FF3F21D0FEF7CCFC02467B68D31ABA6895
:104DF8009A4202D3BB68002B16D1FB6800221A63C3
:104E0800FB68202283F83D20FB68002283F83E20BF
:104E1800FB681B6C43F02002FB681A64FB680022E5
:104E280083F83C20012307E0FB681B685B6903F0FB
:104E38000403042BCAD1002318461037BD4680BD91
:104E480080B584B000AFF860B9607A6042E0FB6872
:104E58001B685B6903F01003102B19D1FB681B68F2
:104E68006FF010025A61FB6800221A63FB68202267
:104E780083F83D20FB68002283F83E20FB681A6C0B
:104E8800FB681A64FB68002283F83C20012329E0B0
:104E9800FEF776FC02467B68D31ABA689A4202D3B8
:104EA800BB68002B16D1FB6800221A63FB6820221E
:104EB80083F83D20FB68002283F83E20FB681B6CCA
:104EC80043F02002FB681A64FB68002283F83C2048
:104ED800012307E0FB681B685B6903F04003402B74
:104EE800B5D1002318461037BD4680BD80B483B0C5
:104EF80000AF78607B681B685B6903F48063B3F577
:104F0800806F1BD17B681B686FF480625A617B6875
:104F180000221A637B68202283F83D207B680022E8
:104F280083F83E207B681B6C43F004027B681A649C
:104F38007B68002283F83C20012300E00023184608
:104F48000C37BD465DF8047B7047000080B586B01D
:104F580000AF78607B68002B01D1012367E27B6892
:104F68001B6803F00103002B75D0884B9B6803F086
:104F78000C03042B0CD0854B9B6803F00C03082B07
:104F880012D1824B5B6803F48003B3F5800F0BD119
:104F98007E4B1B6803F40033002B5BD07B685B6897
:104FA800002B57D1012342E27B685B68B3F5803F51
:104FB80006D1764B1B68754A43F4803313601DE0B5
:104FC8007B685B68B3F5A02F0CD1704B1B686F4AE8
:104FD80043F4802313606D4B1B686C4A43F48033A1
:104FE80013600BE0694B1B68684A23F48033136035
:104FF800664B1B68654A23F4802313607B685B68F3
:10500800002B13D0FEF7BCFB386108E0FEF7B8FBB5
:1050180002463B69D31A642B01D9032307E25B4B91
:105028001B6803F40033002BF0D014E0FEF7A8FB54
:10503800386108E0FEF7A4FB02463B69D31A642BEB
:1050480001D90323F3E1514B1B6803F40033002B10
:10505800F0D100E000BF7B681B6803F00203002B5F
:1050680063D04A4B9B6803F00C03002B0BD0474BD3
:105078009B6803F00C03082B1CD1444B5B6803F4BA
:105088008003002B16D1414B1B6803F00203002B51
:1050980005D07B68DB68012B01D00123C7E13B4BBE
:1050A8001B6823F0F8027B681B69DB003749134350
:1050B8000B603AE07B68DB68002B20D0344B012280
:1050C8001A60FEF75DFB386108E0FEF759FB0246FF
:1050D8003B69D31A022B01D90323A8E12B4B1B6888
:1050E80003F00203002BF0D0284B1B6823F0F802D2
:1050F8007B681B69DB00254913430B6015E0244BD3
:1051080000221A60FEF73CFB386108E0FEF738FB26
:1051180002463B69D31A022B01D9032387E11B4BB3
:105128001B6803F00203002BF0D17B681B6803F0B7
:105138000803002B36D07B685B69002B16D0154B13
:1051480001221A60FEF71CFB386108E0FEF718FB25
:1051580002463B69D31A022B01D9032367E10B4BA3
:105168005B6F03F00203002BF0D01BE0094B002219
:105178001A60FEF705FB38610EE0FEF701FB0246F8
:105188003B69D31A022B07D9032350E100380240A8
:1051980000004742800E4742884B5B6F03F00203D2
:1051A800002BEAD17B681B6803F00403002B00F096
:1051B80097800023FB75814B1B6C03F08053002BF9
:1051C8000FD10023BB607D4B1B6C7C4A43F080539E
:1051D80013647A4B1B6C03F08053BB60BB680123DC
:1051E800FB75774B1B6803F48073002B18D1744B45
:1051F8001B68734A43F480731360FEF7C1FA386181
:1052080008E0FEF7BDFA02463B69D31A022B01D922
:1052180003230CE16A4B1B6803F48073002BF0D066
:105228007B689B68012B06D1644B1B6F634A43F074
:10523800010313671CE07B689B68052B0CD15F4B4F
:105248001B6F5E4A43F0040313675C4B1B6F5B4A9A
:1052580043F0010313670BE0584B1B6F574A23F0C9
:1052680001031367554B1B6F544A23F0040313675C
:105278007B689B68002B15D0FEF782FA38610AE03C
:10528800FEF77EFA02463B69D31A41F2883293420E
:1052980001D90323CBE0494B1B6F03F00203002B1A
:1052A800EED014E0FEF76CFA38610AE0FEF768FA0F
:1052B80002463B69D31A41F28832934201D903234B
:1052C800B5E03E4B1B6F03F00203002BEED1FB7DD4
:1052D800012B05D1394B1B6C384A23F080531364DA
:1052E8007B689B69002B00F0A180344B9B6803F01E
:1052F8000C03082B5CD07B689B69022B41D1314B96
:1053080000221A60FEF73CFA386108E0FEF738FA26
:1053180002463B69D31A022B01D9032387E0274BA6
:105328001B6803F00073002BF0D17B68DA697B6897
:105338001B6A1A437B685B6A9B011A437B689B6AFA
:105348005B08013B1B041A437B68DB6A1B061B498D
:1053580013434B601B4B01221A60FEF711FA3861A8
:1053680008E0FEF70DFA02463B69D31A022B01D971
:1053780003235CE0114B1B6803F00073002BF0D093
:1053880054E0104B00221A60FEF7FAF9386108E081
:10539800FEF7F6F902463B69D31A022B01D903231B
:1053A80045E0064B1B6803F00073002BF0D13DE08D
:1053B8007B689B69012B07D1012338E00038024044
:1053C80000700040600047421B4B5B68FB607B68D5
:1053D8009B69012B28D0FB6803F480027B68DB699A
:1053E8009A4221D1FB6803F03F027B681B6A9A420C
:1053F8001AD1FA6847F6C07313407A68526A920164
:10540800934211D1FB6803F440327B689B6A5B08C6
:10541800013B1B049A4207D1FB6803F070627B686A
:10542800DB6A1B069A4201D0012300E000231846DC
:105438001837BD4680BD00BF0038024080B584B033
:1054480000AF786039607B68002B01D10123CCE084
:10545800684B1B6803F007033A689A420CD9654BFE
:105468003A68D2B21A70634B1B6803F007033A68B4
:105478009A4201D00123B8E07B681B6803F002035D
:10548800002B20D07B681B6803F00403002B05D099
:10549800594B9B68584A43F4E05393607B681B68F8
:1054A80003F00803002B05D0534B9B68524A43F482
:1054B80060439360504B9B6823F0F0027B689B68C5
:1054C8004D4913438B607B681B6803F00103002B75
:1054D80044D07B685B68012B07D1474B1B6803F4FA
:1054E8000033002B19D101237FE07B685B68022B16
:1054F80003D07B685B68032B07D13F4B1B6803F025
:105508000073002B09D101236FE03B4B1B6803F0AC
:105518000203002B01D1012367E0374B9B6823F07E
:1055280003027B685B68344913438B60FEF728F9F4
:10553800F8600AE0FEF724F90246FB68D31A41F244
:105548008832934201D903234FE02B4B9B6803F029
:105558000C027B685B689B009A42EBD1254B1B6869
:1055680003F007033A689A420CD2224B3A68D2B247
:105578001A70204B1B6803F007033A689A4201D05F
:10558800012332E07B681B6803F00403002B08D07A
:10559800194B9B6823F4E0527B68DB681649134378
:1055A8008B607B681B6803F00803002B09D0124B43
:1055B8009B6823F460427B681B69DB000E49134338
:1055C8008B6000F021F802460B4B9B681B0903F027
:1055D8000F030A49CB5C22FA03F3094A1360094B0B
:1055E8001B681846FEF788F8002318461037BD4692
:1055F80080BD00BF003C024000380240789F000890
:10560800080000200C0000202DE9B04F94B000AF36
:1056180000237B640023FB6400233B640023BB64FA
:10562800794B9B6803F00C03082B0DD0082B00F274
:10563800E180002B02D0042B03D0DBE0734BBB646A
:10564800DBE0734BBB64D8E06F4B5B6803F03F0350
:105658007B646D4B5B6803F48003002B63D06A4B5B
:105668005B689B090022BB63FA63BB6BC3F3080347
:105678003B6300237B63D7E90C4522462B464FF05A
:1056880000004FF00001590141EAD2615001024681
:105698000B462146511A3961294663EB01037B61A8
:1056A8004FF000024FF00003D7E904AB59468B01D5
:1056B800514643EA916351468A015146B2EB0108CB
:1056C800594663EB01094FF000024FF000034FEA1F
:1056D800C90343EA58734FEAC802904699462346DD
:1056E80018EB0303BB602B4649EB0303FB604FF049
:1056F80000024FF00003D7E9024529464B02214634
:1057080043EAD15321464A02104619467B6C0022CF
:10571800BB62FA62D7E90A23FAF75AFD02460B463A
:105728001346FB6458E0384B5B689B090022184617
:105738001146C0F308033B6200237B62D7E908895E
:1057480042464B464FF000004FF00001590141EA34
:10575800D261500102460B464146B2EB010A494666
:1057680063EB010B4FF000024FF000034FEA8B137D
:1057780043EA9A634FEA8A12B2EB0A0463EB0B0519
:105788004FF000024FF00003EB0043EA5473E200CD
:1057980014461D464346E3183B604B4645EB03035E
:1057A8007B604FF000024FF00003D7E9004529461F
:1057B8008B02214643EA915321468A021046194634
:1057C8007B6C0022BB61FA61D7E90623FAF700FD7A
:1057D80002460B461346FB640B4B5B681B0C03F03D
:1057E800030301335B003B64FA6C3B6CB2FBF3F3DD
:1057F800BB6402E0054BBB6400BFBB6C1846503766
:10580800BD46BDE8B08F00BF003802400024F40058
:1058180000127A0080B400AF034B1B681846BD46DF
:105828005DF8047B704700BF0800002080B500AF1A
:10583800FFF7F0FF0246054B9B689B0A03F007033E
:105848000349CB5C22FA03F3184680BD00380240B6
:10585800889F000880B582B000AF78607B68002B15
:1058680001D101237BE07B685B6A002B08D17B6850
:105878005B68B3F5827F09D07B680022DA6105E0B6
:105888007B6800221A617B6800225A617B680022CB
:105898009A627B6893F85130DBB2002B06D17B68A3
:1058A800002283F850207868FDF7FEFC7B6802220E
:1058B80083F851207B681B681A687B681B6822F094
:1058C80040021A607B685B6803F482727B689B689D
:1058D80003F404431A437B68DB6803F400631A4348
:1058E8007B681B6903F002031A437B685B6903F05A
:1058F80001031A437B689B6903F400731A437B68AE
:10590800DB6903F038031A437B681B6A03F08003E2
:1059180042EA03017B689B6A03F400527B681B68B8
:105928000A431A607B689B691B0C03F004017B68BF
:105938005B6A03F010027B681B680A435A607B6845
:105948001B68DA697B681B6822F40062DA617B688D
:1059580000225A657B68012283F8512000231846EB
:105968000837BD4680BD80B588B000AFF860B96023
:105978003B601346FB800023FB77FB6893F85030AD
:10598800012B01D1022326E1FB68012283F8502074
:10599800FDF7F6FEB861FB88FB82FB6893F851308F
:1059A800DBB2012B02D00223FB770BE1BB68002B93
:1059B80002D0FB88002B02D10123FB7702E1FB68B0
:1059C800032283F85120FB6800225A65FB68BA68F5
:1059D8001A63FB68FA889A86FB68FA88DA86FB6895
:1059E80000229A63FB6800229A87FB680022DA8704
:1059F800FB6800225A64FB6800221A64FB689B68F3
:105A0800B3F5004F0FD1FB681B681A68FB681B6869
:105A180022F040021A60FB681B681A68FB681B6862
:105A280042F480421A60FB681B681B6803F040035D
:105A3800402B07D0FB681B681A68FB681B6842F09C
:105A480040021A60FB68DB68B3F5006F4BD1FB6856
:105A58005B68002B02D0FB8A012B3ED1FB681B6BD5
:105A68001A88FB681B68DA60FB681B6B9A1CFB686A
:105A78001A63FB68DB8E9BB2013B9AB2FB68DA863D
:105A88002BE0FB681B689B6803F00203022B12D112
:105A9800FB681B6B1A88FB681B68DA60FB681B6B6A
:105AA8009A1CFB681A63FB68DB8E9BB2013B9AB2B7
:105AB800FB68DA8611E0FDF763FE0246BB69D31A7C
:105AC8003A689A4203D83B68B3F1FF3F02D13B687A
:105AD800002B02D10323FB7774E0FB68DB8E9BB2BB
:105AE800002BCED14CE0FB685B68002B02D0FB8A10
:105AF800012B40D1FB681A6BFB681B680C331278CA
:105B08001A70FB681B6B5A1CFB681A63FB68DB8EF8
:105B18009BB2013B9AB2FB68DA862CE0FB681B68F3
:105B28009B6803F00203022B13D1FB681A6BFB6816
:105B38001B680C3312781A70FB681B6B5A1CFB68C5
:105B48001A63FB68DB8E9BB2013B9AB2FB68DA866C
:105B580011E0FDF715FE0246BB69D31A3A689A426E
:105B680003D83B68B3F1FF3F02D13B68002B02D159
:105B78000323FB7726E0FB68DB8E9BB2002BCDD19D
:105B8800BA693968F86800F0CBFB0346002B02D0ED
:105B9800FB6820225A65FB689B68002B0AD100230A
:105BA8003B61FB681B68DB683B61FB681B689B68A3
:105BB8003B613B69FB685B6D002B02D00123FB77DF
:105BC80000E000BFFB68012283F85120FB68002237
:105BD80083F85020FB7F18462037BD4680BD80B52E
:105BE80088B002AFF860B9603B601346FB800023C1
:105BF800FB75FB685B68B3F5827F12D1FB689B6815
:105C0800002B0ED1FB68042283F85120FA883B68E8
:105C180000931346BA68B968F86800F0F1F80346CB
:105C2800EAE0FB6893F85030012B01D10223E3E04E
:105C3800FB68012283F85020FDF7A2FD3861FB685C
:105C480093F85130DBB2012B02D00223FB75CAE076
:105C5800BB68002B02D0FB88002B02D10123FB7507
:105C6800C1E0FB68042283F85120FB6800225A65D2
:105C7800FB68BA689A63FB68FA889A87FB68FA88AF
:105C8800DA87FB6800221A63FB6800229A86FB68A1
:105C98000022DA86FB6800221A64FB6800225A6434
:105CA800FB689B68B3F5004F0FD1FB681B681A6847
:105CB800FB681B6822F040021A60FB681B681A68C0
:105CC800FB681B6822F480421A60FB681B681B682B
:105CD80003F04003402B07D0FB681B681A68FB6879
:105CE8001B6842F040021A60FB68DB68002B62D137
:105CF8002EE0FB681B689B6803F00103012B15D19C
:105D0800FB681B6803F10C02FB689B6B1278D2B22C
:105D18001A70FB689B6B5A1CFB689A63FB68DB8FE5
:105D28009BB2013B9AB2FB68DA8711E0FDF728FDC8
:105D380002463B69D31A3A689A4203D83B68B3F1E2
:105D4800FF3F02D13B68002B02D10323FB754AE0D9
:105D5800FB68DB8F9BB2002BCBD131E0FB681B6863
:105D68009B6803F00103012B13D1FB681B68DA68F9
:105D7800FB689B6B92B21A80FB689B6B9A1CFB6852
:105D88009A63FB68DB8F9BB2013B9AB2FB68DA87A8
:105D980011E0FDF7F5FC02463B69D31A3A689A42CE
:105DA80003D83B68B3F1FF3F02D13B68002B02D117
:105DB8000323FB7517E0FB68DB8F9BB2002BCDD16B
:105DC8003A693968F86800F045FA0346002B02D0B2
:105DD800FB6820225A65FB685B6D002B02D001230B
:105DE800FB7500E000BFFB68012283F85120FB68C7
:105DF800002283F85020FB7D18461837BD4680BD29
:105E080080B58CB000AFF860B9607A607B80012300
:105E1800FB62002387F82B30FB6893F85030012B86
:105E280001D102238AE1FB68012283F85020FDF7A3
:105E3800A7FC7862FB6893F8513087F82330FB6839
:105E48005B68FB617B887B8397F82330012B0FD03D
:105E5800FB69B3F5827F07D1FB689B68002B03D1F0
:105E680097F82330042B03D0022387F82B305BE10B
:105E7800BB68002B05D07B68002B02D07B88002BE9
:105E880003D1012387F82B304EE1FB6893F851309A
:105E9800DBB2042B03D0FB68052283F85120FB6892
:105EA80000225A65FB687A689A63FB687A88DA8701
:105EB800FB687A889A87FB68BA681A63FB687A88ED
:105EC800DA86FB687A889A86FB6800221A64FB687F
:105ED80000225A64FB681B681B6803F04003402BD0
:105EE80007D0FB681B681A68FB681B6842F0400211
:105EF8001A60FB68DB68B3F5006F78D1FB685B68F4
:105F0800002B02D07B8B012B66D1FB681B6B1A8898
:105F1800FB681B68DA60FB681B6B9A1CFB681A63DA
:105F2800FB68DB8E9BB2013B9AB2FB68DA8653E0D2
:105F3800FB681B689B6803F00203022B1BD1FB68FC
:105F4800DB8E9BB2002B16D0FB6A012B13D1FB68AA
:105F58001B6B1A88FB681B68DA60FB681B6B9A1C52
:105F6800FB681A63FB68DB8E9BB2013B9AB2FB6845
:105F7800DA860023FB62FB681B689B6803F0010359
:105F8800012B19D1FB68DB8F9BB2002B14D0FB6867
:105F98001B68DA68FB689B6B92B21A80FB689B6B84
:105FA8009A1CFB689A63FB68DB8F9BB2013B9AB231
:105FB800FB68DA870123FB62FDF7E2FB02467B6A96
:105FC800D31ABA6B9A4207D8BB6BB3F1FF3F03D021
:105FD800032387F82B30A7E0FB68DB8E9BB2002BEE
:105FE800A6D1FB68DB8F9BB2002BA1D17CE0FB68BC
:105FF8005B68002B02D07B8B012B6BD1FB681A6B83
:10600800FB681B680C3312781A70FB681B6B5A1CF0
:10601800FB681A63FB68DB8E9BB2013B9AB2FB6894
:10602800DA8657E0FB681B689B6803F00203022BC3
:106038001CD1FB68DB8E9BB2002B17D0FB6A012BAF
:1060480014D1FB681A6BFB681B680C3312781A7042
:10605800FB681B6B5A1CFB681A63FB68DB8E9BB2E0
:10606800013B9AB2FB68DA860023FB62FB681B6877
:106078009B6803F00103012B19D1FB68DB8F9BB2EE
:10608800002B14D0FB681B68DA68FB689B6BD2B2E4
:106098001A70FB689B6B5A1CFB689A63FB68DB8F62
:1060A8009BB2013B9AB2FB68DA870123FB62FDF7DA
:1060B80067FB02467B6AD31ABA6B9A4203D8BB6B5A
:1060C800B3F1FF3F02D1BB6B002B03D1032387F849
:1060D8002B3029E0FB68DB8E9BB2002BA2D1FB683A
:1060E800DB8F9BB2002B9DD17A6AB96BF86800F000
:1060F80017F90346002B06D0012387F82B30FB68DD
:1061080020225A6510E0FB689B68002B0BD1002306
:106118007B61FB681B68DB687B61FB681B689B68AD
:106128007B617B6900E000BFFB68012283F8512096
:10613800FB68002283F8502097F82B301846303738
:10614800BD4680BD80B588B000AFF860B9603B60DF
:106158001346FB71FDF714FB0246BB6A9B1A3A68AB
:106168001344FB61FDF70CFBB861394B1B685B01FD
:106178001B0DFA6902FB03F37B6154E03B68B3F142
:10618800FF3F50D0FDF7FCFA0246BB69D31AFA6903
:106198009A4202D9FB69002B3DD1FB681B685A68FB
:1061A800FB681B6822F0E0025A60FB685B68B3F585
:1061B800827F11D1FB689B68B3F5004F04D0FB6860
:1061C8009B68B3F5806F07D1FB681B681A68FB688A
:1061D8001B6822F040021A60FB689B6AB3F5005FF7
:1061E8000FD1FB681B681A68FB681B6822F4005211
:1061F8001A60FB681B681A68FB681B6842F4005247
:106208001A60FB68012283F85120FB68002283F89A
:106218005020032317E07B69002B01D10023FB6189
:106228007B69013B7B61FB681B689A68BB6813400C
:10623800BA689A420CBF01230023DBB21A46FB79E5
:106248009A429BD1002318462037BD4680BD00BF27
:106258000800002080B586B002AFF860B9607A60A7
:10626800FB685B68B3F5827F11D1FB689B68B3F567
:10627800004F04D0FB689B68B3F5806F07D1FB68BB
:106288001B681A68FB681B6822F040021A60FB68EA
:106298005B68B3F5827F2AD1FB689B68B3F5806F92
:1062A80012D07B680093BB6800228021F868FFF752
:1062B80049FF0346002B2DD0FB685B6D43F020029D
:1062C800FB685A65032326E07B680093BB680022BD
:1062D8000121F868FFF736FF0346002B1AD0FB6848
:1062E8005B6D43F02002FB685A65032313E07B686B
:1062F8000093BB6800220121F868FFF723FF0346DB
:10630800002B07D0FB685B6D43F02002FB685A65E1
:10631800032300E0002318461037BD4680BD000067
:1063280080B588B002AFF860B9607A601B4B1B6813
:106338001B4AA2FB03235B0D4FF47A7202FB03F3A3
:106348007B61FB685B68B3F5827F12D17B68009341
:10635800BB6800228021F868FFF7F4FE0346002B93
:1063680016D0FB685B6D43F02002FB685A65032377
:106378000FE07B69002B0AD07B69013B7B61FB68DE
:106388001B689B6803F08003802BF2D000E000BFFD
:10639800002318461837BD4680BD00BF08000020FE
:1063A800819F5E1680B584B000AFF860B9607A60EE
:1063B800FB68002B01D1012334E0FB6893F84930D6
:1063C800DBB2002B06D1FB68002283F84820F8686E
:1063D800FAF778FAFB681A68FB680833194610461A
:1063E80000F0A6FCFB681868FB689B681A46B96849
:1063F80000F0F0FCFB685868FB689A68FB681B6B48
:10640800796800F025FDFB681B68FA68926853F804
:106418002210FB681B68FA68926841F0010143F892
:106428002210002318461037BD4680BD80B582B0C3
:1064380000AF78607B68002B01D1012341E07B68C5
:1064480093F83D30DBB2002B06D17B68002283F83D
:106458003C207868FDF782F87B68022283F83D20AB
:106468007B681A687B6804331946104600F096FA70
:106478007B68012283F846207B68012283F83E204E
:106488007B68012283F83F207B68012283F8402043
:106498007B68012283F841207B68012283F842202F
:1064A8007B68012283F843207B68012283F844201B
:1064B8007B68012283F845207B68012283F83D2010
:1064C800002318460837BD4680BD000080B485B05B
:1064D80000AF78607B6893F83D30DBB2012B01D0C8
:1064E80001234EE07B68022283F83D207B681B680D
:1064F800DA687B681B6842F00102DA607B681B6817
:10650800234A934222D07B681B68B3F1804F1DD089
:106518007B681B681F4A934218D07B681B681E4A19
:10652800934213D07B681B681C4A93420ED07B6849
:106538001B681B4A934209D07B681B68194A93421F
:1065480004D07B681B68184A934211D17B681B688A
:106558009B6803F00703FB60FB68062B10D07B6881
:106568001B681A687B681B6842F001021A6007E022
:106578007B681B681A687B681B6842F001021A6016
:10658800002318461437BD465DF8047B704700BFEA
:10659800000001400004004000080040000C0040DA
:1065A80000040140004001400018004080B582B05E
:1065B80000AF78607B681B681B6903F00203022B3D
:1065C80022D17B681B68DB6803F00203022B1BD116
:1065D8007B681B686FF002021A617B6801221A77D8
:1065E8007B681B689B6903F00303002B03D0786862
:1065F80000F0B5F905E0786800F0A7F9786800F0D0
:10660800B8F97B6800221A777B681B681B6903F05E
:106618000403042B22D17B681B68DB6803F00403A6
:10662800042B1BD17B681B686FF004021A617B681E
:1066380002221A777B681B689B6903F44073002B5E
:1066480003D0786800F08BF905E0786800F07DF9F0
:10665800786800F08EF97B6800221A777B681B68DF
:106668001B6903F00803082B22D17B681B68DB68D1
:1066780003F00803082B1BD17B681B686FF0080226
:106688001A617B6804221A777B681B68DB6903F050
:106698000303002B03D0786800F061F905E07868FF
:1066A80000F053F9786800F064F97B6800221A77E3
:1066B8007B681B681B6903F01003102B22D17B68D1
:1066C8001B68DB6803F01003102B1BD17B681B6869
:1066D8006FF010021A617B6808221A777B681B68C2
:1066E800DB6903F44073002B03D0786800F037F9B6
:1066F80005E0786800F029F9786800F03AF97B68D5
:1067080000221A777B681B681B6903F00103012BC1
:106718000ED17B681B68DB6803F00103012B07D1EE
:106728007B681B686FF001021A617868FCF73AFD14
:106738007B681B681B6903F08003802B0ED17B6884
:106748001B68DB6803F08003802B07D17B681B681C
:106758006FF080021A61786800F0E0FA7B681B68C5
:106768001B6903F04003402B0ED17B681B68DB6874
:1067780003F04003402B07D17B681B686FF0400291
:106788001A61786800F0FFF87B681B681B6903F0E2
:106798002003202B0ED17B681B68DB6803F02003E5
:1067A800202B07D17B681B686FF020021A6178687C
:1067B80000F0AAFA00BF0837BD4680BD80B584B096
:1067C80000AF786039600023FB737B6893F83C3036
:1067D800012B01D10223B4E07B68012283F83C201D
:1067E8007B68022283F83D207B681B689B68BB603E
:1067F800BB6823F07703BB60BB6823F47F43BB60AF
:106808007B681B68BA689A603B681B68B3F5005FD1
:106818003ED0B3F5005F00F28780B3F5805F00F0EB
:106828008680B3F5805F7FD8702B1AD0702B7BD809
:10683800602B50D0602B77D8502B3CD0502B73D87E
:10684800402B58D0402B6FD8302B64D0302B6BD8CE
:10685800202B60D0202B67D8002B5CD0102B5AD06F
:1068680062E07B6818683B6899683B685A683B68CF
:10687800DB6800F0ADF97B681B689B68BB60BB6890
:1068880043F07703BB607B681B68BA689A604FE087
:106898007B6818683B6899683B685A683B68DB689E
:1068A80000F096F97B681B689A687B681B6842F45D
:1068B80080429A603CE07B6818683B6859683B688E
:1068C800DB681A4600F00AF97B681B6850211846F5
:1068D80000F063F92CE07B6818683B6859683B68EE
:1068E800DB681A4600F029F97B681B6860211846A6
:1068F80000F053F91CE07B6818683B6859683B68EE
:10690800DB681A4600F0EAF87B681B6840211846E5
:1069180000F043F90CE07B681A683B681B6819466D
:10692800104600F03AF903E00123FB7300E000BFD2
:106938007B68012283F83D207B68002283F83C2095
:10694800FB7B18461037BD4680BD80B483B000AFCE
:10695800786000BF0C37BD465DF8047B704780B493
:1069680083B000AF786000BF0C37BD465DF8047B8C
:10697800704780B483B000AF786000BF0C37BD4665
:106988005DF8047B704780B483B000AF786000BFC7
:106998000C37BD465DF8047B7047000080B485B0B5
:1069A80000AF786039607B681B68FB607B68404A91
:1069B800934213D07B68B3F1804F0FD07B683D4A78
:1069C80093420BD07B683C4A934207D07B683B4A92
:1069D800934203D07B683A4A934208D1FB6823F07C
:1069E8007003FB603B685B68FA681343FB607B6875
:1069F8002F4A93422BD07B68B3F1804F27D07B6816
:106A08002C4A934223D07B682B4A93421FD07B6841
:106A18002A4A93421BD07B68294A934217D07B6845
:106A2800284A934213D07B68274A93420FD07B6849
:106A3800264A93420BD07B68254A934207D07B684D
:106A4800244A934203D07B68234A934208D1FB68C7
:106A580023F44073FB603B68DB68FA681343FB6010
:106A6800FB6823F080023B685B691343FB607B682B
:106A7800FA681A603B689A687B68DA623B681A6849
:106A88007B689A627B680A4A934203D07B680C4A07
:106A9800934203D13B681A697B681A637B680122B9
:106AA8005A6100BF1437BD465DF8047B704700BFCC
:106AB800000001400004004000080040000C0040B5
:106AC80000040140004001400044014000480140EA
:106AD80000180040001C00400020004080B487B02F
:106AE80000AFF860B9607A60FB681B6A7B61FB687D
:106AF8001B6A23F00102FB681A62FB689B693B6111
:106B08003B6923F0F0033B617B681B013A6913433F
:106B18003B617B6923F00A037B617A69BB68134395
:106B28007B61FB683A699A61FB687A691A6200BFFF
:106B38001C37BD465DF8047B704780B487B000AF52
:106B4800F860B9607A60FB681B6A23F01002FB6882
:106B58001A62FB689B697B61FB681B6A3B617B6906
:106B680023F470437B617B681B037A6913437B6161
:106B78003B6923F0A0033B61BB681B013A691343DF
:106B88003B61FB687A699A61FB683A691A6200BFDF
:106B98001C37BD465DF8047B704780B485B000AFF4
:106BA800786039607B689B68FB60FB6823F0700342
:106BB800FB603A68FB68134343F00703FB607B689C
:106BC800FA689A6000BF1437BD465DF8047B7047C9
:106BD80080B487B000AFF860B9607A603B60FB684A
:106BE8009B687B617B6923F47F437B613B681A0266
:106BF8007B681A43BB6813437A6913437B61FB685C
:106C08007A699A6000BF1C37BD465DF8047B7047FF
:106C180080B485B000AF786039607B6893F83C3009
:106C2800012B01D102235AE07B68012283F83C2022
:106C38007B68022283F83D207B681B685B68FB60E9
:106C48007B681B689B68BB60FB6823F07003FB6074
:106C58003B681B68FA681343FB607B681B68FA682B
:106C68005A607B681B68214A934222D07B681B6864
:106C7800B3F1804F1DD07B681B681D4A934218D022
:106C88007B681B681B4A934213D07B681B681A4AAF
:106C980093420ED07B681B68184A934209D07B68E0
:106CA8001B68174A934204D07B681B68154A9342B5
:106CB8000CD1BB6823F08003BB603B685B68BA6893
:106CC8001343BB607B681B68BA689A607B680122C3
:106CD80083F83D207B68002283F83C200023184677
:106CE8001437BD465DF8047B704700BF00000140C3
:106CF8000004004000080040000C0040000401406F
:106D0800004001400018004080B483B000AF7860B4
:106D180000BF0C37BD465DF8047B704780B483B074
:106D280000AF786000BF0C37BD465DF8047B704744
:106D380080B485B000AF786039600023FB603B68A1
:106D48001A687B6853F82230FB60FA68204B1340BE
:106D5800FB603B685A683B689B681A433B68DB6882
:106D68001A433B681B691A433B685B691A433B68D3
:106D78009B691A433B68DB691A433B681B6A1A43E1
:106D88003B685B6A1A433B689B6A1A433B68DB6A49
:106D98001A433B68DB6B1A433B681B6B1343FA6867
:106DA8001343FB603B689B68082B03D1FB6843F0E7
:106DB8004003FB603B681A687B68F96843F8221057
:106DC800002318461437BD465DF8047B704700BFA2
:106DD8008000F0FF80B487B000AFF860B9607A60D7
:106DE80000237B617B685A1CFB6853F822307B6167
:106DF8007B6903F040437B61BB681A68BB685B68CA
:106E08001B011A43BB689B681B021A43BB68DB68FB
:106E18001B041A43BB681B69013B1B051A43BB686B
:106E28005B69023B1B061A43BB689B6913437A697B
:106E380013437B617B685A1CFB68796943F822100D
:106E4800002318461C37BD465DF8047B70470000D8
:106E580080B487B000AFF860B9607A603B60002307
:106E68007B613B68B3F5804F22D1FB687A6853F8A1
:106E780022307B617A69154B13407B61BB681A68C5
:106E8800BB685B681B011A43BB689B681B021A43FB
:106E9800BB68DB681B041A43BB689B6913437A69A8
:106EA80013437B61FB687A68796943F8221005E02F
:106EB800FB687A686FF0704143F822100023184687
:106EC8001C37BD465DF8047B704700BF0000F0CF5B
:106ED80002440346934200D1704703F8011BF9E7C7
:106EE80070B50D4D0D4C641BA4100026A64209D1A7
:106EF8000B4D0C4C00F018F8641BA4100026A64299
:106F080005D170BD55F8043B98470136EEE755F8B2
:106F1800043B98470136F2E7989F0008989F0008BD
:106F2800989F00089C9F0008F8B500BFF8BC08BCF3
:106F38009E467047F8B500BFF8BC08BC9E4670472F
:106F480053554E004D4F4E0054554500574544008B
:106F58005448550046524900534154004A414E0096
:106F6800464542004D415200415052004D415900A2
:106F78004A554E004A554C0041554700534550006C
:106F88004F4354004E4F5600444543002020204DA7
:106F98004F4445313A205741544348494E472043CE
:106FA8004C4F434B2020200054494D45205550213B
:106FB800000000002020204D4F4445323A20534520
:106FC8005454494E4720434C4F434B202020000047
:106FD800202020204D4F4445333A20534348454410
:106FE800554C455220202000202000002020200061
:106FF8000000000000000000000000000000000089
:107008000000000808080808080800001818000010
:1070180000486C241200000000000000000000007E
:107028000000002424247F1212127F121212000082
:107038000000081C2A2A0A0C1828282A2A1C0808D2
:1070480000000022251515152A5854545422000012
:107058000000000C1212120A76252911916E000008
:107068000006060403000000000000000000000005
:1070780000402010100808080808081010204000D8
:10708800000204080810101010101008080402006C
:107098000000000008086B1C1C6B080800000000BA
:1070A80000000000080808087F0808080800000019
:1070B80000000000000000000000000006060403B5
:1070C8000000000000000000FE00000000000000BA
:1070D800000000000000000000000000060600009C
:1070E800000080404020201010080804040202001C
:1070F8000000001824424242424242422418000042
:10710800000000080E08080808080808083E0000E3
:107118000000003C4242422020100804427E000049
:107128000000003C4242201820404042221C00003F
:10713800000000203028242422227E20207800000D
:107148000000007E0202021A26404042221C000073
:10715800000000382402021A264242422418000085
:107168000000007E22221010080808080808000005
:107178000000003C4242422418244242423C0000A3
:10718800000000182442424264584040241C000079
:107198000000000000001818000000001818000087
:1071A80000000000000000080000000000080804BB
:1071B80000000040201008040204081020400000CD
:1071C8000000000000007F0000007F0000000000B9
:1071D80000000002040810204020100804020000EB
:1071E8000000003C424246402010100018180000E1
:1071F8000000001C225A555555552D42221C0000EE
:107208000000000808181414243C224242E7000039
:107218000000001F2222221E22424242221F00009A
:107228000000007C4242010101010142221C0000D1
:107238000000001F2242424242424242221F0000F6
:107248000000003F4212121E12120242423F00008A
:107258000000003F4212121E121202020207000032
:107268000000003C2222010101712122221C0000A1
:10727800000000E7424242427E42424242E70000AA
:107288000000003E0808080808080808083E000032
:107298000000007C10101010101010101010110FAA
:1072A8000000007722120A0E0A121222227700002A
:1072B800000000070202020202020202427F0000EE
:1072C80000000077363636362A2A2A2A2A6B00002A
:1072D800000000E346464A4A5252526262470000A2
:1072E8000000001C2241414141414141221C000053
:1072F8000000003F424242423E02020202070000F2
:107308000000001C2241414141414D53321C6000A4
:107318000000003F4242423E1212222242C70000B1
:107328000000007C4242020418204042423E000015
:107338000000007F4908080808080808081C000021
:10734800000000E74242424242424242423C0000C0
:10735800000000E742422224241414180808000000
:107368000000006B49494949555536222222000040
:10737800000000E7422424181818242442E70000DB
:10738800000000772222141408080808081C0000CE
:107398000000007E2120101008040442423F000033
:1073A8000078080808080808080808080808780085
:1073B80000000202040408080810102020204040A1
:1073C800001E1010101010101010101010101E00B9
:1073D8000038440000000000000000000000000029
:1073E800000000000000000000000000000000FF96
:1073F8000006080000000000000000000000000077
:10740800000000000000003C4278444242FC0000BA
:10741800000000030202021A26424242261A000015
:107428000000000000000038440202024438000056
:1074380000000060404040784442424264D8000066
:10744800000000000000003C427E0202423C0000B6
:10745800000000F08808087E08080808083E0000B8
:10746800000000000000007C22221C023C42423C3A
:10747800000000030202023A4642424242E700008C
:107488000000000C0C00000E08080808083E000068
:107498000000003030000038202020202020221E4C
:1074A8000000000302020272120A1612227700007C
:1074B8000000000E0808080808080808083E000030
:1074C800000000000000007F9292929292B70000A4
:1074D800000000000000003B4642424242E7000034
:1074E800000000000000003C42424242423C0000D2
:1074F800000000000000001B26424242221E020734
:10750800000000000000007844424242447840E015
:1075180000000000000000774C040404041F000071
:10752800000000000000007C42023C40423E000097
:10753800000000000008083E08080808083000009D
:1075480000000000000000634242424262DC00008A
:1075580000000000000000E742242414080800008E
:1075680000000000000000EB4949555522220000A8
:10757800000000000000007624181818246E00008F
:1075880000000000000000E742242414180808073F
:10759800000000000000007E22100808447E000061
:1075A80000C0202020202010202020202020C000E3
:1075B80010101010101010101010101010101010C3
:1075C800000608080808081008080808080806003F
:1075D8000C32C200000000000000000000000000A3
:1075E8000000000000000000000000000000000093
:1075F8000000000000000000000000000000000083
:107608000000000000000000000000000000000072
:107618000000000000000000E000E000E000E000E2
:10762800E0004000400040004000400040000000F2
:1076380000000000E000E000E000000000000000A2
:1076480000000000600660063003980188004400CE
:107658000000000000000000000000000000000022
:107668000000000000000000000000000000000012
:1076780000000000000000000000080208020802E4
:107688000802FE07FE070802080204010401FE07BB
:10769800FE070401040104010401000000000000C9
:1076A80000000000000040004000F00158034C03B7
:1076B8004C034C0058007000E000C001C0014003BA
:1076C8004C034C034C034801F0004000400000000C
:1076D800000000000000000000000E030A01110174
:1076E80091009100D1005100FA03AE0260045004E9
:1076F8005004580448048802840300000000000075
:107708000000000000000000000038006400640071
:1077180064006400A4031C010C011A019200B30068
:10772800E3006300C300A6041C030000000000007F
:10773800000000000C001C001000100008000600EB
:107748000000000000000000000000000000000031
:107758000000000000000000000000000000000021
:107768000000000000040002000180018000C00049
:10777800C0006000600060006000600060006000A1
:10778800C000C00080008001000100020004000069
:10779800000000000200040008001800100030007B
:1077A8003000600060006000600060006000600001
:1077B800300030001000180008000400020000002B
:1077C8000000000000000000000000004000400031
:1077D80040004E0E5C07F001F0015C074E0E4000C1
:1077E8004000400000000000000000000000000011
:1077F8000000000000000000000000000000400041
:107808004000400040004000FE0F400040004000A3
:1078180040004000000000000000000000000000E0
:107828000000000000000000000000000000000050
:107838000000000000000000000000000000000040
:10784800000000000C001C001000100008000600DA
:107858000000000000000000000000000000000020
:107868000000000000000000FE070000000000000B
:107878000000000000000000000000000000000000
:1078880000000000000000000000000000000000F0
:1078980000000000000000000000000000000000E0
:1078A800000000001C001C001C000000000000007C
:1078B80000000000000400060002000300010001AF
:1078C8008000800040004000600020002000100080
:1078D8001000080008000C00040006000200000068
:1078E80000000000000000000000F00098010C03F8
:1078F8000C0306060606060606060606060606061D
:1079080006060C030C039801F000000000000000BC
:1079180000000000000000000000400060007C0043
:10792800600060006000600060006000600060004F
:107938006000600060006000FC03000000000000C0
:1079480000000000000000000000F80084010203AD
:1079580006030603000380018001C0002000100018
:10796800080204020202FE03FE03000000000000F9
:10797800000000000000000000007800C40086013C
:10798800860186018001C0007000800100010003AB
:107998000603060306038401F80000000000000047
:1079A800000000000000000000018001C001C001CB
:1079B800A001900190018801840184018201FE07E1
:1079C8008001800180018001E007000000000000C4
:1079D80000000000000000000000FC03FC0304009D
:1079E800040004000400F4008C01040300030003F5
:1079F8000603060382018401F8000000000000006D
:107A080000000000000000000000E00118030C0363
:107A18000C0004000600E60116030E06060606061C
:107A2800060604060C021803F0000000000000001F
:107A380000000000000000000000F807FC070C022E
:107A48000401040100018000800040004000400063
:107A5800600060006000600060000000000000003E
:107A680000000000000000000000F8010C030606FA
:107A7800060606060E023C03F000CC0104030606C7
:107A88000606060606060C03F001000000000000CA
:107A980000000000000000000000F0000C010C03D2
:107AA800060206060606060606078C06780600067F
:107AB800000300030C018C017800000000000000A6
:107AC80000000000000000000000000000000000AE
:107AD8000000E000E000E0000000000000000000FE
:107AE80000000000E000E000E000000000000000EE
:107AF800000000000000000000000000000000007E
:107B080000000000600060000000000000000000AD
:107B1800000000000000600060004000200000003D
:107B280000000000000000000004000200018000C6
:107B38004000200010000800040008001000200089
:107B48004000800000010002000400000000000066
:107B5800000000000000000000000000000000001D
:107B680000000000FE070000000000000000FE0703
:107B780000000000000000000000000000000000FD
:107B880000000000000000000400080010002000B1
:107B98004000800000010002000400020001800093
:107BA8004000200010000800040000000000000051
:107BB8000000000000000000F0010C0302060206AD
:107BC8000606060600038001600020002000200051
:107BD800000000007000700070000000000000004D
:107BE80000000000000000000000E0013806080462
:107BF800CC0A640B26092609160916099609960562
:107C080066030C080C041802E001000000000000E4
:107C1800000000000000000000006000600070002C
:107C2800D000D000C800880188018801F801040349
:107C380004030403040606060F0F000000000000FA
:107C480000000000000000000000FF00860106039D
:107C58000603060306038601FE000603060206065F
:107C68000606060606060603FF01000000000000DF
:107C780000000000000000000000E00718060C04E7
:107C88000C040400060006000600060006000600B4
:107C980006040C040C021801F000000000000000AB
:107CA800000000000000000000007F0086010603BD
:107CB800060306060606060606060606060606065F
:107CC800060606030603C6017F0000000000000048
:107CD80000000000000000000000FF030602060488
:107CE8000600060086008600FE0086008600060064
:107CF8000600060406040602FF0300000000000058
:107D080000000000000000000000FF030603060456
:107D18000604060086008600FE008600860006002F
:107D280006000600060006000F0000000000000024
:107D380000000000000000000000F00218030C0220
:107D48000C0204000600060006000600C60F060323
:107D580006030C030C031803F000000000000000E9
:107D6800000000000000000000000F0F06060606D5
:107D78000606060606060606FE07060606060606A2
:107D880006060606060606060F0F0000000000009D
:107D980000000000000000000000FC03600060001C
:107DA80060006000600060006000600060006000CB
:107DB8006000600060006000FC030000000000003C
:107DC80000000000000000000000F00F80018001AA
:107DD8008001800180018001800180018001800193
:107DE800800180018001800180018601C6007C003D
:107DF80000000000000000000000CF070601860018
:107E080046004600260036003E006E00E600C6002A
:107E1800C6018601060306078F0F00000000000058
:107E2800000000000000000000000F00060006002F
:107E3800060006000600060006000600060006000A
:107E48000600060406040602FF0300000000000006
:107E5800000000000000000000000F0F0E070E07D2
:107E68000E079A069A069A069A065A067206720625
:107E78007206720622062206270F00000000000084
:107E880000000000000000000000070E0E040E04B1
:107E98001A041A04320462046204C204C204820589
:107EA800020702070206020607040000000000009D
:107EB80000000000000000000000F00098010C0322
:107EC8000C02060606060606060606060606060648
:107ED80006060C020C039801F000000000000000E8
:107EE80000000000000000000000FF010603060675
:107EF80006060606060606060603FE010600060036
:107F080006000600060006000F0000000000000042
:107F180000000000000000000000F00098010C03C1
:107F28000C020606060606060606060606060606E7
:107F380076064C028C038801F001800700030000DC
:107F480000000000000000000000FF010603060614
:107F58000606060606060603FE006600C600C600FC
:107F680086018601060306030F0E000000000000CC
:107F780000000000000000000000F8040C070604E0
:107F8800060406000E003C00F000C00300030006D3
:107F98000206020606060E03F201000000000000B9
:107FA80000000000000000000000FE0762046108F5
:107FB80061086000600060006000600060006000B0
:107FC8006000600060006000F00000000000000039
:107FD800000000000000000000000F0E0604060468
:107FE8000604060406040604060406040604060439
:107FF8000604060406040C02F80100000000000054
:10800800000000000000000000001F0F0E060C0218
:108018000C020C020C011801180118011801B0001B
:10802800B000B000F0006000600000000000000038
:1080380000000000000000000000EF0E6604660467
:1080480066026602E602EC02EC02DC01DC01DC01FD
:10805800DC019C0188008800880000000000000006
:10806800000000000000000000009E070C0318013B
:1080780018019800B000700060006000E000D000B7
:10808800D001980188010C039E0700000000000041
:10809800000000000000000000001F0F0E060C0288
:1080A8000C0118011801B000B000700060006000F9
:1080B8006000600060006000F8010000000000003F
:1080C80000000000000000000000FC070403820319
:1080D8008001C001C000C0006000600030003000B6
:1080E800180018041C040C02FE0300000000000025
:1080F80000000000E00720002000200020002000F1
:108108002000200020002000200020002000200067
:10811800200020002000200020002000E0070000B0
:10812800000000000000000004000800080008002B
:1081380010001000200020002000400040008000B7
:10814800800080000001000100020002000200041B
:1081580000000000FC00800080008000800080009B
:108168008000800080008000800080008000800007
:10817800800080008000800080008000FC000000FB
:1081880000000000E000B00108020000000000004C
:1081980000000000000000000000000000000000D7
:1081A80000000000000000000000000000000000C7
:1081B80000000000000000000000000000000000B7
:1081C80000000000000000000000000000000000A7
:1081D8000000000000000000000000000000FF0F89
:1081E800000000001800600000000000000000000F
:1081F8000000000000000000000000000000000077
:108208000000000000000000000000000000000066
:108218000000000000000000000000000000000056
:1082280000000000F0010C030C03E00338030C030A
:108238000603060306038E0B7C0F000000000000F7
:10824800000000000000000008000E000C000C00F8
:108258000C000C00CC013C031C060C060C060C069A
:108268000C060C060C021C03F401000000000000C0
:1082780000000000000000000000000000000000F6
:1082880000000000F0008C018C0186010600060049
:10829800060006020C020C01F000000000000000BD
:1082A800000000000000000000028003000300033B
:1082B8000003000378038C030C030603060306037C
:1082C8000603060304038C07780100000000000081
:1082D8000000000000000000000000000000000096
:1082E80000000000E001180308060C06FC070C005B
:1082F8000C000C0018043802E00100000000000027
:1083080000000000000000000000C0036006300606
:1083180030003000FE033000300030003000300004
:108328003000300030003000FC0100000000000088
:108338000000000000000000000000000000000035
:1083480000000000F00E98090C030C030C039801C0
:10835800F8000C007C00F803060606060E07F80174
:10836800000000000000000008000E000C000C00D7
:108378000C000C00EC011C030C030C030C030C0395
:108388000C030C030C030C039E0700000000000004
:108398000000000000000000000060006000000015
:1083A800000000007C006000600060006000600069
:1083B8006000600060006000FC0300000000000036
:1083C80000000000000000000000800180010000A3
:1083D80000000000F001800180018001800180011F
:1083E800800180018001800180018001CC007C0037
:1083F800000000000000000008000E000C000C0047
:108408000C000C00CC038C00CC004C006C007C00F1
:10841800DC00CC008C018C019E07000000000000ED
:10842800000000000000000040007C0060006000C8
:108438006000600060006000600060006000600034
:108448006000600060006000FC03000000000000A5
:108458000000000000000000000000000000000014
:10846800000000007707EE066606660666066606E2
:108478006606660666066606EF0E00000000000047
:1084880000000000000000000000000000000000E4
:1084980000000000CE013C030C030C030C030C038A
:1084A8000C030C030C030C039E07000000000000E3
:1084B80000000000000000000000000000000000B4
:1084C80000000000F00098010C03060606060606E8
:1084D800060606060C030C03F0000000000000006E
:1084E8000000000000000000000000000000000084
:1084F80000000000EE011C030C060C060C060C061E
:108508000C060C060C031C03EC010C000C003E00CE
:108518000000000000000000000000000000000053
:108528000000000078028C030C0306030603060310
:108538000603060304038C03780300030003C00743
:108548000000000000000000000000000000000023
:10855800000000009F07580638001800180018008F
:108568001800180018001800FF00000000000000A4
:1085780000000000000000000000000000000000F3
:1085880000000000F00718060C040C003800F00189
:108598008003040604060C03FC0100000000000030
:1085A8000000000000000000000000002000200083
:1085B80030003000FE013000300030003000300064
:1085C8003000300030023002E001000000000000FE
:1085D8000000000000000000000000000000000093
:1085E800000008028E030C030C030C030C030C039D
:1085F8000C030C030C039C0778010000000000002A
:108608000000000000000000000000000000000062
:10861800000000003E0F1C0618021802300130014D
:108628003001E000E000E000400000000000000031
:108638000000000000000000000000000000000032
:1086480000000000EF0DC604C604E604EC04AC0309
:108658009C039C039C030801080100000000000023
:108668000000000000000000000000000000000002
:1086780000000000BE0718019801B00070006000FB
:10868800E000D00098018803DE0700000000000029
:1086980000000000000000000000000000000000D2
:1086A80000000000BE071C0118011801B000B0004E
:1086B800B0006000600040002000200014001C0092
:1086C80000000000000000000000000000000000A2
:1086D80000000000FC038401C401C000E000600049
:1086E8007000300438041806FC0300000000000085
:1086F80000000000000380018000800080008000EE
:10870800800080008000C0002000C0008000800041
:10871800800080008000800080008001000300004D
:108728004000400040004000400040004000400041
:108738004000400040004000400040004000400031
:108748004000400040004000400040004000400021
:10875800000000000C0018001000100010001000AD
:108768001000100010003000400030001000100011
:108778001000100010001000100018000C0000007D
:1087880000001C00240042088204000700000000CA
:1087980000000000000000000000000000000000D1
:1087A80000000000000000000000000000000000C1
:1087B80000000000000000000000000000000000B1
:1087C80000000000000000000000000000000000A1
:1087D8000000000000000000000000000000000091
:1087E8000000000000000000000000000000000081
:1087F80000000000000000000000C001C001C0012E
:10880800C001C001C001C00180008000800080005C
:10881800800080008000000000000000000080014F
:10882800C003C00380010000000000000000000039
:10883800000000000000E01CE01CF01E700E38076D
:108848001803080184000000000000000000000078
:108858000000000000000000000000000000000010
:108868000000000000000000000000000000000000
:108878000000000000000000000000002010201090
:10888800201020102010FE7FFE7F1008100810080E
:108898001008100810081008FE7FFE7F080408045E
:1088A800080408040804000000000000000000009C
:1088B800000000000000000000010001C00760196E
:1088C800103118311839183938017001E001C00326
:1088D8008007000F001D003900311C311C310C319C
:1088E8000C11180DE0070001000100010000000054
:1088F8000000000000000000000000001C103618F6
:108908006308630C63046304630263026301361D36
:108918009C37802280634063406320632063306318
:1089280010221836081C000000000000000000009B
:10893800000000000000000000000000F0009801A6
:108948008C018C018C018C018C00CC007800183EC5
:108958001C083608320863046304C304C303834352
:1089680006438E26781C000000000000000000006E
:108978000000000000001C003C003C0030003000FB
:1089880010000C00060000000000000000000000BD
:1089980000000000000000000000000000000000CF
:1089A80000000000000000000000000000000000BF
:1089B8000000000000000040002000100008000C2B
:1089C8000004000600030003000380018001800109
:1089D8008001800180018001800100030003000301
:1089E80000060006000C00080010002000400000EF
:1089F8000000000000000200040008001000300021
:108A080020006000C000C000C0008001800180011B
:108A180080018001800180018001C000C000C00089
:108A28006000600030001000080004000200000030
:108A3800000000000000000000000000000000002E
:108A480000018003800300011C713C79783DC00758
:108A58000001C007783D3C791C7100018003800348
:108A6800800100000000000000000000000000007D
:108A780000000000000000000000000000000000EE
:108A880000000001000100010001000100010001D7
:108A9800FC7F00010001000100010001000100014C
:108AA80000000000000000000000000000000000BE
:108AB80000000000000000000000000000000000AE
:108AC800000000000000000000000000000000009E
:108AD800000000000000000000000000000000008E
:108AE8001C003C003C003000300010000C00060068
:108AF800000000000000000000000000000000006E
:108B0800000000000000000000000000000000005D
:108B1800FE7F0000000000000000000000000000D0
:108B2800000000000000000000000000000000003D
:108B3800000000000000000000000000000000002D
:108B4800000000000000000000000000000000001D
:108B580000000000000000000000000000001800F5
:108B68003C003C001800000000000000000000006D
:108B780000000000000000400060002000300010ED
:108B880000180008000C00040006000200030001A1
:108B980080018000C000400060002000300010000C
:108BA800180008000C000400060002000000000085
:108BB800000000000000000000000000C007600C7A
:108BC80030181830183018200C600C600C600C60DD
:108BD8000C600C600C600C600C60182018301830A9
:108BE8003018600CC0070000000000000000000002
:108BF80000000000000000000000000000018001EB
:108C0800F8018001800180018001800180018001DC
:108C18008001800180018001800180018001800144
:108C28008001C003F81F00000000000000000000E1
:108C3800000000000000000000000000E007101C19
:108C48000818043004300C300C30003000180008CC
:108C580000040002000180004000202010200820AD
:108C68000430FC1FFC1F0000000000000000000092
:108C7800000000000000000000000000E003180EE3
:108C88000C0C0C180C180C180018000C0006C0036B
:108C9800000E00180010003000300C300C300C10A2
:108CA8000C18180CE0030000000000000000000091
:108CB800000000000000000000000000000C000E92
:108CC800000E000F800E800E400E600E200E100E5B
:108CD800100E080E040E040EFE7F000E000E000E8D
:108CE800000E000E000EC07F000000000000000013
:108CF800000000000000000000000000F03FF03F0E
:108D080010001000100008000800C807280C1818E8
:108D1800081000300030003000300C300C300418DF
:108D28000418080CF0030000000000000000000018
:108D3800000000000000000000000000800FC010CC
:108D4800203010301800180008000C008C0F6C1828
:108D58003C301C600C600C600C600C6018601820C3
:108D680030306018C007000000000000000000005C
:108D7800000000000000000000000000F83FF83F7D
:108D88001C100C080408040400040002000200017E
:108D980000010001800080008000C000C000C00009
:108DA800C000C000C000000000000000000000007B
:108DB800000000000000000000000000E007300C88
:108DC80018180C300C300C301C3038187008E007BC
:108DD800B007180E0C1C0638063006300630063070
:108DE8000C18180CE0030000000000000000000050
:108DF800000000000000000000000000E00318046C
:108E08000C080C18061006300630063006300638F6
:108E18000C3C1836F03100300018001800180C0C03
:108E28000C060C03F0010000000000000000000028
:108E3800000000000000000000000000000000002A
:108E4800000000000000000000008001C003C00313
:108E58008001000000000000000000000000800108
:108E6800C003C003800100000000000000000000F3
:108E780000000000000000000000000000000000EA
:108E880000000000000000000000C000C00000005A
:108E980000000000000000000000000000000000CA
:108EA8000000C000C00080008000400040000000BA
:108EB8000000000000000000000000200010000872
:108EC8000004000600038001C000600030001800A4
:108ED8000C00180030006000C0008001000300068C
:108EE800000400080010002000000000000000003E
:108EF800000000000000000000000000000000006A
:108F080000000000000000000000FE7F00000000DC
:108F1800000000000000FE7F0000000000000000CC
:108F28000000000000000000000000000000000039
:108F3800000000000000000000000400080010000D
:108F480020006000C000800100030006000C00182B
:108F580000300018000C000600038001C00060000B
:108F680020001000080004000000000000000000BD
:108F780000000000000000000000C00730180830A2
:108F880008600C601C601C601C600030001C00063F
:108F98000001800080008000800000000000800147
:108FA800C003C003800100000000000000000000B2
:108FB800000000000000000000000000C00760186A
:108FC800103018200C2F8C4D864CC64CC64C664C65
:108FD80066446644662666266615CC1C0C40082046
:108FE80018303018C0070000000000000000000022
:108FF800000000000000000000000001C001C001E6
:10900800C00140016003200320032003300610063E
:1090180010061006F80F080C080C080C0C0C0418A5
:10902800041806181F7C0000000000000000000063
:10903800000000000000000000000000FE07181CEF
:10904800183818301830183018301818180CF80755
:109058001818183018201860186018601860186000
:1090680018301818FE0F0000000000000000000073
:10907800000000000000000000000000C027603869
:10908800103018200C400C400400060006000600B2
:10909800060006000600060006000C400C400C20E6
:1090A80018303018C0070000000000000000000061
:1090B800000000000000000000000000FE03180E81
:1090C80018181830183018301860186018601860B0
:1090D8001860186018601860186018301830181078
:1090E8001818180EFE030000000000000000000021
:1090F800000000000000000000000000FE3F1830E3
:10910800182018601840180018081808180CF80FCC
:10911800180C1808180818001800180018401840EB
:1091280018201830FE3F000000000000000000007A
:10913800000000000000000000000000FE7F187022
:10914800184018C018801800181018101818F81FA0
:10915800181818101810180018001800180018000F
:10916800180018007E000000000000000000000049
:10917800000000000000000000000000C013701C88
:10918800101018100C200C20040006000600060021
:109198000600060006FC063006300C300C3018308D
:1091A80018303008C0070000000000000000000070
:1091B8000000000000000000000000003F7E0C18C6
:1091C8000C180C180C180C180C180C180C180C1877
:1091D800FC1F0C180C180C180C180C180C180C1870
:1091E8000C180C183F7E0000000000000000000072
:1091F800000000000000000000000000F81F8001CF
:10920800800180018001800180018001800180014E
:10921800800180018001800180018001800180013E
:1092280080018001F81F000000000000000000001D
:10923800000000000000000000000000E07F0006C1
:1092480000060006000600060006000600060006E6
:1092580000060006000600060006000600060006D6
:1092680000060006000600060E060E038E01FC002E
:109278000000000000000000000000007E7C1818BC
:109288001808180418061802180198019801D8013E
:10929800B803380318071806180E180C181C1818E5
:1092A800183018307EFC00000000000000000000AC
:1092B8000000000000000000000000007E00180010
:1092C80018001800180018001800180018001800D6
:1092D8001800180018001800180018001840184046
:1092E80018201830FE3F00000000000000000000B9
:1092F8000000000000000000000000001FF81C38FB
:109308001C381C381C3C343434343434343674320D
:109318006432643264326431C431C431C431C4301B
:10932800C43084309FFC00000000000000000000F2
:109338000000000000000000000000001F7C1C105E
:109348003C103410341074106410E410C410C411AC
:1093580084118413041304170416041E041C041C2B
:10936800041C04181F180000000000000000000082
:10937800000000000000000000000000C003300CE6
:10938800181808100C300C3006600660066006607D
:10939800066006600660066006600C200C30081047
:1093A8001818300CC0030000000000000000000086
:1093B800000000000000000000000000FE0F181868
:1093C800183018601860186018601860183018187D
:1093D800F80F1800180018001800180018001800D6
:1093E800180018007E0000000000000000000000C7
:1093F800000000000000000000000000C003300C66
:1094080018180C100C300C20066006600660066008
:1094180006600660066006600660E4612C331C3254
:109428001816300EC007004C007C00380000000001
:10943800000000000000000000000000FE07181CEB
:10944800183818301830183018301818180CF80751
:1094580098031803180718061806180E180C180C85
:10946800181C18187E78000000000000000000009A
:10947800000000000000000000000000E027303875
:1094880018300C200C200C000C0018007800E003A9
:10949800800F001E003800700060046004600860DF
:1094A80018303818C80F0000000000000000000045
:1094B800000000000000000000000000FC3F8C21BC
:1094C80084618241824180018001800180018001A4
:1094D800800180018001800180018001800180017C
:1094E80080018001E007000000000000000000008B
:1094F8000000000000000000000000003F7C0C108D
:109508000C100C100C100C100C100C100C100C1073
:109518000C100C100C100C100C100C100C100C1063
:1095280008083804E0030000000000000000000004
:109538000000000000000000000000003EF81820B5
:1095480018201820301030103010301060086008D3
:109558006008E00CC004C004C004800380038003DA
:10956800800300010001000000000000000000006E
:10957800000000000000000000000000DFF386612A
:10958800862186218C210C218C238C138C138C131F
:109598004C1358125816580E380E380E380E300C18
:1095A8001004100410040000000000000000000077
:1095B8000000000000000000000000007E3E1808C7
:1095C80038083004300470026002E001C001C001B4
:1095D800800180034003400720062006100C100C71
:1095E800081808183E7C0000000000000000000079
:1095F8000000000000000000000000007E7C1C103D
:10960800181018083008300C700460046002C0029A
:10961800C002C001800180018001800180018001B9
:1096280080018001E0070000000000000000000049
:10963800000000000000000000000000F83F1818BB
:109648000818040C040E00060007000380038001BC
:10965800C001C000E0006000700030003820182011
:109668001C100C18FE1F0000000000000000000085
:10967800000000000000C03F4000400040004000E3
:1096880040004000400040004000400040004000D2
:1096980040004000400040004000400040004000C2
:1096A80040004000400040004000C03F0000000073
:1096B800000000000000000000000800180018006A
:1096C800100030002000600060004000C0008000F2
:1096D800800180010001000300020006000600046A
:1096E800000C0008001800180010003000200000CE
:1096F800000000000000FC0300020002000200025B
:109708000002000200020002000200020002000241
:109718000002000200020002000200020002000231
:1097280000020002000200020002FC030000000028
:109738000000000000008007C0062008101000008C
:109748000000000000000000000000000000000011
:109758000000000000000000000000000000000001
:1097680000000000000000000000000000000000F1
:1097780000000000000000000000000000000000E1
:1097880000000000000000000000000000000000D1
:1097980000000000000000000000000000000000C1
:1097A8000000000000000000000000000000FFFFB3
:1097B8000000000000007800C00000010000000068
:1097C8000000000000000000000000000000000091
:1097D8000000000000000000000000000000000081
:1097E8000000000000000000000000000000000071
:1097F8000000000000000000000000000000000061
:1098080000000000000000000000F00318060C0C27
:109818000C0C000C800F700C1C0C0C0C060C060CAD
:10982800064C0C4FF8380000000000000000000053
:109838000000000000000000000010001E001800DA
:1098480018001800180018001800180FD818383019
:109858003860186018601860186018601860182060
:1098680038307818C8070000000000000000000029
:1098780000000000000000000000000000000000E0
:1098880000000000000000000000C007700C18185D
:1098980018180C180C000C000C000C000C201820D8
:1098A80018103008C0070000000000000000000089
:1098B800000000000000000000000010001E00185A
:1098C80000180018001800180018E01B301C1818A1
:1098D80018180C180C180C180C180C180C18081858
:1098E800181C307AE00900000000000000000000A9
:1098F8000000000000000000000000000000000060
:1099080000000000000000000000C007300C18181C
:1099180008100C300C30FC3F0C000C000C00182018
:1099280018107018C00700000000000000000000B8
:10993800000000000000000000000000003E80C39E
:1099480080C0C0C0C000C000C000FC1FC000C00074
:10995800C000C000C000C000C000C000C000C000FF
:10996800C000C000F80F0000000000000000000068
:1099780000000000000000000000000000000000DF
:1099880000000000000000000000C077306C1018D4
:109998001818181818181018300CF00718001800A4
:1099A800F00FF03F08700C600C600C603838E00F66
:1099B8000000000000000000000010001E00180059
:1099C80018001800180018001800980FD818383018
:1099D800183018301830183018301830183018303F
:1099E800183018307EFC0000000000000000000065
:1099F8000000000000000000000000008003800359
:109A080080030000000000000001F80180018001CF
:109A18008001800180018001800180018001800136
:109A280080018001F81F0000000000000000000015
:109A380000000000000000000000000000380038AE
:109A480000380000000000000010801F00180018F7
:109A5800001800180018001800180018001800183E
:109A680000180018001800180018180C1806F00341
:109A78000000000000000000000010001E00180098
:109A880018001800180018001800183E180C1806BE
:109A9800180318019801D801380318071806180C7C
:109AA800181C18187E7C0000000000000000000050
:109AB800000000000000000000000001F801800123
:109AC8008001800180018001800180018001800186
:109AD8008001800180018001800180018001800176
:109AE80080018001F81F0000000000000000000055
:109AF800000000000000000000000000000000005E
:109B080000000000000000000800EE1C9C338C31AF
:109B18008C318C318C318C318C318C318C318C3155
:109B28008C318C31DE7B000000000000000000005A
:109B3800000000000000000000000000000000001D
:109B4800000000000000000010001E0FD818383078
:109B580018301830183018301830183018301830BD
:109B6800183018307EFC00000000000000000000E3
:109B780000000000000000000000000000000000DD
:109B880000000000000000000000C007701C10303A
:109B980018300C600C600C600C600C600C601830A5
:109BA80018303018C0070000000000000000000056
:109BB800000000000000000000000000000000009D
:109BC800000000000000000010009E0F58183830F8
:109BD800182018601860186018601860186018302D
:109BE80038307818980718001800180018007E00F8
:109BF800000000000000000000000000000000005D
:109C080000000000000000000000C023303C1838AD
:109C180018300C300C300C300C300C300C30083054
:109C28001838303CE033003000300030003000FCA1
:109C3800000000000000000000000000000000001C
:109C4800000000000000000060007E3C606660616B
:109C5800E000E000600060006000600060006000FC
:109C680060006000FE070000000000000000000027
:109C780000000000000000000000000000000000DC
:109C880000000000000000000000E0273038183015
:109C9800182018007000E003800F001C0430043006
:109CA8000C301C18EC0F0000000000000000000041
:109CB800000000000000000000000000000000009C
:109CC800800080008000C000E000FC1FC000C000D1
:109CD800C000C000C000C000C000C000C000C0205C
:109CE800C0208011000F00000000000000000000EC
:109CF800000000000000000000000000000000005C
:109D0800000000000000000010201E3C1830183031
:109D180018301830183018301830183018301830FB
:109D2800183830F4E01300000000000000000000C4
:109D3800000000000000000000000000000000001B
:109D4800000000000000000000007E3C1818180801
:109D5800380830043004700260026002E001C0017B
:109D6800C001C000800000000000000000000000EA
:109D780000000000000000000000000000000000DB
:109D880000000000000000000000DFF78E630C23D5
:109D98008C238C239813981358165816700E700E2F
:109DA800700E2004200400000000000000000000E5
:109DB800000000000000000000000000000000009B
:109DC80000000000000000000000FC3E7008700465
:109DD800E004C002C0018003800340076006200C35
:109DE800100C18183E7E0000000000000000000063
:109DF800000000000000000000000000000000005B
:109E0800000000000000000000007E7C1818180800
:109E180030083008300460046004C002C002C00288
:109E28008001800180018000800080004C003C009F
:109E3800000000000000000000000000000000001A
:109E480000000000000000000000FC1F0C0C040EC5
:109E58000406000380038001C000E0007020302069
:109E680038301C18FC1F0000000000000000000033
:109E78000000000000000030000800040004000496
:109E880000040004000400040004000400040002AC
:109E9800800100020004000400040004000400041F
:109EA800000400040004000400040008003000005E
:109EB8000001000100010001000100010001000192
:109EC8000001000100010001000100010001000182
:109ED8000001000100010001000100010001000172
:109EE8000001000100010001000100010001000162
:109EF8000000000000000C001000200020002000DE
:109F08002000200020002000200020002000400029
:109F180080014000200020002000200020002000B8
:109F28002000200020002000200010000C0000006D
:109F380000003800C400864002610022001C0000B6
:109F48000000000000000000000000000000000009
:109F580000000000000000000000000000000000F9
:109F680000000000000000000000000000000000E9
:109F780000000000000000000102030406070809B1
:089F88000000000001020304C7
:089F90007862FF7F0100000070
:049F9800AD0100080F
:049F9C00890100082F
:109FA00000010203FFFF00000024F4001000000085
:049FB00001000000AC
:040000050800366950
:00000001FF
